item_id,item_name,category_id,category_name,item_price_minor,item_available,sku_id,item_code,modifier_group_id,modifier_group_name,group_min,group_max,modifier_id,modifier_name,modifier_price_minor,modifier_available
VNITE2026031705324265913,Bánh Mì Chả Cá Gia Truyền,VNCAT2025120206293579373,BÁNH MÌ,79000,1,,,VNMOG2026063019150372440,ĐỘ CAY,1,1,VNMOD20260630191503012020,Cay,0,1
VNITE2026031705324265913,Bánh Mì Chả Cá Gia Truyền,VNCAT2025120206293579373,BÁNH MÌ,79000,1,,,VNMOG2026063019150372440,ĐỘ CAY,1,1,VNMOD20260630191503020255,Không Cay,0,1
VNITE2026031705324265913,Bánh Mì Chả Cá Gia Truyền,VNCAT2025120206293579373,BÁNH MÌ,79000,1,,,VNMOG2026022017410483937,SỐT KÈM THÊM,0,7,VNMOD20260531193050012723,🖤Sốt Tiêu Đen,30000,1
VNITE2026031705324265913,Bánh Mì Chả Cá Gia Truyền,VNCAT2025120206293579373,BÁNH MÌ,79000,1,,,VNMOG2026022017410483937,SỐT KÈM THÊM,0,7,VNMOD20260515170708010036,🌶️Sốt Ớt Mật Ong,10000,1
VNITE2026031705324265913,Bánh Mì Chả Cá Gia Truyền,VNCAT2025120206293579373,BÁNH MÌ,79000,1,,,VNMOG2026022017410483937,SỐT KÈM THÊM,0,7,VNMOD20260515165657017246,🍯Sốt BBQ,25000,1
VNITE2026031705324265913,Bánh Mì Chả Cá Gia Truyền,VNCAT2025120206293579373,BÁNH MÌ,79000,1,,,VNMOG2026022017410483937,SỐT KÈM THÊM,0,7,VNMOD20260310163342013292,🍄‍🟫Sốt Nấm Truffle,50000,1
VNITE2026031705324265913,Bánh Mì Chả Cá Gia Truyền,VNCAT2025120206293579373,BÁNH MÌ,79000,1,,,VNMOG2026022017410483937,SỐT KÈM THÊM,0,7,VNMOD20260317054657015610,🧡Sốt Đong Đầy,20000,1
VNITE2026031705324265913,Bánh Mì Chả Cá Gia Truyền,VNCAT2025120206293579373,BÁNH MÌ,79000,1,,,VNMOG2026022017410483937,SỐT KÈM THÊM,0,7,VNMOD20260222071411018874,🧀Sốt Phô Mai,20000,1
VNITE2026031705324265913,Bánh Mì Chả Cá Gia Truyền,VNCAT2025120206293579373,BÁNH MÌ,79000,1,,,VNMOG2026022017410483937,SỐT KÈM THÊM,0,7,VNMOD20260220174104019245,🧈Sốt Mayonnaise,10000,1
VNITE2026031705324265913,Bánh Mì Chả Cá Gia Truyền,VNCAT2025120206293579373,BÁNH MÌ,79000,1,,,VNMOG2025120206315275743,TOPPINGS BÁNH MÌ,0,17,VNMOD20260708035207110969,🍂Hành Tím Phi Giòn,10000,1
VNITE2026031705324265913,Bánh Mì Chả Cá Gia Truyền,VNCAT2025120206293579373,BÁNH MÌ,79000,1,,,VNMOG2025120206315275743,TOPPINGS BÁNH MÌ,0,17,VNMOD20260708035207133468,🧄Tỏi Phi Vàng,10000,1
VNITE2026031705324265913,Bánh Mì Chả Cá Gia Truyền,VNCAT2025120206293579373,BÁNH MÌ,79000,1,,,VNMOG2025120206315275743,TOPPINGS BÁNH MÌ,0,17,VNMOD20260623100636010057,💥Tốp Mỡ Nhà Làm,40000,1
VNITE2026031705324265913,Bánh Mì Chả Cá Gia Truyền,VNCAT2025120206293579373,BÁNH MÌ,79000,1,,,VNMOG2025120206315275743,TOPPINGS BÁNH MÌ,0,17,VNMOD20260323171818019408,🥩Thăn Bò Xào Mềm,129000,1
VNITE2026031705324265913,Bánh Mì Chả Cá Gia Truyền,VNCAT2025120206293579373,BÁNH MÌ,79000,1,,,VNMOG2025120206315275743,TOPPINGS BÁNH MÌ,0,17,VNMOD20260314052342011293,🌭Xúc Xích Đức,75000,1
VNITE2026031705324265913,Bánh Mì Chả Cá Gia Truyền,VNCAT2025120206293579373,BÁNH MÌ,79000,1,,,VNMOG2025120206315275743,TOPPINGS BÁNH MÌ,0,17,VNMOD20260323172819019745,🐟Chả Cá Chiên (70g),69000,1
VNITE2026031705324265913,Bánh Mì Chả Cá Gia Truyền,VNCAT2025120206293579373,BÁNH MÌ,79000,1,,,VNMOG2025120206315275743,TOPPINGS BÁNH MÌ,0,17,VNMOD20251202063325045358,🐷Heo Quay (60g),70000,1
VNITE2026031705324265913,Bánh Mì Chả Cá Gia Truyền,VNCAT2025120206293579373,BÁNH MÌ,79000,1,,,VNMOG2025120206315275743,TOPPINGS BÁNH MÌ,0,17,VNMOD20251202063152020680,🤎Xíu Mại Kèm Sốt (3 viên),49000,1
VNITE2026031705324265913,Bánh Mì Chả Cá Gia Truyền,VNCAT2025120206293579373,BÁNH MÌ,79000,1,,,VNMOG2025120206315275743,TOPPINGS BÁNH MÌ,0,17,VNMOD20251202063152031866,🧡Thịt Nướng (3 viên),59000,1
VNITE2026031705324265913,Bánh Mì Chả Cá Gia Truyền,VNCAT2025120206293579373,BÁNH MÌ,79000,1,,,VNMOG2025120206315275743,TOPPINGS BÁNH MÌ,0,17,VNMOD20251202063153056935,🥓Set 5 Loại Chả Truyền Thống,59000,1
VNITE2026031705324265913,Bánh Mì Chả Cá Gia Truyền,VNCAT2025120206293579373,BÁNH MÌ,79000,1,,,VNMOG2025120206315275743,TOPPINGS BÁNH MÌ,0,17,VNMOD20260311134742028297,🍳🍳2 Trứng Ốp La,30000,1
VNITE2026031705324265913,Bánh Mì Chả Cá Gia Truyền,VNCAT2025120206293579373,BÁNH MÌ,79000,1,,,VNMOG2025120206315275743,TOPPINGS BÁNH MÌ,0,17,VNMOD20260311134742018952,🍳1 Trứng Ốp La,20000,1
VNITE2026031705324265913,Bánh Mì Chả Cá Gia Truyền,VNCAT2025120206293579373,BÁNH MÌ,79000,1,,,VNMOG2025120206315275743,TOPPINGS BÁNH MÌ,0,17,VNMOD20251202063325039403,🐤Chà Bông,20000,1
VNITE2026031705324265913,Bánh Mì Chả Cá Gia Truyền,VNCAT2025120206293579373,BÁNH MÌ,79000,1,,,VNMOG2025120206315275743,TOPPINGS BÁNH MÌ,0,17,VNMOD20251202063325027297,🟤Pate,15000,1
VNITE2026031705324265913,Bánh Mì Chả Cá Gia Truyền,VNCAT2025120206293579373,BÁNH MÌ,79000,1,,,VNMOG2025120206315275743,TOPPINGS BÁNH MÌ,0,17,VNMOD20260211031808022029,🧈Bơ,12000,1
VNITE2026031705324265913,Bánh Mì Chả Cá Gia Truyền,VNCAT2025120206293579373,BÁNH MÌ,79000,1,,,VNMOG2025120206315275743,TOPPINGS BÁNH MÌ,0,17,VNMOD20260520093409013402,🥒Túi Rau Thêm,10000,1
VNITE2026031705324265913,Bánh Mì Chả Cá Gia Truyền,VNCAT2025120206293579373,BÁNH MÌ,79000,1,,,VNMOG2025120206315275743,TOPPINGS BÁNH MÌ,0,17,VNMOD20260211031808010090,🥖Bánh Mì Không,8000,1
VNITE2026031705324265913,Bánh Mì Chả Cá Gia Truyền,VNCAT2025120206293579373,BÁNH MÌ,79000,1,,,VNMOG2026070803473211824,COMBO KHĂN ƯỚT & BAO TAY,1,1,VNMOD20260708034732010781,Không. Cám Ơn,0,1
VNITE2026031705324265913,Bánh Mì Chả Cá Gia Truyền,VNCAT2025120206293579373,BÁNH MÌ,79000,1,,,VNMOG2026070803473211824,COMBO KHĂN ƯỚT & BAO TAY,1,1,VNMOD20260708034732023117,🙌Combo Khăn Ướt  + Bao Tay,5000,1
VNITE2026031705324265913,Bánh Mì Chả Cá Gia Truyền,VNCAT2025120206293579373,BÁNH MÌ,79000,1,,,VNMOG2026020119004290347,LƯU Ý (ĐỪNG CHỌN NHÉ),0,1,VNMOD20260201190042016954,Nên dùng trong 2 giờ sau khi nhận,0,1
VNITE2026031705324265913,Bánh Mì Chả Cá Gia Truyền,VNCAT2025120206293579373,BÁNH MÌ,79000,1,,,VNMOG2026020119004290347,LƯU Ý (ĐỪNG CHỌN NHÉ),0,1,VNMOD20260201190042028503,Chất lượng có thể thay đổi nhẹ khi giao,0,1
VNITE20251202062935016692,Bánh Mì Xíu Mại Hầm Cà Chua,VNCAT2025120206293579373,BÁNH MÌ,69000,1,,,VNMOG2026063019150372440,ĐỘ CAY,1,1,VNMOD20260630191503012020,Cay,0,1
VNITE20251202062935016692,Bánh Mì Xíu Mại Hầm Cà Chua,VNCAT2025120206293579373,BÁNH MÌ,69000,1,,,VNMOG2026063019150372440,ĐỘ CAY,1,1,VNMOD20260630191503020255,Không Cay,0,1
VNITE20251202062935016692,Bánh Mì Xíu Mại Hầm Cà Chua,VNCAT2025120206293579373,BÁNH MÌ,69000,1,,,VNMOG2026022017410483937,SỐT KÈM THÊM,0,7,VNMOD20260531193050012723,🖤Sốt Tiêu Đen,30000,1
VNITE20251202062935016692,Bánh Mì Xíu Mại Hầm Cà Chua,VNCAT2025120206293579373,BÁNH MÌ,69000,1,,,VNMOG2026022017410483937,SỐT KÈM THÊM,0,7,VNMOD20260515170708010036,🌶️Sốt Ớt Mật Ong,10000,1
VNITE20251202062935016692,Bánh Mì Xíu Mại Hầm Cà Chua,VNCAT2025120206293579373,BÁNH MÌ,69000,1,,,VNMOG2026022017410483937,SỐT KÈM THÊM,0,7,VNMOD20260515165657017246,🍯Sốt BBQ,25000,1
VNITE20251202062935016692,Bánh Mì Xíu Mại Hầm Cà Chua,VNCAT2025120206293579373,BÁNH MÌ,69000,1,,,VNMOG2026022017410483937,SỐT KÈM THÊM,0,7,VNMOD20260310163342013292,🍄‍🟫Sốt Nấm Truffle,50000,1
VNITE20251202062935016692,Bánh Mì Xíu Mại Hầm Cà Chua,VNCAT2025120206293579373,BÁNH MÌ,69000,1,,,VNMOG2026022017410483937,SỐT KÈM THÊM,0,7,VNMOD20260317054657015610,🧡Sốt Đong Đầy,20000,1
VNITE20251202062935016692,Bánh Mì Xíu Mại Hầm Cà Chua,VNCAT2025120206293579373,BÁNH MÌ,69000,1,,,VNMOG2026022017410483937,SỐT KÈM THÊM,0,7,VNMOD20260222071411018874,🧀Sốt Phô Mai,20000,1
VNITE20251202062935016692,Bánh Mì Xíu Mại Hầm Cà Chua,VNCAT2025120206293579373,BÁNH MÌ,69000,1,,,VNMOG2026022017410483937,SỐT KÈM THÊM,0,7,VNMOD20260220174104019245,🧈Sốt Mayonnaise,10000,1
VNITE20251202062935016692,Bánh Mì Xíu Mại Hầm Cà Chua,VNCAT2025120206293579373,BÁNH MÌ,69000,1,,,VNMOG2025120206315275743,TOPPINGS BÁNH MÌ,0,17,VNMOD20260708035207110969,🍂Hành Tím Phi Giòn,10000,1
VNITE20251202062935016692,Bánh Mì Xíu Mại Hầm Cà Chua,VNCAT2025120206293579373,BÁNH MÌ,69000,1,,,VNMOG2025120206315275743,TOPPINGS BÁNH MÌ,0,17,VNMOD20260708035207133468,🧄Tỏi Phi Vàng,10000,1
VNITE20251202062935016692,Bánh Mì Xíu Mại Hầm Cà Chua,VNCAT2025120206293579373,BÁNH MÌ,69000,1,,,VNMOG2025120206315275743,TOPPINGS BÁNH MÌ,0,17,VNMOD20260623100636010057,💥Tốp Mỡ Nhà Làm,40000,1
VNITE20251202062935016692,Bánh Mì Xíu Mại Hầm Cà Chua,VNCAT2025120206293579373,BÁNH MÌ,69000,1,,,VNMOG2025120206315275743,TOPPINGS BÁNH MÌ,0,17,VNMOD20260323171818019408,🥩Thăn Bò Xào Mềm,129000,1
VNITE20251202062935016692,Bánh Mì Xíu Mại Hầm Cà Chua,VNCAT2025120206293579373,BÁNH MÌ,69000,1,,,VNMOG2025120206315275743,TOPPINGS BÁNH MÌ,0,17,VNMOD20260314052342011293,🌭Xúc Xích Đức,75000,1
VNITE20251202062935016692,Bánh Mì Xíu Mại Hầm Cà Chua,VNCAT2025120206293579373,BÁNH MÌ,69000,1,,,VNMOG2025120206315275743,TOPPINGS BÁNH MÌ,0,17,VNMOD20260323172819019745,🐟Chả Cá Chiên (70g),69000,1
VNITE20251202062935016692,Bánh Mì Xíu Mại Hầm Cà Chua,VNCAT2025120206293579373,BÁNH MÌ,69000,1,,,VNMOG2025120206315275743,TOPPINGS BÁNH MÌ,0,17,VNMOD20251202063325045358,🐷Heo Quay (60g),70000,1
VNITE20251202062935016692,Bánh Mì Xíu Mại Hầm Cà Chua,VNCAT2025120206293579373,BÁNH MÌ,69000,1,,,VNMOG2025120206315275743,TOPPINGS BÁNH MÌ,0,17,VNMOD20251202063152020680,🤎Xíu Mại Kèm Sốt (3 viên),49000,1
VNITE20251202062935016692,Bánh Mì Xíu Mại Hầm Cà Chua,VNCAT2025120206293579373,BÁNH MÌ,69000,1,,,VNMOG2025120206315275743,TOPPINGS BÁNH MÌ,0,17,VNMOD20251202063152031866,🧡Thịt Nướng (3 viên),59000,1
VNITE20251202062935016692,Bánh Mì Xíu Mại Hầm Cà Chua,VNCAT2025120206293579373,BÁNH MÌ,69000,1,,,VNMOG2025120206315275743,TOPPINGS BÁNH MÌ,0,17,VNMOD20251202063153056935,🥓Set 5 Loại Chả Truyền Thống,59000,1
VNITE20251202062935016692,Bánh Mì Xíu Mại Hầm Cà Chua,VNCAT2025120206293579373,BÁNH MÌ,69000,1,,,VNMOG2025120206315275743,TOPPINGS BÁNH MÌ,0,17,VNMOD20260311134742028297,🍳🍳2 Trứng Ốp La,30000,1
VNITE20251202062935016692,Bánh Mì Xíu Mại Hầm Cà Chua,VNCAT2025120206293579373,BÁNH MÌ,69000,1,,,VNMOG2025120206315275743,TOPPINGS BÁNH MÌ,0,17,VNMOD20260311134742018952,🍳1 Trứng Ốp La,20000,1
VNITE20251202062935016692,Bánh Mì Xíu Mại Hầm Cà Chua,VNCAT2025120206293579373,BÁNH MÌ,69000,1,,,VNMOG2025120206315275743,TOPPINGS BÁNH MÌ,0,17,VNMOD20251202063325039403,🐤Chà Bông,20000,1
VNITE20251202062935016692,Bánh Mì Xíu Mại Hầm Cà Chua,VNCAT2025120206293579373,BÁNH MÌ,69000,1,,,VNMOG2025120206315275743,TOPPINGS BÁNH MÌ,0,17,VNMOD20251202063325027297,🟤Pate,15000,1
VNITE20251202062935016692,Bánh Mì Xíu Mại Hầm Cà Chua,VNCAT2025120206293579373,BÁNH MÌ,69000,1,,,VNMOG2025120206315275743,TOPPINGS BÁNH MÌ,0,17,VNMOD20260211031808022029,🧈Bơ,12000,1
VNITE20251202062935016692,Bánh Mì Xíu Mại Hầm Cà Chua,VNCAT2025120206293579373,BÁNH MÌ,69000,1,,,VNMOG2025120206315275743,TOPPINGS BÁNH MÌ,0,17,VNMOD20260520093409013402,🥒Túi Rau Thêm,10000,1
VNITE20251202062935016692,Bánh Mì Xíu Mại Hầm Cà Chua,VNCAT2025120206293579373,BÁNH MÌ,69000,1,,,VNMOG2025120206315275743,TOPPINGS BÁNH MÌ,0,17,VNMOD20260211031808010090,🥖Bánh Mì Không,8000,1
VNITE20251202062935016692,Bánh Mì Xíu Mại Hầm Cà Chua,VNCAT2025120206293579373,BÁNH MÌ,69000,1,,,VNMOG2026070803473211824,COMBO KHĂN ƯỚT & BAO TAY,1,1,VNMOD20260708034732010781,Không. Cám Ơn,0,1
VNITE20251202062935016692,Bánh Mì Xíu Mại Hầm Cà Chua,VNCAT2025120206293579373,BÁNH MÌ,69000,1,,,VNMOG2026070803473211824,COMBO KHĂN ƯỚT & BAO TAY,1,1,VNMOD20260708034732023117,🙌Combo Khăn Ướt  + Bao Tay,5000,1
VNITE20251202062935016692,Bánh Mì Xíu Mại Hầm Cà Chua,VNCAT2025120206293579373,BÁNH MÌ,69000,1,,,VNMOG2026020119004290347,LƯU Ý (ĐỪNG CHỌN NHÉ),0,1,VNMOD20260201190042016954,Nên dùng trong 2 giờ sau khi nhận,0,1
VNITE20251202062935016692,Bánh Mì Xíu Mại Hầm Cà Chua,VNCAT2025120206293579373,BÁNH MÌ,69000,1,,,VNMOG2026020119004290347,LƯU Ý (ĐỪNG CHỌN NHÉ),0,1,VNMOD20260201190042028503,Chất lượng có thể thay đổi nhẹ khi giao,0,1
VNITE20251202062935066077,Bánh Mì Thịt Nướng,VNCAT2025120206293579373,BÁNH MÌ,69000,1,,,VNMOG2026063019150372440,ĐỘ CAY,1,1,VNMOD20260630191503012020,Cay,0,1
VNITE20251202062935066077,Bánh Mì Thịt Nướng,VNCAT2025120206293579373,BÁNH MÌ,69000,1,,,VNMOG2026063019150372440,ĐỘ CAY,1,1,VNMOD20260630191503020255,Không Cay,0,1
VNITE20251202062935066077,Bánh Mì Thịt Nướng,VNCAT2025120206293579373,BÁNH MÌ,69000,1,,,VNMOG2026022017410483937,SỐT KÈM THÊM,0,7,VNMOD20260531193050012723,🖤Sốt Tiêu Đen,30000,1
VNITE20251202062935066077,Bánh Mì Thịt Nướng,VNCAT2025120206293579373,BÁNH MÌ,69000,1,,,VNMOG2026022017410483937,SỐT KÈM THÊM,0,7,VNMOD20260515170708010036,🌶️Sốt Ớt Mật Ong,10000,1
VNITE20251202062935066077,Bánh Mì Thịt Nướng,VNCAT2025120206293579373,BÁNH MÌ,69000,1,,,VNMOG2026022017410483937,SỐT KÈM THÊM,0,7,VNMOD20260515165657017246,🍯Sốt BBQ,25000,1
VNITE20251202062935066077,Bánh Mì Thịt Nướng,VNCAT2025120206293579373,BÁNH MÌ,69000,1,,,VNMOG2026022017410483937,SỐT KÈM THÊM,0,7,VNMOD20260310163342013292,🍄‍🟫Sốt Nấm Truffle,50000,1
VNITE20251202062935066077,Bánh Mì Thịt Nướng,VNCAT2025120206293579373,BÁNH MÌ,69000,1,,,VNMOG2026022017410483937,SỐT KÈM THÊM,0,7,VNMOD20260317054657015610,🧡Sốt Đong Đầy,20000,1
VNITE20251202062935066077,Bánh Mì Thịt Nướng,VNCAT2025120206293579373,BÁNH MÌ,69000,1,,,VNMOG2026022017410483937,SỐT KÈM THÊM,0,7,VNMOD20260222071411018874,🧀Sốt Phô Mai,20000,1
VNITE20251202062935066077,Bánh Mì Thịt Nướng,VNCAT2025120206293579373,BÁNH MÌ,69000,1,,,VNMOG2026022017410483937,SỐT KÈM THÊM,0,7,VNMOD20260220174104019245,🧈Sốt Mayonnaise,10000,1
VNITE20251202062935066077,Bánh Mì Thịt Nướng,VNCAT2025120206293579373,BÁNH MÌ,69000,1,,,VNMOG2025120206315275743,TOPPINGS BÁNH MÌ,0,17,VNMOD20260708035207110969,🍂Hành Tím Phi Giòn,10000,1
VNITE20251202062935066077,Bánh Mì Thịt Nướng,VNCAT2025120206293579373,BÁNH MÌ,69000,1,,,VNMOG2025120206315275743,TOPPINGS BÁNH MÌ,0,17,VNMOD20260708035207133468,🧄Tỏi Phi Vàng,10000,1
VNITE20251202062935066077,Bánh Mì Thịt Nướng,VNCAT2025120206293579373,BÁNH MÌ,69000,1,,,VNMOG2025120206315275743,TOPPINGS BÁNH MÌ,0,17,VNMOD20260623100636010057,💥Tốp Mỡ Nhà Làm,40000,1
VNITE20251202062935066077,Bánh Mì Thịt Nướng,VNCAT2025120206293579373,BÁNH MÌ,69000,1,,,VNMOG2025120206315275743,TOPPINGS BÁNH MÌ,0,17,VNMOD20260323171818019408,🥩Thăn Bò Xào Mềm,129000,1
VNITE20251202062935066077,Bánh Mì Thịt Nướng,VNCAT2025120206293579373,BÁNH MÌ,69000,1,,,VNMOG2025120206315275743,TOPPINGS BÁNH MÌ,0,17,VNMOD20260314052342011293,🌭Xúc Xích Đức,75000,1
VNITE20251202062935066077,Bánh Mì Thịt Nướng,VNCAT2025120206293579373,BÁNH MÌ,69000,1,,,VNMOG2025120206315275743,TOPPINGS BÁNH MÌ,0,17,VNMOD20260323172819019745,🐟Chả Cá Chiên (70g),69000,1
VNITE20251202062935066077,Bánh Mì Thịt Nướng,VNCAT2025120206293579373,BÁNH MÌ,69000,1,,,VNMOG2025120206315275743,TOPPINGS BÁNH MÌ,0,17,VNMOD20251202063325045358,🐷Heo Quay (60g),70000,1
VNITE20251202062935066077,Bánh Mì Thịt Nướng,VNCAT2025120206293579373,BÁNH MÌ,69000,1,,,VNMOG2025120206315275743,TOPPINGS BÁNH MÌ,0,17,VNMOD20251202063152020680,🤎Xíu Mại Kèm Sốt (3 viên),49000,1
VNITE20251202062935066077,Bánh Mì Thịt Nướng,VNCAT2025120206293579373,BÁNH MÌ,69000,1,,,VNMOG2025120206315275743,TOPPINGS BÁNH MÌ,0,17,VNMOD20251202063152031866,🧡Thịt Nướng (3 viên),59000,1
VNITE20251202062935066077,Bánh Mì Thịt Nướng,VNCAT2025120206293579373,BÁNH MÌ,69000,1,,,VNMOG2025120206315275743,TOPPINGS BÁNH MÌ,0,17,VNMOD20251202063153056935,🥓Set 5 Loại Chả Truyền Thống,59000,1
VNITE20251202062935066077,Bánh Mì Thịt Nướng,VNCAT2025120206293579373,BÁNH MÌ,69000,1,,,VNMOG2025120206315275743,TOPPINGS BÁNH MÌ,0,17,VNMOD20260311134742028297,🍳🍳2 Trứng Ốp La,30000,1
VNITE20251202062935066077,Bánh Mì Thịt Nướng,VNCAT2025120206293579373,BÁNH MÌ,69000,1,,,VNMOG2025120206315275743,TOPPINGS BÁNH MÌ,0,17,VNMOD20260311134742018952,🍳1 Trứng Ốp La,20000,1
VNITE20251202062935066077,Bánh Mì Thịt Nướng,VNCAT2025120206293579373,BÁNH MÌ,69000,1,,,VNMOG2025120206315275743,TOPPINGS BÁNH MÌ,0,17,VNMOD20251202063325039403,🐤Chà Bông,20000,1
VNITE20251202062935066077,Bánh Mì Thịt Nướng,VNCAT2025120206293579373,BÁNH MÌ,69000,1,,,VNMOG2025120206315275743,TOPPINGS BÁNH MÌ,0,17,VNMOD20251202063325027297,🟤Pate,15000,1
VNITE20251202062935066077,Bánh Mì Thịt Nướng,VNCAT2025120206293579373,BÁNH MÌ,69000,1,,,VNMOG2025120206315275743,TOPPINGS BÁNH MÌ,0,17,VNMOD20260211031808022029,🧈Bơ,12000,1
VNITE20251202062935066077,Bánh Mì Thịt Nướng,VNCAT2025120206293579373,BÁNH MÌ,69000,1,,,VNMOG2025120206315275743,TOPPINGS BÁNH MÌ,0,17,VNMOD20260520093409013402,🥒Túi Rau Thêm,10000,1
VNITE20251202062935066077,Bánh Mì Thịt Nướng,VNCAT2025120206293579373,BÁNH MÌ,69000,1,,,VNMOG2025120206315275743,TOPPINGS BÁNH MÌ,0,17,VNMOD20260211031808010090,🥖Bánh Mì Không,8000,1
VNITE20251202062935066077,Bánh Mì Thịt Nướng,VNCAT2025120206293579373,BÁNH MÌ,69000,1,,,VNMOG2026070803473211824,COMBO KHĂN ƯỚT & BAO TAY,1,1,VNMOD20260708034732010781,Không. Cám Ơn,0,1
VNITE20251202062935066077,Bánh Mì Thịt Nướng,VNCAT2025120206293579373,BÁNH MÌ,69000,1,,,VNMOG2026070803473211824,COMBO KHĂN ƯỚT & BAO TAY,1,1,VNMOD20260708034732023117,🙌Combo Khăn Ướt  + Bao Tay,5000,1
VNITE20251202062935066077,Bánh Mì Thịt Nướng,VNCAT2025120206293579373,BÁNH MÌ,69000,1,,,VNMOG2026020119004290347,LƯU Ý (ĐỪNG CHỌN NHÉ),0,1,VNMOD20260201190042016954,Nên dùng trong 2 giờ sau khi nhận,0,1
VNITE20251202062935066077,Bánh Mì Thịt Nướng,VNCAT2025120206293579373,BÁNH MÌ,69000,1,,,VNMOG2026020119004290347,LƯU Ý (ĐỪNG CHỌN NHÉ),0,1,VNMOD20260201190042028503,Chất lượng có thể thay đổi nhẹ khi giao,0,1
VNITE20251202062935020794,Bánh Mì Thịt Truyền Thống,VNCAT2025120206293579373,BÁNH MÌ,135000,1,,,VNMOG2026073119444407573,ĐỘ MẶN,1,1,VNMOD20260731194444016524,Dùng nước tương,0,1
VNITE20251202062935020794,Bánh Mì Thịt Truyền Thống,VNCAT2025120206293579373,BÁNH MÌ,135000,1,,,VNMOG2026073119444407573,ĐỘ MẶN,1,1,VNMOD20260731194444021008,Không dùng nước tương,0,1
VNITE20251202062935020794,Bánh Mì Thịt Truyền Thống,VNCAT2025120206293579373,BÁNH MÌ,135000,1,,,VNMOG2026063019150372440,ĐỘ CAY,1,1,VNMOD20260630191503012020,Cay,0,1
VNITE20251202062935020794,Bánh Mì Thịt Truyền Thống,VNCAT2025120206293579373,BÁNH MÌ,135000,1,,,VNMOG2026063019150372440,ĐỘ CAY,1,1,VNMOD20260630191503020255,Không Cay,0,1
VNITE20251202062935020794,Bánh Mì Thịt Truyền Thống,VNCAT2025120206293579373,BÁNH MÌ,135000,1,,,VNMOG2026070219381973025,SIZE BÁNH MÌ TRUYỀN THỐNG,1,1,VNMOD20260702193819019320,Truyền Thống Size M,0,1
VNITE20251202062935020794,Bánh Mì Thịt Truyền Thống,VNCAT2025120206293579373,BÁNH MÌ,135000,1,,,VNMOG2026070219381973025,SIZE BÁNH MÌ TRUYỀN THỐNG,1,1,VNMOD20260702193819021570,Truyền Thống Size L,60000,1
VNITE20251202062935020794,Bánh Mì Thịt Truyền Thống,VNCAT2025120206293579373,BÁNH MÌ,135000,1,,,VNMOG2026070219381973025,SIZE BÁNH MÌ TRUYỀN THỐNG,1,1,VNMOD20260702193819036456,Truyền Thống Size XL,120000,1
VNITE20251202062935020794,Bánh Mì Thịt Truyền Thống,VNCAT2025120206293579373,BÁNH MÌ,135000,1,,,VNMOG2026022017410483937,SỐT KÈM THÊM,0,7,VNMOD20260531193050012723,🖤Sốt Tiêu Đen,30000,1
VNITE20251202062935020794,Bánh Mì Thịt Truyền Thống,VNCAT2025120206293579373,BÁNH MÌ,135000,1,,,VNMOG2026022017410483937,SỐT KÈM THÊM,0,7,VNMOD20260515170708010036,🌶️Sốt Ớt Mật Ong,10000,1
VNITE20251202062935020794,Bánh Mì Thịt Truyền Thống,VNCAT2025120206293579373,BÁNH MÌ,135000,1,,,VNMOG2026022017410483937,SỐT KÈM THÊM,0,7,VNMOD20260515165657017246,🍯Sốt BBQ,25000,1
VNITE20251202062935020794,Bánh Mì Thịt Truyền Thống,VNCAT2025120206293579373,BÁNH MÌ,135000,1,,,VNMOG2026022017410483937,SỐT KÈM THÊM,0,7,VNMOD20260310163342013292,🍄‍🟫Sốt Nấm Truffle,50000,1
VNITE20251202062935020794,Bánh Mì Thịt Truyền Thống,VNCAT2025120206293579373,BÁNH MÌ,135000,1,,,VNMOG2026022017410483937,SỐT KÈM THÊM,0,7,VNMOD20260317054657015610,🧡Sốt Đong Đầy,20000,1
VNITE20251202062935020794,Bánh Mì Thịt Truyền Thống,VNCAT2025120206293579373,BÁNH MÌ,135000,1,,,VNMOG2026022017410483937,SỐT KÈM THÊM,0,7,VNMOD20260222071411018874,🧀Sốt Phô Mai,20000,1
VNITE20251202062935020794,Bánh Mì Thịt Truyền Thống,VNCAT2025120206293579373,BÁNH MÌ,135000,1,,,VNMOG2026022017410483937,SỐT KÈM THÊM,0,7,VNMOD20260220174104019245,🧈Sốt Mayonnaise,10000,1
VNITE20251202062935020794,Bánh Mì Thịt Truyền Thống,VNCAT2025120206293579373,BÁNH MÌ,135000,1,,,VNMOG2025120206315275743,TOPPINGS BÁNH MÌ,0,17,VNMOD20260708035207110969,🍂Hành Tím Phi Giòn,10000,1
VNITE20251202062935020794,Bánh Mì Thịt Truyền Thống,VNCAT2025120206293579373,BÁNH MÌ,135000,1,,,VNMOG2025120206315275743,TOPPINGS BÁNH MÌ,0,17,VNMOD20260708035207133468,🧄Tỏi Phi Vàng,10000,1
VNITE20251202062935020794,Bánh Mì Thịt Truyền Thống,VNCAT2025120206293579373,BÁNH MÌ,135000,1,,,VNMOG2025120206315275743,TOPPINGS BÁNH MÌ,0,17,VNMOD20260623100636010057,💥Tốp Mỡ Nhà Làm,40000,1
VNITE20251202062935020794,Bánh Mì Thịt Truyền Thống,VNCAT2025120206293579373,BÁNH MÌ,135000,1,,,VNMOG2025120206315275743,TOPPINGS BÁNH MÌ,0,17,VNMOD20260323171818019408,🥩Thăn Bò Xào Mềm,129000,1
VNITE20251202062935020794,Bánh Mì Thịt Truyền Thống,VNCAT2025120206293579373,BÁNH MÌ,135000,1,,,VNMOG2025120206315275743,TOPPINGS BÁNH MÌ,0,17,VNMOD20260314052342011293,🌭Xúc Xích Đức,75000,1
VNITE20251202062935020794,Bánh Mì Thịt Truyền Thống,VNCAT2025120206293579373,BÁNH MÌ,135000,1,,,VNMOG2025120206315275743,TOPPINGS BÁNH MÌ,0,17,VNMOD20260323172819019745,🐟Chả Cá Chiên (70g),69000,1
VNITE20251202062935020794,Bánh Mì Thịt Truyền Thống,VNCAT2025120206293579373,BÁNH MÌ,135000,1,,,VNMOG2025120206315275743,TOPPINGS BÁNH MÌ,0,17,VNMOD20251202063325045358,🐷Heo Quay (60g),70000,1
VNITE20251202062935020794,Bánh Mì Thịt Truyền Thống,VNCAT2025120206293579373,BÁNH MÌ,135000,1,,,VNMOG2025120206315275743,TOPPINGS BÁNH MÌ,0,17,VNMOD20251202063152020680,🤎Xíu Mại Kèm Sốt (3 viên),49000,1
VNITE20251202062935020794,Bánh Mì Thịt Truyền Thống,VNCAT2025120206293579373,BÁNH MÌ,135000,1,,,VNMOG2025120206315275743,TOPPINGS BÁNH MÌ,0,17,VNMOD20251202063152031866,🧡Thịt Nướng (3 viên),59000,1
VNITE20251202062935020794,Bánh Mì Thịt Truyền Thống,VNCAT2025120206293579373,BÁNH MÌ,135000,1,,,VNMOG2025120206315275743,TOPPINGS BÁNH MÌ,0,17,VNMOD20251202063153056935,🥓Set 5 Loại Chả Truyền Thống,59000,1
VNITE20251202062935020794,Bánh Mì Thịt Truyền Thống,VNCAT2025120206293579373,BÁNH MÌ,135000,1,,,VNMOG2025120206315275743,TOPPINGS BÁNH MÌ,0,17,VNMOD20260311134742028297,🍳🍳2 Trứng Ốp La,30000,1
VNITE20251202062935020794,Bánh Mì Thịt Truyền Thống,VNCAT2025120206293579373,BÁNH MÌ,135000,1,,,VNMOG2025120206315275743,TOPPINGS BÁNH MÌ,0,17,VNMOD20260311134742018952,🍳1 Trứng Ốp La,20000,1
VNITE20251202062935020794,Bánh Mì Thịt Truyền Thống,VNCAT2025120206293579373,BÁNH MÌ,135000,1,,,VNMOG2025120206315275743,TOPPINGS BÁNH MÌ,0,17,VNMOD20251202063325039403,🐤Chà Bông,20000,1
VNITE20251202062935020794,Bánh Mì Thịt Truyền Thống,VNCAT2025120206293579373,BÁNH MÌ,135000,1,,,VNMOG2025120206315275743,TOPPINGS BÁNH MÌ,0,17,VNMOD20251202063325027297,🟤Pate,15000,1
VNITE20251202062935020794,Bánh Mì Thịt Truyền Thống,VNCAT2025120206293579373,BÁNH MÌ,135000,1,,,VNMOG2025120206315275743,TOPPINGS BÁNH MÌ,0,17,VNMOD20260211031808022029,🧈Bơ,12000,1
VNITE20251202062935020794,Bánh Mì Thịt Truyền Thống,VNCAT2025120206293579373,BÁNH MÌ,135000,1,,,VNMOG2025120206315275743,TOPPINGS BÁNH MÌ,0,17,VNMOD20260520093409013402,🥒Túi Rau Thêm,10000,1
VNITE20251202062935020794,Bánh Mì Thịt Truyền Thống,VNCAT2025120206293579373,BÁNH MÌ,135000,1,,,VNMOG2025120206315275743,TOPPINGS BÁNH MÌ,0,17,VNMOD20260211031808010090,🥖Bánh Mì Không,8000,1
VNITE20251202062935020794,Bánh Mì Thịt Truyền Thống,VNCAT2025120206293579373,BÁNH MÌ,135000,1,,,VNMOG2026070803473211824,COMBO KHĂN ƯỚT & BAO TAY,1,1,VNMOD20260708034732010781,Không. Cám Ơn,0,1
VNITE20251202062935020794,Bánh Mì Thịt Truyền Thống,VNCAT2025120206293579373,BÁNH MÌ,135000,1,,,VNMOG2026070803473211824,COMBO KHĂN ƯỚT & BAO TAY,1,1,VNMOD20260708034732023117,🙌Combo Khăn Ướt  + Bao Tay,5000,1
VNITE20251202062935020794,Bánh Mì Thịt Truyền Thống,VNCAT2025120206293579373,BÁNH MÌ,135000,1,,,VNMOG2026020119004290347,LƯU Ý (ĐỪNG CHỌN NHÉ),0,1,VNMOD20260201190042016954,Nên dùng trong 2 giờ sau khi nhận,0,1
VNITE20251202062935020794,Bánh Mì Thịt Truyền Thống,VNCAT2025120206293579373,BÁNH MÌ,135000,1,,,VNMOG2026020119004290347,LƯU Ý (ĐỪNG CHỌN NHÉ),0,1,VNMOD20260201190042028503,Chất lượng có thể thay đổi nhẹ khi giao,0,1
VNITE2026010313490293694,Bánh Mì Trứng Organic Từ Nông Trại,VNCAT2025120206293579373,BÁNH MÌ,59000,1,,,VNMOG2026063019150372440,ĐỘ CAY,1,1,VNMOD20260630191503012020,Cay,0,1
VNITE2026010313490293694,Bánh Mì Trứng Organic Từ Nông Trại,VNCAT2025120206293579373,BÁNH MÌ,59000,1,,,VNMOG2026063019150372440,ĐỘ CAY,1,1,VNMOD20260630191503020255,Không Cay,0,1
VNITE2026010313490293694,Bánh Mì Trứng Organic Từ Nông Trại,VNCAT2025120206293579373,BÁNH MÌ,59000,1,,,VNMOG2026022017410483937,SỐT KÈM THÊM,0,7,VNMOD20260531193050012723,🖤Sốt Tiêu Đen,30000,1
VNITE2026010313490293694,Bánh Mì Trứng Organic Từ Nông Trại,VNCAT2025120206293579373,BÁNH MÌ,59000,1,,,VNMOG2026022017410483937,SỐT KÈM THÊM,0,7,VNMOD20260515170708010036,🌶️Sốt Ớt Mật Ong,10000,1
VNITE2026010313490293694,Bánh Mì Trứng Organic Từ Nông Trại,VNCAT2025120206293579373,BÁNH MÌ,59000,1,,,VNMOG2026022017410483937,SỐT KÈM THÊM,0,7,VNMOD20260515165657017246,🍯Sốt BBQ,25000,1
VNITE2026010313490293694,Bánh Mì Trứng Organic Từ Nông Trại,VNCAT2025120206293579373,BÁNH MÌ,59000,1,,,VNMOG2026022017410483937,SỐT KÈM THÊM,0,7,VNMOD20260310163342013292,🍄‍🟫Sốt Nấm Truffle,50000,1
VNITE2026010313490293694,Bánh Mì Trứng Organic Từ Nông Trại,VNCAT2025120206293579373,BÁNH MÌ,59000,1,,,VNMOG2026022017410483937,SỐT KÈM THÊM,0,7,VNMOD20260317054657015610,🧡Sốt Đong Đầy,20000,1
VNITE2026010313490293694,Bánh Mì Trứng Organic Từ Nông Trại,VNCAT2025120206293579373,BÁNH MÌ,59000,1,,,VNMOG2026022017410483937,SỐT KÈM THÊM,0,7,VNMOD20260222071411018874,🧀Sốt Phô Mai,20000,1
VNITE2026010313490293694,Bánh Mì Trứng Organic Từ Nông Trại,VNCAT2025120206293579373,BÁNH MÌ,59000,1,,,VNMOG2026022017410483937,SỐT KÈM THÊM,0,7,VNMOD20260220174104019245,🧈Sốt Mayonnaise,10000,1
VNITE2026010313490293694,Bánh Mì Trứng Organic Từ Nông Trại,VNCAT2025120206293579373,BÁNH MÌ,59000,1,,,VNMOG2025120206315275743,TOPPINGS BÁNH MÌ,0,17,VNMOD20260708035207110969,🍂Hành Tím Phi Giòn,10000,1
VNITE2026010313490293694,Bánh Mì Trứng Organic Từ Nông Trại,VNCAT2025120206293579373,BÁNH MÌ,59000,1,,,VNMOG2025120206315275743,TOPPINGS BÁNH MÌ,0,17,VNMOD20260708035207133468,🧄Tỏi Phi Vàng,10000,1
VNITE2026010313490293694,Bánh Mì Trứng Organic Từ Nông Trại,VNCAT2025120206293579373,BÁNH MÌ,59000,1,,,VNMOG2025120206315275743,TOPPINGS BÁNH MÌ,0,17,VNMOD20260623100636010057,💥Tốp Mỡ Nhà Làm,40000,1
VNITE2026010313490293694,Bánh Mì Trứng Organic Từ Nông Trại,VNCAT2025120206293579373,BÁNH MÌ,59000,1,,,VNMOG2025120206315275743,TOPPINGS BÁNH MÌ,0,17,VNMOD20260323171818019408,🥩Thăn Bò Xào Mềm,129000,1
VNITE2026010313490293694,Bánh Mì Trứng Organic Từ Nông Trại,VNCAT2025120206293579373,BÁNH MÌ,59000,1,,,VNMOG2025120206315275743,TOPPINGS BÁNH MÌ,0,17,VNMOD20260314052342011293,🌭Xúc Xích Đức,75000,1
VNITE2026010313490293694,Bánh Mì Trứng Organic Từ Nông Trại,VNCAT2025120206293579373,BÁNH MÌ,59000,1,,,VNMOG2025120206315275743,TOPPINGS BÁNH MÌ,0,17,VNMOD20260323172819019745,🐟Chả Cá Chiên (70g),69000,1
VNITE2026010313490293694,Bánh Mì Trứng Organic Từ Nông Trại,VNCAT2025120206293579373,BÁNH MÌ,59000,1,,,VNMOG2025120206315275743,TOPPINGS BÁNH MÌ,0,17,VNMOD20251202063325045358,🐷Heo Quay (60g),70000,1
VNITE2026010313490293694,Bánh Mì Trứng Organic Từ Nông Trại,VNCAT2025120206293579373,BÁNH MÌ,59000,1,,,VNMOG2025120206315275743,TOPPINGS BÁNH MÌ,0,17,VNMOD20251202063152020680,🤎Xíu Mại Kèm Sốt (3 viên),49000,1
VNITE2026010313490293694,Bánh Mì Trứng Organic Từ Nông Trại,VNCAT2025120206293579373,BÁNH MÌ,59000,1,,,VNMOG2025120206315275743,TOPPINGS BÁNH MÌ,0,17,VNMOD20251202063152031866,🧡Thịt Nướng (3 viên),59000,1
VNITE2026010313490293694,Bánh Mì Trứng Organic Từ Nông Trại,VNCAT2025120206293579373,BÁNH MÌ,59000,1,,,VNMOG2025120206315275743,TOPPINGS BÁNH MÌ,0,17,VNMOD20251202063153056935,🥓Set 5 Loại Chả Truyền Thống,59000,1
VNITE2026010313490293694,Bánh Mì Trứng Organic Từ Nông Trại,VNCAT2025120206293579373,BÁNH MÌ,59000,1,,,VNMOG2025120206315275743,TOPPINGS BÁNH MÌ,0,17,VNMOD20260311134742028297,🍳🍳2 Trứng Ốp La,30000,1
VNITE2026010313490293694,Bánh Mì Trứng Organic Từ Nông Trại,VNCAT2025120206293579373,BÁNH MÌ,59000,1,,,VNMOG2025120206315275743,TOPPINGS BÁNH MÌ,0,17,VNMOD20260311134742018952,🍳1 Trứng Ốp La,20000,1
VNITE2026010313490293694,Bánh Mì Trứng Organic Từ Nông Trại,VNCAT2025120206293579373,BÁNH MÌ,59000,1,,,VNMOG2025120206315275743,TOPPINGS BÁNH MÌ,0,17,VNMOD20251202063325039403,🐤Chà Bông,20000,1
VNITE2026010313490293694,Bánh Mì Trứng Organic Từ Nông Trại,VNCAT2025120206293579373,BÁNH MÌ,59000,1,,,VNMOG2025120206315275743,TOPPINGS BÁNH MÌ,0,17,VNMOD20251202063325027297,🟤Pate,15000,1
VNITE2026010313490293694,Bánh Mì Trứng Organic Từ Nông Trại,VNCAT2025120206293579373,BÁNH MÌ,59000,1,,,VNMOG2025120206315275743,TOPPINGS BÁNH MÌ,0,17,VNMOD20260211031808022029,🧈Bơ,12000,1
VNITE2026010313490293694,Bánh Mì Trứng Organic Từ Nông Trại,VNCAT2025120206293579373,BÁNH MÌ,59000,1,,,VNMOG2025120206315275743,TOPPINGS BÁNH MÌ,0,17,VNMOD20260520093409013402,🥒Túi Rau Thêm,10000,1
VNITE2026010313490293694,Bánh Mì Trứng Organic Từ Nông Trại,VNCAT2025120206293579373,BÁNH MÌ,59000,1,,,VNMOG2025120206315275743,TOPPINGS BÁNH MÌ,0,17,VNMOD20260211031808010090,🥖Bánh Mì Không,8000,1
VNITE2026010313490293694,Bánh Mì Trứng Organic Từ Nông Trại,VNCAT2025120206293579373,BÁNH MÌ,59000,1,,,VNMOG2026070803473211824,COMBO KHĂN ƯỚT & BAO TAY,1,1,VNMOD20260708034732010781,Không. Cám Ơn,0,1
VNITE2026010313490293694,Bánh Mì Trứng Organic Từ Nông Trại,VNCAT2025120206293579373,BÁNH MÌ,59000,1,,,VNMOG2026070803473211824,COMBO KHĂN ƯỚT & BAO TAY,1,1,VNMOD20260708034732023117,🙌Combo Khăn Ướt  + Bao Tay,5000,1
VNITE2026010313490293694,Bánh Mì Trứng Organic Từ Nông Trại,VNCAT2025120206293579373,BÁNH MÌ,59000,1,,,VNMOG2026020119004290347,LƯU Ý (ĐỪNG CHỌN NHÉ),0,1,VNMOD20260201190042016954,Nên dùng trong 2 giờ sau khi nhận,0,1
VNITE2026010313490293694,Bánh Mì Trứng Organic Từ Nông Trại,VNCAT2025120206293579373,BÁNH MÌ,59000,1,,,VNMOG2026020119004290347,LƯU Ý (ĐỪNG CHỌN NHÉ),0,1,VNMOD20260201190042028503,Chất lượng có thể thay đổi nhẹ khi giao,0,1
VNITE20251202062935041258,Bánh Mì Heo Quay,VNCAT2025120206293579373,BÁNH MÌ,75000,1,,,VNMOG2026063019150372440,ĐỘ CAY,1,1,VNMOD20260630191503012020,Cay,0,1
VNITE20251202062935041258,Bánh Mì Heo Quay,VNCAT2025120206293579373,BÁNH MÌ,75000,1,,,VNMOG2026063019150372440,ĐỘ CAY,1,1,VNMOD20260630191503020255,Không Cay,0,1
VNITE20251202062935041258,Bánh Mì Heo Quay,VNCAT2025120206293579373,BÁNH MÌ,75000,1,,,VNMOG2026063019362749634,SIZE BÁNH MÌ HEO QUAY,1,1,VNMOD20260630193627017908,Bánh Mì Heo Quay M (60g),0,1
VNITE20251202062935041258,Bánh Mì Heo Quay,VNCAT2025120206293579373,BÁNH MÌ,75000,1,,,VNMOG2026063019362749634,SIZE BÁNH MÌ HEO QUAY,1,1,VNMOD20260630193627020503,Bánh Mì Heo Quay L (120g),70000,1
VNITE20251202062935041258,Bánh Mì Heo Quay,VNCAT2025120206293579373,BÁNH MÌ,75000,1,,,VNMOG2026063019362749634,SIZE BÁNH MÌ HEO QUAY,1,1,VNMOD20260630193627031634,Bánh Mì Heo Quay XL (180g),140000,1
VNITE20251202062935041258,Bánh Mì Heo Quay,VNCAT2025120206293579373,BÁNH MÌ,75000,1,,,VNMOG2026022017410483937,SỐT KÈM THÊM,0,7,VNMOD20260531193050012723,🖤Sốt Tiêu Đen,30000,1
VNITE20251202062935041258,Bánh Mì Heo Quay,VNCAT2025120206293579373,BÁNH MÌ,75000,1,,,VNMOG2026022017410483937,SỐT KÈM THÊM,0,7,VNMOD20260515170708010036,🌶️Sốt Ớt Mật Ong,10000,1
VNITE20251202062935041258,Bánh Mì Heo Quay,VNCAT2025120206293579373,BÁNH MÌ,75000,1,,,VNMOG2026022017410483937,SỐT KÈM THÊM,0,7,VNMOD20260515165657017246,🍯Sốt BBQ,25000,1
VNITE20251202062935041258,Bánh Mì Heo Quay,VNCAT2025120206293579373,BÁNH MÌ,75000,1,,,VNMOG2026022017410483937,SỐT KÈM THÊM,0,7,VNMOD20260310163342013292,🍄‍🟫Sốt Nấm Truffle,50000,1
VNITE20251202062935041258,Bánh Mì Heo Quay,VNCAT2025120206293579373,BÁNH MÌ,75000,1,,,VNMOG2026022017410483937,SỐT KÈM THÊM,0,7,VNMOD20260317054657015610,🧡Sốt Đong Đầy,20000,1
VNITE20251202062935041258,Bánh Mì Heo Quay,VNCAT2025120206293579373,BÁNH MÌ,75000,1,,,VNMOG2026022017410483937,SỐT KÈM THÊM,0,7,VNMOD20260222071411018874,🧀Sốt Phô Mai,20000,1
VNITE20251202062935041258,Bánh Mì Heo Quay,VNCAT2025120206293579373,BÁNH MÌ,75000,1,,,VNMOG2026022017410483937,SỐT KÈM THÊM,0,7,VNMOD20260220174104019245,🧈Sốt Mayonnaise,10000,1
VNITE20251202062935041258,Bánh Mì Heo Quay,VNCAT2025120206293579373,BÁNH MÌ,75000,1,,,VNMOG2025120206315275743,TOPPINGS BÁNH MÌ,0,17,VNMOD20260708035207110969,🍂Hành Tím Phi Giòn,10000,1
VNITE20251202062935041258,Bánh Mì Heo Quay,VNCAT2025120206293579373,BÁNH MÌ,75000,1,,,VNMOG2025120206315275743,TOPPINGS BÁNH MÌ,0,17,VNMOD20260708035207133468,🧄Tỏi Phi Vàng,10000,1
VNITE20251202062935041258,Bánh Mì Heo Quay,VNCAT2025120206293579373,BÁNH MÌ,75000,1,,,VNMOG2025120206315275743,TOPPINGS BÁNH MÌ,0,17,VNMOD20260623100636010057,💥Tốp Mỡ Nhà Làm,40000,1
VNITE20251202062935041258,Bánh Mì Heo Quay,VNCAT2025120206293579373,BÁNH MÌ,75000,1,,,VNMOG2025120206315275743,TOPPINGS BÁNH MÌ,0,17,VNMOD20260323171818019408,🥩Thăn Bò Xào Mềm,129000,1
VNITE20251202062935041258,Bánh Mì Heo Quay,VNCAT2025120206293579373,BÁNH MÌ,75000,1,,,VNMOG2025120206315275743,TOPPINGS BÁNH MÌ,0,17,VNMOD20260314052342011293,🌭Xúc Xích Đức,75000,1
VNITE20251202062935041258,Bánh Mì Heo Quay,VNCAT2025120206293579373,BÁNH MÌ,75000,1,,,VNMOG2025120206315275743,TOPPINGS BÁNH MÌ,0,17,VNMOD20260323172819019745,🐟Chả Cá Chiên (70g),69000,1
VNITE20251202062935041258,Bánh Mì Heo Quay,VNCAT2025120206293579373,BÁNH MÌ,75000,1,,,VNMOG2025120206315275743,TOPPINGS BÁNH MÌ,0,17,VNMOD20251202063325045358,🐷Heo Quay (60g),70000,1
VNITE20251202062935041258,Bánh Mì Heo Quay,VNCAT2025120206293579373,BÁNH MÌ,75000,1,,,VNMOG2025120206315275743,TOPPINGS BÁNH MÌ,0,17,VNMOD20251202063152020680,🤎Xíu Mại Kèm Sốt (3 viên),49000,1
VNITE20251202062935041258,Bánh Mì Heo Quay,VNCAT2025120206293579373,BÁNH MÌ,75000,1,,,VNMOG2025120206315275743,TOPPINGS BÁNH MÌ,0,17,VNMOD20251202063152031866,🧡Thịt Nướng (3 viên),59000,1
VNITE20251202062935041258,Bánh Mì Heo Quay,VNCAT2025120206293579373,BÁNH MÌ,75000,1,,,VNMOG2025120206315275743,TOPPINGS BÁNH MÌ,0,17,VNMOD20251202063153056935,🥓Set 5 Loại Chả Truyền Thống,59000,1
VNITE20251202062935041258,Bánh Mì Heo Quay,VNCAT2025120206293579373,BÁNH MÌ,75000,1,,,VNMOG2025120206315275743,TOPPINGS BÁNH MÌ,0,17,VNMOD20260311134742028297,🍳🍳2 Trứng Ốp La,30000,1
VNITE20251202062935041258,Bánh Mì Heo Quay,VNCAT2025120206293579373,BÁNH MÌ,75000,1,,,VNMOG2025120206315275743,TOPPINGS BÁNH MÌ,0,17,VNMOD20260311134742018952,🍳1 Trứng Ốp La,20000,1
VNITE20251202062935041258,Bánh Mì Heo Quay,VNCAT2025120206293579373,BÁNH MÌ,75000,1,,,VNMOG2025120206315275743,TOPPINGS BÁNH MÌ,0,17,VNMOD20251202063325039403,🐤Chà Bông,20000,1
VNITE20251202062935041258,Bánh Mì Heo Quay,VNCAT2025120206293579373,BÁNH MÌ,75000,1,,,VNMOG2025120206315275743,TOPPINGS BÁNH MÌ,0,17,VNMOD20251202063325027297,🟤Pate,15000,1
VNITE20251202062935041258,Bánh Mì Heo Quay,VNCAT2025120206293579373,BÁNH MÌ,75000,1,,,VNMOG2025120206315275743,TOPPINGS BÁNH MÌ,0,17,VNMOD20260211031808022029,🧈Bơ,12000,1
VNITE20251202062935041258,Bánh Mì Heo Quay,VNCAT2025120206293579373,BÁNH MÌ,75000,1,,,VNMOG2025120206315275743,TOPPINGS BÁNH MÌ,0,17,VNMOD20260520093409013402,🥒Túi Rau Thêm,10000,1
VNITE20251202062935041258,Bánh Mì Heo Quay,VNCAT2025120206293579373,BÁNH MÌ,75000,1,,,VNMOG2025120206315275743,TOPPINGS BÁNH MÌ,0,17,VNMOD20260211031808010090,🥖Bánh Mì Không,8000,1
VNITE20251202062935041258,Bánh Mì Heo Quay,VNCAT2025120206293579373,BÁNH MÌ,75000,1,,,VNMOG2026070803473211824,COMBO KHĂN ƯỚT & BAO TAY,1,1,VNMOD20260708034732010781,Không. Cám Ơn,0,1
VNITE20251202062935041258,Bánh Mì Heo Quay,VNCAT2025120206293579373,BÁNH MÌ,75000,1,,,VNMOG2026070803473211824,COMBO KHĂN ƯỚT & BAO TAY,1,1,VNMOD20260708034732023117,🙌Combo Khăn Ướt  + Bao Tay,5000,1
VNITE20251202062935041258,Bánh Mì Heo Quay,VNCAT2025120206293579373,BÁNH MÌ,75000,1,,,VNMOG2026020119004290347,LƯU Ý (ĐỪNG CHỌN NHÉ),0,1,VNMOD20260201190042016954,Nên dùng trong 2 giờ sau khi nhận,0,1
VNITE20251202062935041258,Bánh Mì Heo Quay,VNCAT2025120206293579373,BÁNH MÌ,75000,1,,,VNMOG2026020119004290347,LƯU Ý (ĐỪNG CHỌN NHÉ),0,1,VNMOD20260201190042028503,Chất lượng có thể thay đổi nhẹ khi giao,0,1
VNITE20251202062935031048,Bánh Mì Trứ Danh Đong Đầy,VNCAT2025120206293579373,BÁNH MÌ,99000,1,,,VNMOG2026063019150372440,ĐỘ CAY,1,1,VNMOD20260630191503012020,Cay,0,1
VNITE20251202062935031048,Bánh Mì Trứ Danh Đong Đầy,VNCAT2025120206293579373,BÁNH MÌ,99000,1,,,VNMOG2026063019150372440,ĐỘ CAY,1,1,VNMOD20260630191503020255,Không Cay,0,1
VNITE20251202062935031048,Bánh Mì Trứ Danh Đong Đầy,VNCAT2025120206293579373,BÁNH MÌ,99000,1,,,VNMOG2026022017410483937,SỐT KÈM THÊM,0,7,VNMOD20260531193050012723,🖤Sốt Tiêu Đen,30000,1
VNITE20251202062935031048,Bánh Mì Trứ Danh Đong Đầy,VNCAT2025120206293579373,BÁNH MÌ,99000,1,,,VNMOG2026022017410483937,SỐT KÈM THÊM,0,7,VNMOD20260515170708010036,🌶️Sốt Ớt Mật Ong,10000,1
VNITE20251202062935031048,Bánh Mì Trứ Danh Đong Đầy,VNCAT2025120206293579373,BÁNH MÌ,99000,1,,,VNMOG2026022017410483937,SỐT KÈM THÊM,0,7,VNMOD20260515165657017246,🍯Sốt BBQ,25000,1
VNITE20251202062935031048,Bánh Mì Trứ Danh Đong Đầy,VNCAT2025120206293579373,BÁNH MÌ,99000,1,,,VNMOG2026022017410483937,SỐT KÈM THÊM,0,7,VNMOD20260310163342013292,🍄‍🟫Sốt Nấm Truffle,50000,1
VNITE20251202062935031048,Bánh Mì Trứ Danh Đong Đầy,VNCAT2025120206293579373,BÁNH MÌ,99000,1,,,VNMOG2026022017410483937,SỐT KÈM THÊM,0,7,VNMOD20260317054657015610,🧡Sốt Đong Đầy,20000,1
VNITE20251202062935031048,Bánh Mì Trứ Danh Đong Đầy,VNCAT2025120206293579373,BÁNH MÌ,99000,1,,,VNMOG2026022017410483937,SỐT KÈM THÊM,0,7,VNMOD20260222071411018874,🧀Sốt Phô Mai,20000,1
VNITE20251202062935031048,Bánh Mì Trứ Danh Đong Đầy,VNCAT2025120206293579373,BÁNH MÌ,99000,1,,,VNMOG2026022017410483937,SỐT KÈM THÊM,0,7,VNMOD20260220174104019245,🧈Sốt Mayonnaise,10000,1
VNITE20251202062935031048,Bánh Mì Trứ Danh Đong Đầy,VNCAT2025120206293579373,BÁNH MÌ,99000,1,,,VNMOG2025120206315275743,TOPPINGS BÁNH MÌ,0,17,VNMOD20260708035207110969,🍂Hành Tím Phi Giòn,10000,1
VNITE20251202062935031048,Bánh Mì Trứ Danh Đong Đầy,VNCAT2025120206293579373,BÁNH MÌ,99000,1,,,VNMOG2025120206315275743,TOPPINGS BÁNH MÌ,0,17,VNMOD20260708035207133468,🧄Tỏi Phi Vàng,10000,1
VNITE20251202062935031048,Bánh Mì Trứ Danh Đong Đầy,VNCAT2025120206293579373,BÁNH MÌ,99000,1,,,VNMOG2025120206315275743,TOPPINGS BÁNH MÌ,0,17,VNMOD20260623100636010057,💥Tốp Mỡ Nhà Làm,40000,1
VNITE20251202062935031048,Bánh Mì Trứ Danh Đong Đầy,VNCAT2025120206293579373,BÁNH MÌ,99000,1,,,VNMOG2025120206315275743,TOPPINGS BÁNH MÌ,0,17,VNMOD20260323171818019408,🥩Thăn Bò Xào Mềm,129000,1
VNITE20251202062935031048,Bánh Mì Trứ Danh Đong Đầy,VNCAT2025120206293579373,BÁNH MÌ,99000,1,,,VNMOG2025120206315275743,TOPPINGS BÁNH MÌ,0,17,VNMOD20260314052342011293,🌭Xúc Xích Đức,75000,1
VNITE20251202062935031048,Bánh Mì Trứ Danh Đong Đầy,VNCAT2025120206293579373,BÁNH MÌ,99000,1,,,VNMOG2025120206315275743,TOPPINGS BÁNH MÌ,0,17,VNMOD20260323172819019745,🐟Chả Cá Chiên (70g),69000,1
VNITE20251202062935031048,Bánh Mì Trứ Danh Đong Đầy,VNCAT2025120206293579373,BÁNH MÌ,99000,1,,,VNMOG2025120206315275743,TOPPINGS BÁNH MÌ,0,17,VNMOD20251202063325045358,🐷Heo Quay (60g),70000,1
VNITE20251202062935031048,Bánh Mì Trứ Danh Đong Đầy,VNCAT2025120206293579373,BÁNH MÌ,99000,1,,,VNMOG2025120206315275743,TOPPINGS BÁNH MÌ,0,17,VNMOD20251202063152020680,🤎Xíu Mại Kèm Sốt (3 viên),49000,1
VNITE20251202062935031048,Bánh Mì Trứ Danh Đong Đầy,VNCAT2025120206293579373,BÁNH MÌ,99000,1,,,VNMOG2025120206315275743,TOPPINGS BÁNH MÌ,0,17,VNMOD20251202063152031866,🧡Thịt Nướng (3 viên),59000,1
VNITE20251202062935031048,Bánh Mì Trứ Danh Đong Đầy,VNCAT2025120206293579373,BÁNH MÌ,99000,1,,,VNMOG2025120206315275743,TOPPINGS BÁNH MÌ,0,17,VNMOD20251202063153056935,🥓Set 5 Loại Chả Truyền Thống,59000,1
VNITE20251202062935031048,Bánh Mì Trứ Danh Đong Đầy,VNCAT2025120206293579373,BÁNH MÌ,99000,1,,,VNMOG2025120206315275743,TOPPINGS BÁNH MÌ,0,17,VNMOD20260311134742028297,🍳🍳2 Trứng Ốp La,30000,1
VNITE20251202062935031048,Bánh Mì Trứ Danh Đong Đầy,VNCAT2025120206293579373,BÁNH MÌ,99000,1,,,VNMOG2025120206315275743,TOPPINGS BÁNH MÌ,0,17,VNMOD20260311134742018952,🍳1 Trứng Ốp La,20000,1
VNITE20251202062935031048,Bánh Mì Trứ Danh Đong Đầy,VNCAT2025120206293579373,BÁNH MÌ,99000,1,,,VNMOG2025120206315275743,TOPPINGS BÁNH MÌ,0,17,VNMOD20251202063325039403,🐤Chà Bông,20000,1
VNITE20251202062935031048,Bánh Mì Trứ Danh Đong Đầy,VNCAT2025120206293579373,BÁNH MÌ,99000,1,,,VNMOG2025120206315275743,TOPPINGS BÁNH MÌ,0,17,VNMOD20251202063325027297,🟤Pate,15000,1
VNITE20251202062935031048,Bánh Mì Trứ Danh Đong Đầy,VNCAT2025120206293579373,BÁNH MÌ,99000,1,,,VNMOG2025120206315275743,TOPPINGS BÁNH MÌ,0,17,VNMOD20260211031808022029,🧈Bơ,12000,1
VNITE20251202062935031048,Bánh Mì Trứ Danh Đong Đầy,VNCAT2025120206293579373,BÁNH MÌ,99000,1,,,VNMOG2025120206315275743,TOPPINGS BÁNH MÌ,0,17,VNMOD20260520093409013402,🥒Túi Rau Thêm,10000,1
VNITE20251202062935031048,Bánh Mì Trứ Danh Đong Đầy,VNCAT2025120206293579373,BÁNH MÌ,99000,1,,,VNMOG2025120206315275743,TOPPINGS BÁNH MÌ,0,17,VNMOD20260211031808010090,🥖Bánh Mì Không,8000,1
VNITE20251202062935031048,Bánh Mì Trứ Danh Đong Đầy,VNCAT2025120206293579373,BÁNH MÌ,99000,1,,,VNMOG2026070803473211824,COMBO KHĂN ƯỚT & BAO TAY,1,1,VNMOD20260708034732010781,Không. Cám Ơn,0,1
VNITE20251202062935031048,Bánh Mì Trứ Danh Đong Đầy,VNCAT2025120206293579373,BÁNH MÌ,99000,1,,,VNMOG2026070803473211824,COMBO KHĂN ƯỚT & BAO TAY,1,1,VNMOD20260708034732023117,🙌Combo Khăn Ướt  + Bao Tay,5000,1
VNITE20251202062935031048,Bánh Mì Trứ Danh Đong Đầy,VNCAT2025120206293579373,BÁNH MÌ,99000,1,,,VNMOG2026020119004290347,LƯU Ý (ĐỪNG CHỌN NHÉ),0,1,VNMOD20260201190042016954,Nên dùng trong 2 giờ sau khi nhận,0,1
VNITE20251202062935031048,Bánh Mì Trứ Danh Đong Đầy,VNCAT2025120206293579373,BÁNH MÌ,99000,1,,,VNMOG2026020119004290347,LƯU Ý (ĐỪNG CHỌN NHÉ),0,1,VNMOD20260201190042028503,Chất lượng có thể thay đổi nhẹ khi giao,0,1
VNITE2026010313552423699,Bánh Mì Bò Thượng Hạng Sốt Tiêu Xanh,VNCAT2025120206293579373,BÁNH MÌ,139000,1,,,VNMOG2026063019150372440,ĐỘ CAY,1,1,VNMOD20260630191503012020,Cay,0,1
VNITE2026010313552423699,Bánh Mì Bò Thượng Hạng Sốt Tiêu Xanh,VNCAT2025120206293579373,BÁNH MÌ,139000,1,,,VNMOG2026063019150372440,ĐỘ CAY,1,1,VNMOD20260630191503020255,Không Cay,0,1
VNITE2026010313552423699,Bánh Mì Bò Thượng Hạng Sốt Tiêu Xanh,VNCAT2025120206293579373,BÁNH MÌ,139000,1,,,VNMOG2026022017410483937,SỐT KÈM THÊM,0,7,VNMOD20260531193050012723,🖤Sốt Tiêu Đen,30000,1
VNITE2026010313552423699,Bánh Mì Bò Thượng Hạng Sốt Tiêu Xanh,VNCAT2025120206293579373,BÁNH MÌ,139000,1,,,VNMOG2026022017410483937,SỐT KÈM THÊM,0,7,VNMOD20260515170708010036,🌶️Sốt Ớt Mật Ong,10000,1
VNITE2026010313552423699,Bánh Mì Bò Thượng Hạng Sốt Tiêu Xanh,VNCAT2025120206293579373,BÁNH MÌ,139000,1,,,VNMOG2026022017410483937,SỐT KÈM THÊM,0,7,VNMOD20260515165657017246,🍯Sốt BBQ,25000,1
VNITE2026010313552423699,Bánh Mì Bò Thượng Hạng Sốt Tiêu Xanh,VNCAT2025120206293579373,BÁNH MÌ,139000,1,,,VNMOG2026022017410483937,SỐT KÈM THÊM,0,7,VNMOD20260310163342013292,🍄‍🟫Sốt Nấm Truffle,50000,1
VNITE2026010313552423699,Bánh Mì Bò Thượng Hạng Sốt Tiêu Xanh,VNCAT2025120206293579373,BÁNH MÌ,139000,1,,,VNMOG2026022017410483937,SỐT KÈM THÊM,0,7,VNMOD20260317054657015610,🧡Sốt Đong Đầy,20000,1
VNITE2026010313552423699,Bánh Mì Bò Thượng Hạng Sốt Tiêu Xanh,VNCAT2025120206293579373,BÁNH MÌ,139000,1,,,VNMOG2026022017410483937,SỐT KÈM THÊM,0,7,VNMOD20260222071411018874,🧀Sốt Phô Mai,20000,1
VNITE2026010313552423699,Bánh Mì Bò Thượng Hạng Sốt Tiêu Xanh,VNCAT2025120206293579373,BÁNH MÌ,139000,1,,,VNMOG2026022017410483937,SỐT KÈM THÊM,0,7,VNMOD20260220174104019245,🧈Sốt Mayonnaise,10000,1
VNITE2026010313552423699,Bánh Mì Bò Thượng Hạng Sốt Tiêu Xanh,VNCAT2025120206293579373,BÁNH MÌ,139000,1,,,VNMOG2025120206315275743,TOPPINGS BÁNH MÌ,0,17,VNMOD20260708035207110969,🍂Hành Tím Phi Giòn,10000,1
VNITE2026010313552423699,Bánh Mì Bò Thượng Hạng Sốt Tiêu Xanh,VNCAT2025120206293579373,BÁNH MÌ,139000,1,,,VNMOG2025120206315275743,TOPPINGS BÁNH MÌ,0,17,VNMOD20260708035207133468,🧄Tỏi Phi Vàng,10000,1
VNITE2026010313552423699,Bánh Mì Bò Thượng Hạng Sốt Tiêu Xanh,VNCAT2025120206293579373,BÁNH MÌ,139000,1,,,VNMOG2025120206315275743,TOPPINGS BÁNH MÌ,0,17,VNMOD20260623100636010057,💥Tốp Mỡ Nhà Làm,40000,1
VNITE2026010313552423699,Bánh Mì Bò Thượng Hạng Sốt Tiêu Xanh,VNCAT2025120206293579373,BÁNH MÌ,139000,1,,,VNMOG2025120206315275743,TOPPINGS BÁNH MÌ,0,17,VNMOD20260323171818019408,🥩Thăn Bò Xào Mềm,129000,1
VNITE2026010313552423699,Bánh Mì Bò Thượng Hạng Sốt Tiêu Xanh,VNCAT2025120206293579373,BÁNH MÌ,139000,1,,,VNMOG2025120206315275743,TOPPINGS BÁNH MÌ,0,17,VNMOD20260314052342011293,🌭Xúc Xích Đức,75000,1
VNITE2026010313552423699,Bánh Mì Bò Thượng Hạng Sốt Tiêu Xanh,VNCAT2025120206293579373,BÁNH MÌ,139000,1,,,VNMOG2025120206315275743,TOPPINGS BÁNH MÌ,0,17,VNMOD20260323172819019745,🐟Chả Cá Chiên (70g),69000,1
VNITE2026010313552423699,Bánh Mì Bò Thượng Hạng Sốt Tiêu Xanh,VNCAT2025120206293579373,BÁNH MÌ,139000,1,,,VNMOG2025120206315275743,TOPPINGS BÁNH MÌ,0,17,VNMOD20251202063325045358,🐷Heo Quay (60g),70000,1
VNITE2026010313552423699,Bánh Mì Bò Thượng Hạng Sốt Tiêu Xanh,VNCAT2025120206293579373,BÁNH MÌ,139000,1,,,VNMOG2025120206315275743,TOPPINGS BÁNH MÌ,0,17,VNMOD20251202063152020680,🤎Xíu Mại Kèm Sốt (3 viên),49000,1
VNITE2026010313552423699,Bánh Mì Bò Thượng Hạng Sốt Tiêu Xanh,VNCAT2025120206293579373,BÁNH MÌ,139000,1,,,VNMOG2025120206315275743,TOPPINGS BÁNH MÌ,0,17,VNMOD20251202063152031866,🧡Thịt Nướng (3 viên),59000,1
VNITE2026010313552423699,Bánh Mì Bò Thượng Hạng Sốt Tiêu Xanh,VNCAT2025120206293579373,BÁNH MÌ,139000,1,,,VNMOG2025120206315275743,TOPPINGS BÁNH MÌ,0,17,VNMOD20251202063153056935,🥓Set 5 Loại Chả Truyền Thống,59000,1
VNITE2026010313552423699,Bánh Mì Bò Thượng Hạng Sốt Tiêu Xanh,VNCAT2025120206293579373,BÁNH MÌ,139000,1,,,VNMOG2025120206315275743,TOPPINGS BÁNH MÌ,0,17,VNMOD20260311134742028297,🍳🍳2 Trứng Ốp La,30000,1
VNITE2026010313552423699,Bánh Mì Bò Thượng Hạng Sốt Tiêu Xanh,VNCAT2025120206293579373,BÁNH MÌ,139000,1,,,VNMOG2025120206315275743,TOPPINGS BÁNH MÌ,0,17,VNMOD20260311134742018952,🍳1 Trứng Ốp La,20000,1
VNITE2026010313552423699,Bánh Mì Bò Thượng Hạng Sốt Tiêu Xanh,VNCAT2025120206293579373,BÁNH MÌ,139000,1,,,VNMOG2025120206315275743,TOPPINGS BÁNH MÌ,0,17,VNMOD20251202063325039403,🐤Chà Bông,20000,1
VNITE2026010313552423699,Bánh Mì Bò Thượng Hạng Sốt Tiêu Xanh,VNCAT2025120206293579373,BÁNH MÌ,139000,1,,,VNMOG2025120206315275743,TOPPINGS BÁNH MÌ,0,17,VNMOD20251202063325027297,🟤Pate,15000,1
VNITE2026010313552423699,Bánh Mì Bò Thượng Hạng Sốt Tiêu Xanh,VNCAT2025120206293579373,BÁNH MÌ,139000,1,,,VNMOG2025120206315275743,TOPPINGS BÁNH MÌ,0,17,VNMOD20260211031808022029,🧈Bơ,12000,1
VNITE2026010313552423699,Bánh Mì Bò Thượng Hạng Sốt Tiêu Xanh,VNCAT2025120206293579373,BÁNH MÌ,139000,1,,,VNMOG2025120206315275743,TOPPINGS BÁNH MÌ,0,17,VNMOD20260520093409013402,🥒Túi Rau Thêm,10000,1
VNITE2026010313552423699,Bánh Mì Bò Thượng Hạng Sốt Tiêu Xanh,VNCAT2025120206293579373,BÁNH MÌ,139000,1,,,VNMOG2025120206315275743,TOPPINGS BÁNH MÌ,0,17,VNMOD20260211031808010090,🥖Bánh Mì Không,8000,1
VNITE2026010313552423699,Bánh Mì Bò Thượng Hạng Sốt Tiêu Xanh,VNCAT2025120206293579373,BÁNH MÌ,139000,1,,,VNMOG2026070803473211824,COMBO KHĂN ƯỚT & BAO TAY,1,1,VNMOD20260708034732010781,Không. Cám Ơn,0,1
VNITE2026010313552423699,Bánh Mì Bò Thượng Hạng Sốt Tiêu Xanh,VNCAT2025120206293579373,BÁNH MÌ,139000,1,,,VNMOG2026070803473211824,COMBO KHĂN ƯỚT & BAO TAY,1,1,VNMOD20260708034732023117,🙌Combo Khăn Ướt  + Bao Tay,5000,1
VNITE2026010313552423699,Bánh Mì Bò Thượng Hạng Sốt Tiêu Xanh,VNCAT2025120206293579373,BÁNH MÌ,139000,1,,,VNMOG2026020119004290347,LƯU Ý (ĐỪNG CHỌN NHÉ),0,1,VNMOD20260201190042016954,Nên dùng trong 2 giờ sau khi nhận,0,1
VNITE2026010313552423699,Bánh Mì Bò Thượng Hạng Sốt Tiêu Xanh,VNCAT2025120206293579373,BÁNH MÌ,139000,1,,,VNMOG2026020119004290347,LƯU Ý (ĐỪNG CHỌN NHÉ),0,1,VNMOD20260201190042028503,Chất lượng có thể thay đổi nhẹ khi giao,0,1
VNITE2026012210385520556,Bánh Croissant,VNCAT2026012210371523325,BÁNH NGỌT,35000,1,,,VNMOG2026070803473211824,COMBO KHĂN ƯỚT & BAO TAY,1,1,VNMOD20260708034732010781,Không. Cám Ơn,0,1
VNITE2026012210385520556,Bánh Croissant,VNCAT2026012210371523325,BÁNH NGỌT,35000,1,,,VNMOG2026070803473211824,COMBO KHĂN ƯỚT & BAO TAY,1,1,VNMOD20260708034732023117,🙌Combo Khăn Ướt  + Bao Tay,5000,1
VNITE2026012210385520556,Bánh Croissant,VNCAT2026012210371523325,BÁNH NGỌT,35000,1,,,VNMOG2026051517273980874,SỐT ĐIỂM VỊ,0,4,VNMOD20260515172739011537,🍓Sốt Dâu Tây,20000,1
VNITE2026012210385520556,Bánh Croissant,VNCAT2026012210371523325,BÁNH NGỌT,35000,1,,,VNMOG2026051517273980874,SỐT ĐIỂM VỊ,0,4,VNMOD20260515172739029214,🤎Sốt Caramel,20000,1
VNITE2026012210385520556,Bánh Croissant,VNCAT2026012210371523325,BÁNH NGỌT,35000,1,,,VNMOG2026051517273980874,SỐT ĐIỂM VỊ,0,4,VNMOD20260515172739031453,🍫Sốt Sô-cô-la Hershey's,25000,1
VNITE2026012210385520556,Bánh Croissant,VNCAT2026012210371523325,BÁNH NGỌT,35000,1,,,VNMOG2026051517273980874,SỐT ĐIỂM VỊ,0,4,VNMOD20260630184932021108,Sữa Đặc,15000,1
VNITE2026012210385520556,Bánh Croissant,VNCAT2026012210371523325,BÁNH NGỌT,35000,1,,,VNMOG2026020810590040475,TOPPING NGỌT THÊM ĐẬM VỊ,0,3,VNMOD20260515172052010473,🛑Vụn Bánh Oreo,30000,1
VNITE2026012210385520556,Bánh Croissant,VNCAT2026012210371523325,BÁNH NGỌT,35000,1,,,VNMOG2026020810590040475,TOPPING NGỌT THÊM ĐẬM VỊ,0,3,VNMOD20260515171915017428,🌟Vụn Bánh Graham,20000,1
VNITE2026012210385520556,Bánh Croissant,VNCAT2026012210371523325,BÁNH NGỌT,35000,1,,,VNMOG2026020810590040475,TOPPING NGỌT THÊM ĐẬM VỊ,0,3,VNMOD20260515171915033366,🥥Dừa Sấy Giòn,20000,1
VNITE2026012210393307295,Bánh Danish Thơm,VNCAT2026012210371523325,BÁNH NGỌT,38000,1,,,VNMOG2026051517273980874,SỐT ĐIỂM VỊ,0,4,VNMOD20260515172739011537,🍓Sốt Dâu Tây,20000,1
VNITE2026012210393307295,Bánh Danish Thơm,VNCAT2026012210371523325,BÁNH NGỌT,38000,1,,,VNMOG2026051517273980874,SỐT ĐIỂM VỊ,0,4,VNMOD20260515172739029214,🤎Sốt Caramel,20000,1
VNITE2026012210393307295,Bánh Danish Thơm,VNCAT2026012210371523325,BÁNH NGỌT,38000,1,,,VNMOG2026051517273980874,SỐT ĐIỂM VỊ,0,4,VNMOD20260515172739031453,🍫Sốt Sô-cô-la Hershey's,25000,1
VNITE2026012210393307295,Bánh Danish Thơm,VNCAT2026012210371523325,BÁNH NGỌT,38000,1,,,VNMOG2026051517273980874,SỐT ĐIỂM VỊ,0,4,VNMOD20260630184932021108,Sữa Đặc,15000,1
VNITE2026012210393307295,Bánh Danish Thơm,VNCAT2026012210371523325,BÁNH NGỌT,38000,1,,,VNMOG2026070803473211824,COMBO KHĂN ƯỚT & BAO TAY,1,1,VNMOD20260708034732010781,Không. Cám Ơn,0,1
VNITE2026012210393307295,Bánh Danish Thơm,VNCAT2026012210371523325,BÁNH NGỌT,38000,1,,,VNMOG2026070803473211824,COMBO KHĂN ƯỚT & BAO TAY,1,1,VNMOD20260708034732023117,🙌Combo Khăn Ướt  + Bao Tay,5000,1
VNITE2026012210393307295,Bánh Danish Thơm,VNCAT2026012210371523325,BÁNH NGỌT,38000,1,,,VNMOG2026020810590040475,TOPPING NGỌT THÊM ĐẬM VỊ,0,3,VNMOD20260515172052010473,🛑Vụn Bánh Oreo,30000,1
VNITE2026012210393307295,Bánh Danish Thơm,VNCAT2026012210371523325,BÁNH NGỌT,38000,1,,,VNMOG2026020810590040475,TOPPING NGỌT THÊM ĐẬM VỊ,0,3,VNMOD20260515171915017428,🌟Vụn Bánh Graham,20000,1
VNITE2026012210393307295,Bánh Danish Thơm,VNCAT2026012210371523325,BÁNH NGỌT,38000,1,,,VNMOG2026020810590040475,TOPPING NGỌT THÊM ĐẬM VỊ,0,3,VNMOD20260515171915033366,🥥Dừa Sấy Giòn,20000,1
VNITE2026012210400920925,Bánh Danish Phô Mai,VNCAT2026012210371523325,BÁNH NGỌT,38000,1,,,VNMOG2026051517273980874,SỐT ĐIỂM VỊ,0,4,VNMOD20260515172739011537,🍓Sốt Dâu Tây,20000,1
VNITE2026012210400920925,Bánh Danish Phô Mai,VNCAT2026012210371523325,BÁNH NGỌT,38000,1,,,VNMOG2026051517273980874,SỐT ĐIỂM VỊ,0,4,VNMOD20260515172739029214,🤎Sốt Caramel,20000,1
VNITE2026012210400920925,Bánh Danish Phô Mai,VNCAT2026012210371523325,BÁNH NGỌT,38000,1,,,VNMOG2026051517273980874,SỐT ĐIỂM VỊ,0,4,VNMOD20260515172739031453,🍫Sốt Sô-cô-la Hershey's,25000,1
VNITE2026012210400920925,Bánh Danish Phô Mai,VNCAT2026012210371523325,BÁNH NGỌT,38000,1,,,VNMOG2026051517273980874,SỐT ĐIỂM VỊ,0,4,VNMOD20260630184932021108,Sữa Đặc,15000,1
VNITE2026012210400920925,Bánh Danish Phô Mai,VNCAT2026012210371523325,BÁNH NGỌT,38000,1,,,VNMOG2026020810590040475,TOPPING NGỌT THÊM ĐẬM VỊ,0,3,VNMOD20260515172052010473,🛑Vụn Bánh Oreo,30000,1
VNITE2026012210400920925,Bánh Danish Phô Mai,VNCAT2026012210371523325,BÁNH NGỌT,38000,1,,,VNMOG2026020810590040475,TOPPING NGỌT THÊM ĐẬM VỊ,0,3,VNMOD20260515171915017428,🌟Vụn Bánh Graham,20000,1
VNITE2026012210400920925,Bánh Danish Phô Mai,VNCAT2026012210371523325,BÁNH NGỌT,38000,1,,,VNMOG2026020810590040475,TOPPING NGỌT THÊM ĐẬM VỊ,0,3,VNMOD20260515171915033366,🥥Dừa Sấy Giòn,20000,1
VNITE2026012210405035338,Bánh Danish Socola,VNCAT2026012210371523325,BÁNH NGỌT,38000,1,,,VNMOG2026051517273980874,SỐT ĐIỂM VỊ,0,4,VNMOD20260515172739011537,🍓Sốt Dâu Tây,20000,1
VNITE2026012210405035338,Bánh Danish Socola,VNCAT2026012210371523325,BÁNH NGỌT,38000,1,,,VNMOG2026051517273980874,SỐT ĐIỂM VỊ,0,4,VNMOD20260515172739029214,🤎Sốt Caramel,20000,1
VNITE2026012210405035338,Bánh Danish Socola,VNCAT2026012210371523325,BÁNH NGỌT,38000,1,,,VNMOG2026051517273980874,SỐT ĐIỂM VỊ,0,4,VNMOD20260515172739031453,🍫Sốt Sô-cô-la Hershey's,25000,1
VNITE2026012210405035338,Bánh Danish Socola,VNCAT2026012210371523325,BÁNH NGỌT,38000,1,,,VNMOG2026051517273980874,SỐT ĐIỂM VỊ,0,4,VNMOD20260630184932021108,Sữa Đặc,15000,1
VNITE2026012210405035338,Bánh Danish Socola,VNCAT2026012210371523325,BÁNH NGỌT,38000,1,,,VNMOG2026020810590040475,TOPPING NGỌT THÊM ĐẬM VỊ,0,3,VNMOD20260515172052010473,🛑Vụn Bánh Oreo,30000,1
VNITE2026012210405035338,Bánh Danish Socola,VNCAT2026012210371523325,BÁNH NGỌT,38000,1,,,VNMOG2026020810590040475,TOPPING NGỌT THÊM ĐẬM VỊ,0,3,VNMOD20260515171915017428,🌟Vụn Bánh Graham,20000,1
VNITE2026012210405035338,Bánh Danish Socola,VNCAT2026012210371523325,BÁNH NGỌT,38000,1,,,VNMOG2026020810590040475,TOPPING NGỌT THÊM ĐẬM VỊ,0,3,VNMOD20260515171915033366,🥥Dừa Sấy Giòn,20000,1
VNITE2026012210414874793,Bánh Danish Việt Quất,VNCAT2026012210371523325,BÁNH NGỌT,38000,1,,,VNMOG2026070803473211824,COMBO KHĂN ƯỚT & BAO TAY,1,1,VNMOD20260708034732010781,Không. Cám Ơn,0,1
VNITE2026012210414874793,Bánh Danish Việt Quất,VNCAT2026012210371523325,BÁNH NGỌT,38000,1,,,VNMOG2026070803473211824,COMBO KHĂN ƯỚT & BAO TAY,1,1,VNMOD20260708034732023117,🙌Combo Khăn Ướt  + Bao Tay,5000,1
VNITE2026012210414874793,Bánh Danish Việt Quất,VNCAT2026012210371523325,BÁNH NGỌT,38000,1,,,VNMOG2026051517273980874,SỐT ĐIỂM VỊ,0,4,VNMOD20260515172739011537,🍓Sốt Dâu Tây,20000,1
VNITE2026012210414874793,Bánh Danish Việt Quất,VNCAT2026012210371523325,BÁNH NGỌT,38000,1,,,VNMOG2026051517273980874,SỐT ĐIỂM VỊ,0,4,VNMOD20260515172739029214,🤎Sốt Caramel,20000,1
VNITE2026012210414874793,Bánh Danish Việt Quất,VNCAT2026012210371523325,BÁNH NGỌT,38000,1,,,VNMOG2026051517273980874,SỐT ĐIỂM VỊ,0,4,VNMOD20260515172739031453,🍫Sốt Sô-cô-la Hershey's,25000,1
VNITE2026012210414874793,Bánh Danish Việt Quất,VNCAT2026012210371523325,BÁNH NGỌT,38000,1,,,VNMOG2026051517273980874,SỐT ĐIỂM VỊ,0,4,VNMOD20260630184932021108,Sữa Đặc,15000,1
VNITE2026012210414874793,Bánh Danish Việt Quất,VNCAT2026012210371523325,BÁNH NGỌT,38000,1,,,VNMOG2026020810590040475,TOPPING NGỌT THÊM ĐẬM VỊ,0,3,VNMOD20260515172052010473,🛑Vụn Bánh Oreo,30000,1
VNITE2026012210414874793,Bánh Danish Việt Quất,VNCAT2026012210371523325,BÁNH NGỌT,38000,1,,,VNMOG2026020810590040475,TOPPING NGỌT THÊM ĐẬM VỊ,0,3,VNMOD20260515171915017428,🌟Vụn Bánh Graham,20000,1
VNITE2026012210414874793,Bánh Danish Việt Quất,VNCAT2026012210371523325,BÁNH NGỌT,38000,1,,,VNMOG2026020810590040475,TOPPING NGỌT THÊM ĐẬM VỊ,0,3,VNMOD20260515171915033366,🥥Dừa Sấy Giòn,20000,1
VNITE2026040509095627378,Bánh Phô Mai Caramel Nutella,VNCAT2026012210371523325,BÁNH NGỌT,179000,1,,,VNMOG2026070803473211824,COMBO KHĂN ƯỚT & BAO TAY,1,1,VNMOD20260708034732010781,Không. Cám Ơn,0,1
VNITE2026040509095627378,Bánh Phô Mai Caramel Nutella,VNCAT2026012210371523325,BÁNH NGỌT,179000,1,,,VNMOG2026070803473211824,COMBO KHĂN ƯỚT & BAO TAY,1,1,VNMOD20260708034732023117,🙌Combo Khăn Ướt  + Bao Tay,5000,1
VNITE2026040509095627378,Bánh Phô Mai Caramel Nutella,VNCAT2026012210371523325,BÁNH NGỌT,179000,1,,,VNMOG2026051517273980874,SỐT ĐIỂM VỊ,0,4,VNMOD20260515172739011537,🍓Sốt Dâu Tây,20000,1
VNITE2026040509095627378,Bánh Phô Mai Caramel Nutella,VNCAT2026012210371523325,BÁNH NGỌT,179000,1,,,VNMOG2026051517273980874,SỐT ĐIỂM VỊ,0,4,VNMOD20260515172739029214,🤎Sốt Caramel,20000,1
VNITE2026040509095627378,Bánh Phô Mai Caramel Nutella,VNCAT2026012210371523325,BÁNH NGỌT,179000,1,,,VNMOG2026051517273980874,SỐT ĐIỂM VỊ,0,4,VNMOD20260515172739031453,🍫Sốt Sô-cô-la Hershey's,25000,1
VNITE2026040509095627378,Bánh Phô Mai Caramel Nutella,VNCAT2026012210371523325,BÁNH NGỌT,179000,1,,,VNMOG2026051517273980874,SỐT ĐIỂM VỊ,0,4,VNMOD20260630184932021108,Sữa Đặc,15000,1
VNITE2026040509095627378,Bánh Phô Mai Caramel Nutella,VNCAT2026012210371523325,BÁNH NGỌT,179000,1,,,VNMOG2026020810590040475,TOPPING NGỌT THÊM ĐẬM VỊ,0,3,VNMOD20260515172052010473,🛑Vụn Bánh Oreo,30000,1
VNITE2026040509095627378,Bánh Phô Mai Caramel Nutella,VNCAT2026012210371523325,BÁNH NGỌT,179000,1,,,VNMOG2026020810590040475,TOPPING NGỌT THÊM ĐẬM VỊ,0,3,VNMOD20260515171915017428,🌟Vụn Bánh Graham,20000,1
VNITE2026040509095627378,Bánh Phô Mai Caramel Nutella,VNCAT2026012210371523325,BÁNH NGỌT,179000,1,,,VNMOG2026020810590040475,TOPPING NGỌT THÊM ĐẬM VỊ,0,3,VNMOD20260515171915033366,🥥Dừa Sấy Giòn,20000,1
VNITE2026063017552230534,Bánh Flan,VNCAT2026012210371523325,BÁNH NGỌT,50000,1,,,VNMOG2026070803473211824,COMBO KHĂN ƯỚT & BAO TAY,1,1,VNMOD20260708034732010781,Không. Cám Ơn,0,1
VNITE2026063017552230534,Bánh Flan,VNCAT2026012210371523325,BÁNH NGỌT,50000,1,,,VNMOG2026070803473211824,COMBO KHĂN ƯỚT & BAO TAY,1,1,VNMOD20260708034732023117,🙌Combo Khăn Ướt  + Bao Tay,5000,1
VNITE2026063017552230534,Bánh Flan,VNCAT2026012210371523325,BÁNH NGỌT,50000,1,,,VNMOG2026020810590040475,TOPPING NGỌT THÊM ĐẬM VỊ,0,3,VNMOD20260515172052010473,🛑Vụn Bánh Oreo,30000,1
VNITE2026063017552230534,Bánh Flan,VNCAT2026012210371523325,BÁNH NGỌT,50000,1,,,VNMOG2026020810590040475,TOPPING NGỌT THÊM ĐẬM VỊ,0,3,VNMOD20260515171915017428,🌟Vụn Bánh Graham,20000,1
VNITE2026063017552230534,Bánh Flan,VNCAT2026012210371523325,BÁNH NGỌT,50000,1,,,VNMOG2026020810590040475,TOPPING NGỌT THÊM ĐẬM VỊ,0,3,VNMOD20260515171915033366,🥥Dừa Sấy Giòn,20000,1
VNITE2026063017552230534,Bánh Flan,VNCAT2026012210371523325,BÁNH NGỌT,50000,1,,,VNMOG2026051517273980874,SỐT ĐIỂM VỊ,0,4,VNMOD20260515172739011537,🍓Sốt Dâu Tây,20000,1
VNITE2026063017552230534,Bánh Flan,VNCAT2026012210371523325,BÁNH NGỌT,50000,1,,,VNMOG2026051517273980874,SỐT ĐIỂM VỊ,0,4,VNMOD20260515172739029214,🤎Sốt Caramel,20000,1
VNITE2026063017552230534,Bánh Flan,VNCAT2026012210371523325,BÁNH NGỌT,50000,1,,,VNMOG2026051517273980874,SỐT ĐIỂM VỊ,0,4,VNMOD20260515172739031453,🍫Sốt Sô-cô-la Hershey's,25000,1
VNITE2026063017552230534,Bánh Flan,VNCAT2026012210371523325,BÁNH NGỌT,50000,1,,,VNMOG2026051517273980874,SỐT ĐIỂM VỊ,0,4,VNMOD20260630184932021108,Sữa Đặc,15000,1
VNITE2026063017552230534,Bánh Flan,VNCAT2026012210371523325,BÁNH NGỌT,50000,1,,,VNMOG2026040205120434503,TRÂN CHÂU HẠT NỔ SIZE M,0,7,VNMOD20260509171054013175,🍈Trân Châu Nổ Dưa Lưới M,25000,1
VNITE2026063017552230534,Bánh Flan,VNCAT2026012210371523325,BÁNH NGỌT,50000,1,,,VNMOG2026040205120434503,TRÂN CHÂU HẠT NỔ SIZE M,0,7,VNMOD20260509171054029404,🥝Trân Châu Nổ Kiwi M,25000,1
VNITE2026063017552230534,Bánh Flan,VNCAT2026012210371523325,BÁNH NGỌT,50000,1,,,VNMOG2026040205120434503,TRÂN CHÂU HẠT NỔ SIZE M,0,7,VNMOD20260402051204015377,🍇Trân Châu Nổ Nho M,25000,1
VNITE2026063017552230534,Bánh Flan,VNCAT2026012210371523325,BÁNH NGỌT,50000,1,,,VNMOG2026040205120434503,TRÂN CHÂU HẠT NỔ SIZE M,0,7,VNMOD20260402051204027788,🫐Trân Châu Nổ Việt Quất M,25000,1
VNITE2026063017552230534,Bánh Flan,VNCAT2026012210371523325,BÁNH NGỌT,50000,1,,,VNMOG2026040205120434503,TRÂN CHÂU HẠT NỔ SIZE M,0,7,VNMOD20260402051204039633,🍓Trân Châu Nổ Dâu Tây M,25000,1
VNITE2026063017552230534,Bánh Flan,VNCAT2026012210371523325,BÁNH NGỌT,50000,1,,,VNMOG2026040205120434503,TRÂN CHÂU HẠT NỔ SIZE M,0,7,VNMOD20260402051204042483,🍑Trân Châu Nổ Đào M,25000,1
VNITE2026063017552230534,Bánh Flan,VNCAT2026012210371523325,BÁNH NGỌT,50000,1,,,VNMOG2026040205120434503,TRÂN CHÂU HẠT NỔ SIZE M,0,7,VNMOD20260402051204050121,🫙Trân Châu Nổ Sữa Chua M,25000,1
VNITE2026063017552230534,Bánh Flan,VNCAT2026012210371523325,BÁNH NGỌT,50000,1,,,VNMOG2026010214381357793,TOPPINGS NƯỚC SIZE M,0,14,VNMOD20260728120859016081,🏐Nhãn Nhục,40000,1
VNITE2026063017552230534,Bánh Flan,VNCAT2026012210371523325,BÁNH NGỌT,50000,1,,,VNMOG2026010214381357793,TOPPINGS NƯỚC SIZE M,0,14,VNMOD20260728120859024399,🍄Nấm Tuyết,30000,1
VNITE2026063017552230534,Bánh Flan,VNCAT2026012210371523325,BÁNH NGỌT,50000,1,,,VNMOG2026010214381357793,TOPPINGS NƯỚC SIZE M,0,14,VNMOD20260728120859035219,🫗Nhựa Đào,30000,1
VNITE2026063017552230534,Bánh Flan,VNCAT2026012210371523325,BÁNH NGỌT,50000,1,,,VNMOG2026010214381357793,TOPPINGS NƯỚC SIZE M,0,14,VNMOD20260525094214016070,🌼Vàng Lá,20000,1
VNITE2026063017552230534,Bánh Flan,VNCAT2026012210371523325,BÁNH NGỌT,50000,1,,,VNMOG2026010214381357793,TOPPINGS NƯỚC SIZE M,0,14,VNMOD20260525094214029352,🍭Kẹo Mút Xốp,20000,1
VNITE2026063017552230534,Bánh Flan,VNCAT2026012210371523325,BÁNH NGỌT,50000,1,,,VNMOG2026010214381357793,TOPPINGS NƯỚC SIZE M,0,14,VNMOD20260520121848014884,☕️Thạch Cafe,15000,1
VNITE2026063017552230534,Bánh Flan,VNCAT2026012210371523325,BÁNH NGỌT,50000,1,,,VNMOG2026010214381357793,TOPPINGS NƯỚC SIZE M,0,14,VNMOD20260509171133012746,🍑Thạch Dừa Vị Đào,15000,1
VNITE2026063017552230534,Bánh Flan,VNCAT2026012210371523325,BÁNH NGỌT,50000,1,,,VNMOG2026010214381357793,TOPPINGS NƯỚC SIZE M,0,14,VNMOD20260509171133025336,🩶Hạt Chia,10000,1
VNITE2026063017552230534,Bánh Flan,VNCAT2026012210371523325,BÁNH NGỌT,50000,1,,,VNMOG2026010214381357793,TOPPINGS NƯỚC SIZE M,0,14,VNMOD20260520121848024526,🍑Mochi Đào,30000,1
VNITE2026063017552230534,Bánh Flan,VNCAT2026012210371523325,BÁNH NGỌT,50000,1,,,VNMOG2026010214381357793,TOPPINGS NƯỚC SIZE M,0,14,VNMOD20260102143813012309,⚪️Khúc Bạch,30000,1
VNITE2026063017552230534,Bánh Flan,VNCAT2026012210371523325,BÁNH NGỌT,50000,1,,,VNMOG2026010214381357793,TOPPINGS NƯỚC SIZE M,0,14,VNMOD20260102143813021051,🖤Sương Sáo,15000,1
VNITE2026063017552230534,Bánh Flan,VNCAT2026012210371523325,BÁNH NGỌT,50000,1,,,VNMOG2026010214381357793,TOPPINGS NƯỚC SIZE M,0,14,VNMOD20260102143813035207,🍵Thạch Matcha,15000,1
VNITE2026063017552230534,Bánh Flan,VNCAT2026012210371523325,BÁNH NGỌT,50000,1,,,VNMOG2026010214381357793,TOPPINGS NƯỚC SIZE M,0,14,VNMOD20260102143813047639,🍀Thạch Nha Đam,20000,1
VNITE2026063017552230534,Bánh Flan,VNCAT2026012210371523325,BÁNH NGỌT,50000,1,,,VNMOG2026010214381357793,TOPPINGS NƯỚC SIZE M,0,14,VNMOD20260102143813069685,🫧Trân Châu Trắng,15000,1
VNITE2026063017552230534,Bánh Flan,VNCAT2026012210371523325,BÁNH NGỌT,50000,1,,,VNMOG2026010214381357793,TOPPINGS NƯỚC SIZE M,0,14,VNMOD20260128094817012683,💜Hạt Nổ Khoai Môn,30000,1
VNITE2026063017552230534,Bánh Flan,VNCAT2026012210371523325,BÁNH NGỌT,50000,1,,,VNMOG2026010214381357793,TOPPINGS NƯỚC SIZE M,0,14,VNMOD20260102143813118751,🍮Kem Flan,50000,1
VNITE2026063017552230534,Bánh Flan,VNCAT2026012210371523325,BÁNH NGỌT,50000,1,,,VNMOG2026010214381357793,TOPPINGS NƯỚC SIZE M,0,14,VNMOD20260102143813120730,🧂Kem Muối,15000,1
VNITE2026010215125658428,Sô-cô-la Nóng,VNCAT2025121001310249172,CÀ PHÊ,109000,1,,,VNMOG2026020118102586934,ĐƯỜNG CÀ PHÊ,1,1,VNMOD20260201181025010783,0% Sugar Level,0,1
VNITE2026010215125658428,Sô-cô-la Nóng,VNCAT2025121001310249172,CÀ PHÊ,109000,1,,,VNMOG2026020118102586934,ĐƯỜNG CÀ PHÊ,1,1,VNMOD20260201181025036485,50% Sugar Level,0,1
VNITE2026010215125658428,Sô-cô-la Nóng,VNCAT2025121001310249172,CÀ PHÊ,109000,1,,,VNMOG2026020118102586934,ĐƯỜNG CÀ PHÊ,1,1,VNMOD20260201181025050821,100% Sugar Level,0,1
VNITE2026010215125658428,Sô-cô-la Nóng,VNCAT2025121001310249172,CÀ PHÊ,109000,1,,,VNMOG2026020118102586934,ĐƯỜNG CÀ PHÊ,1,1,VNMOD20260610103659017420,Đường Ăn Kiêng,5000,1
VNITE2026010215125658428,Sô-cô-la Nóng,VNCAT2025121001310249172,CÀ PHÊ,109000,1,,,VNMOG2026053119273172949,LOẠI SỮA,1,1,VNMOD20260531192731014737,🥛Sữa Tươi Không Đường,0,1
VNITE2026010215125658428,Sô-cô-la Nóng,VNCAT2025121001310249172,CÀ PHÊ,109000,1,,,VNMOG2026053119273172949,LOẠI SỮA,1,1,VNMOD20260531192731021617,🥤Sữa Yến Mạch Oatside,18000,1
VNITE2026010215125658428,Sô-cô-la Nóng,VNCAT2025121001310249172,CÀ PHÊ,109000,1,,,VNMOG2026040205120434503,TRÂN CHÂU HẠT NỔ SIZE M,0,7,VNMOD20260509171054013175,🍈Trân Châu Nổ Dưa Lưới M,25000,1
VNITE2026010215125658428,Sô-cô-la Nóng,VNCAT2025121001310249172,CÀ PHÊ,109000,1,,,VNMOG2026040205120434503,TRÂN CHÂU HẠT NỔ SIZE M,0,7,VNMOD20260509171054029404,🥝Trân Châu Nổ Kiwi M,25000,1
VNITE2026010215125658428,Sô-cô-la Nóng,VNCAT2025121001310249172,CÀ PHÊ,109000,1,,,VNMOG2026040205120434503,TRÂN CHÂU HẠT NỔ SIZE M,0,7,VNMOD20260402051204015377,🍇Trân Châu Nổ Nho M,25000,1
VNITE2026010215125658428,Sô-cô-la Nóng,VNCAT2025121001310249172,CÀ PHÊ,109000,1,,,VNMOG2026040205120434503,TRÂN CHÂU HẠT NỔ SIZE M,0,7,VNMOD20260402051204027788,🫐Trân Châu Nổ Việt Quất M,25000,1
VNITE2026010215125658428,Sô-cô-la Nóng,VNCAT2025121001310249172,CÀ PHÊ,109000,1,,,VNMOG2026040205120434503,TRÂN CHÂU HẠT NỔ SIZE M,0,7,VNMOD20260402051204039633,🍓Trân Châu Nổ Dâu Tây M,25000,1
VNITE2026010215125658428,Sô-cô-la Nóng,VNCAT2025121001310249172,CÀ PHÊ,109000,1,,,VNMOG2026040205120434503,TRÂN CHÂU HẠT NỔ SIZE M,0,7,VNMOD20260402051204042483,🍑Trân Châu Nổ Đào M,25000,1
VNITE2026010215125658428,Sô-cô-la Nóng,VNCAT2025121001310249172,CÀ PHÊ,109000,1,,,VNMOG2026040205120434503,TRÂN CHÂU HẠT NỔ SIZE M,0,7,VNMOD20260402051204050121,🫙Trân Châu Nổ Sữa Chua M,25000,1
VNITE2026010215125658428,Sô-cô-la Nóng,VNCAT2025121001310249172,CÀ PHÊ,109000,1,,,VNMOG2026010214381357793,TOPPINGS NƯỚC SIZE M,0,14,VNMOD20260728120859016081,🏐Nhãn Nhục,40000,1
VNITE2026010215125658428,Sô-cô-la Nóng,VNCAT2025121001310249172,CÀ PHÊ,109000,1,,,VNMOG2026010214381357793,TOPPINGS NƯỚC SIZE M,0,14,VNMOD20260728120859024399,🍄Nấm Tuyết,30000,1
VNITE2026010215125658428,Sô-cô-la Nóng,VNCAT2025121001310249172,CÀ PHÊ,109000,1,,,VNMOG2026010214381357793,TOPPINGS NƯỚC SIZE M,0,14,VNMOD20260728120859035219,🫗Nhựa Đào,30000,1
VNITE2026010215125658428,Sô-cô-la Nóng,VNCAT2025121001310249172,CÀ PHÊ,109000,1,,,VNMOG2026010214381357793,TOPPINGS NƯỚC SIZE M,0,14,VNMOD20260525094214016070,🌼Vàng Lá,20000,1
VNITE2026010215125658428,Sô-cô-la Nóng,VNCAT2025121001310249172,CÀ PHÊ,109000,1,,,VNMOG2026010214381357793,TOPPINGS NƯỚC SIZE M,0,14,VNMOD20260525094214029352,🍭Kẹo Mút Xốp,20000,1
VNITE2026010215125658428,Sô-cô-la Nóng,VNCAT2025121001310249172,CÀ PHÊ,109000,1,,,VNMOG2026010214381357793,TOPPINGS NƯỚC SIZE M,0,14,VNMOD20260520121848014884,☕️Thạch Cafe,15000,1
VNITE2026010215125658428,Sô-cô-la Nóng,VNCAT2025121001310249172,CÀ PHÊ,109000,1,,,VNMOG2026010214381357793,TOPPINGS NƯỚC SIZE M,0,14,VNMOD20260509171133012746,🍑Thạch Dừa Vị Đào,15000,1
VNITE2026010215125658428,Sô-cô-la Nóng,VNCAT2025121001310249172,CÀ PHÊ,109000,1,,,VNMOG2026010214381357793,TOPPINGS NƯỚC SIZE M,0,14,VNMOD20260509171133025336,🩶Hạt Chia,10000,1
VNITE2026010215125658428,Sô-cô-la Nóng,VNCAT2025121001310249172,CÀ PHÊ,109000,1,,,VNMOG2026010214381357793,TOPPINGS NƯỚC SIZE M,0,14,VNMOD20260520121848024526,🍑Mochi Đào,30000,1
VNITE2026010215125658428,Sô-cô-la Nóng,VNCAT2025121001310249172,CÀ PHÊ,109000,1,,,VNMOG2026010214381357793,TOPPINGS NƯỚC SIZE M,0,14,VNMOD20260102143813012309,⚪️Khúc Bạch,30000,1
VNITE2026010215125658428,Sô-cô-la Nóng,VNCAT2025121001310249172,CÀ PHÊ,109000,1,,,VNMOG2026010214381357793,TOPPINGS NƯỚC SIZE M,0,14,VNMOD20260102143813021051,🖤Sương Sáo,15000,1
VNITE2026010215125658428,Sô-cô-la Nóng,VNCAT2025121001310249172,CÀ PHÊ,109000,1,,,VNMOG2026010214381357793,TOPPINGS NƯỚC SIZE M,0,14,VNMOD20260102143813035207,🍵Thạch Matcha,15000,1
VNITE2026010215125658428,Sô-cô-la Nóng,VNCAT2025121001310249172,CÀ PHÊ,109000,1,,,VNMOG2026010214381357793,TOPPINGS NƯỚC SIZE M,0,14,VNMOD20260102143813047639,🍀Thạch Nha Đam,20000,1
VNITE2026010215125658428,Sô-cô-la Nóng,VNCAT2025121001310249172,CÀ PHÊ,109000,1,,,VNMOG2026010214381357793,TOPPINGS NƯỚC SIZE M,0,14,VNMOD20260102143813069685,🫧Trân Châu Trắng,15000,1
VNITE2026010215125658428,Sô-cô-la Nóng,VNCAT2025121001310249172,CÀ PHÊ,109000,1,,,VNMOG2026010214381357793,TOPPINGS NƯỚC SIZE M,0,14,VNMOD20260128094817012683,💜Hạt Nổ Khoai Môn,30000,1
VNITE2026010215125658428,Sô-cô-la Nóng,VNCAT2025121001310249172,CÀ PHÊ,109000,1,,,VNMOG2026010214381357793,TOPPINGS NƯỚC SIZE M,0,14,VNMOD20260102143813118751,🍮Kem Flan,50000,1
VNITE2026010215125658428,Sô-cô-la Nóng,VNCAT2025121001310249172,CÀ PHÊ,109000,1,,,VNMOG2026010214381357793,TOPPINGS NƯỚC SIZE M,0,14,VNMOD20260102143813120730,🧂Kem Muối,15000,1
VNITE2026012800592253903,Sô cô la Sữa Đá,VNCAT2025121001310249172,CÀ PHÊ,109000,1,,,VNMOG2026063019295671630,MỨC ĐÁ CAFE,1,1,VNMOD20260630192956015947,50% Đá,0,1
VNITE2026012800592253903,Sô cô la Sữa Đá,VNCAT2025121001310249172,CÀ PHÊ,109000,1,,,VNMOG2026063019295671630,MỨC ĐÁ CAFE,1,1,VNMOD20260630192956022243,100% Đá,0,1
VNITE2026012800592253903,Sô cô la Sữa Đá,VNCAT2025121001310249172,CÀ PHÊ,109000,1,,,VNMOG2026063019295671630,MỨC ĐÁ CAFE,1,1,VNMOD20260630192956031555,Đá Riêng Đựng Túi Zip,5000,1
VNITE2026012800592253903,Sô cô la Sữa Đá,VNCAT2025121001310249172,CÀ PHÊ,109000,1,,,VNMOG2026020118102586934,ĐƯỜNG CÀ PHÊ,1,1,VNMOD20260201181025010783,0% Sugar Level,0,1
VNITE2026012800592253903,Sô cô la Sữa Đá,VNCAT2025121001310249172,CÀ PHÊ,109000,1,,,VNMOG2026020118102586934,ĐƯỜNG CÀ PHÊ,1,1,VNMOD20260201181025036485,50% Sugar Level,0,1
VNITE2026012800592253903,Sô cô la Sữa Đá,VNCAT2025121001310249172,CÀ PHÊ,109000,1,,,VNMOG2026020118102586934,ĐƯỜNG CÀ PHÊ,1,1,VNMOD20260201181025050821,100% Sugar Level,0,1
VNITE2026012800592253903,Sô cô la Sữa Đá,VNCAT2025121001310249172,CÀ PHÊ,109000,1,,,VNMOG2026020118102586934,ĐƯỜNG CÀ PHÊ,1,1,VNMOD20260610103659017420,Đường Ăn Kiêng,5000,1
VNITE2026012800592253903,Sô cô la Sữa Đá,VNCAT2025121001310249172,CÀ PHÊ,109000,1,,,VNMOG2026053119273172949,LOẠI SỮA,1,1,VNMOD20260531192731014737,🥛Sữa Tươi Không Đường,0,1
VNITE2026012800592253903,Sô cô la Sữa Đá,VNCAT2025121001310249172,CÀ PHÊ,109000,1,,,VNMOG2026053119273172949,LOẠI SỮA,1,1,VNMOD20260531192731021617,🥤Sữa Yến Mạch Oatside,18000,1
VNITE2026012800592253903,Sô cô la Sữa Đá,VNCAT2025121001310249172,CÀ PHÊ,109000,1,,,VNMOG2026040205120434503,TRÂN CHÂU HẠT NỔ SIZE M,0,7,VNMOD20260509171054013175,🍈Trân Châu Nổ Dưa Lưới M,25000,1
VNITE2026012800592253903,Sô cô la Sữa Đá,VNCAT2025121001310249172,CÀ PHÊ,109000,1,,,VNMOG2026040205120434503,TRÂN CHÂU HẠT NỔ SIZE M,0,7,VNMOD20260509171054029404,🥝Trân Châu Nổ Kiwi M,25000,1
VNITE2026012800592253903,Sô cô la Sữa Đá,VNCAT2025121001310249172,CÀ PHÊ,109000,1,,,VNMOG2026040205120434503,TRÂN CHÂU HẠT NỔ SIZE M,0,7,VNMOD20260402051204015377,🍇Trân Châu Nổ Nho M,25000,1
VNITE2026012800592253903,Sô cô la Sữa Đá,VNCAT2025121001310249172,CÀ PHÊ,109000,1,,,VNMOG2026040205120434503,TRÂN CHÂU HẠT NỔ SIZE M,0,7,VNMOD20260402051204027788,🫐Trân Châu Nổ Việt Quất M,25000,1
VNITE2026012800592253903,Sô cô la Sữa Đá,VNCAT2025121001310249172,CÀ PHÊ,109000,1,,,VNMOG2026040205120434503,TRÂN CHÂU HẠT NỔ SIZE M,0,7,VNMOD20260402051204039633,🍓Trân Châu Nổ Dâu Tây M,25000,1
VNITE2026012800592253903,Sô cô la Sữa Đá,VNCAT2025121001310249172,CÀ PHÊ,109000,1,,,VNMOG2026040205120434503,TRÂN CHÂU HẠT NỔ SIZE M,0,7,VNMOD20260402051204042483,🍑Trân Châu Nổ Đào M,25000,1
VNITE2026012800592253903,Sô cô la Sữa Đá,VNCAT2025121001310249172,CÀ PHÊ,109000,1,,,VNMOG2026040205120434503,TRÂN CHÂU HẠT NỔ SIZE M,0,7,VNMOD20260402051204050121,🫙Trân Châu Nổ Sữa Chua M,25000,1
VNITE2026012800592253903,Sô cô la Sữa Đá,VNCAT2025121001310249172,CÀ PHÊ,109000,1,,,VNMOG2026010214381357793,TOPPINGS NƯỚC SIZE M,0,14,VNMOD20260728120859016081,🏐Nhãn Nhục,40000,1
VNITE2026012800592253903,Sô cô la Sữa Đá,VNCAT2025121001310249172,CÀ PHÊ,109000,1,,,VNMOG2026010214381357793,TOPPINGS NƯỚC SIZE M,0,14,VNMOD20260728120859024399,🍄Nấm Tuyết,30000,1
VNITE2026012800592253903,Sô cô la Sữa Đá,VNCAT2025121001310249172,CÀ PHÊ,109000,1,,,VNMOG2026010214381357793,TOPPINGS NƯỚC SIZE M,0,14,VNMOD20260728120859035219,🫗Nhựa Đào,30000,1
VNITE2026012800592253903,Sô cô la Sữa Đá,VNCAT2025121001310249172,CÀ PHÊ,109000,1,,,VNMOG2026010214381357793,TOPPINGS NƯỚC SIZE M,0,14,VNMOD20260525094214016070,🌼Vàng Lá,20000,1
VNITE2026012800592253903,Sô cô la Sữa Đá,VNCAT2025121001310249172,CÀ PHÊ,109000,1,,,VNMOG2026010214381357793,TOPPINGS NƯỚC SIZE M,0,14,VNMOD20260525094214029352,🍭Kẹo Mút Xốp,20000,1
VNITE2026012800592253903,Sô cô la Sữa Đá,VNCAT2025121001310249172,CÀ PHÊ,109000,1,,,VNMOG2026010214381357793,TOPPINGS NƯỚC SIZE M,0,14,VNMOD20260520121848014884,☕️Thạch Cafe,15000,1
VNITE2026012800592253903,Sô cô la Sữa Đá,VNCAT2025121001310249172,CÀ PHÊ,109000,1,,,VNMOG2026010214381357793,TOPPINGS NƯỚC SIZE M,0,14,VNMOD20260509171133012746,🍑Thạch Dừa Vị Đào,15000,1
VNITE2026012800592253903,Sô cô la Sữa Đá,VNCAT2025121001310249172,CÀ PHÊ,109000,1,,,VNMOG2026010214381357793,TOPPINGS NƯỚC SIZE M,0,14,VNMOD20260509171133025336,🩶Hạt Chia,10000,1
VNITE2026012800592253903,Sô cô la Sữa Đá,VNCAT2025121001310249172,CÀ PHÊ,109000,1,,,VNMOG2026010214381357793,TOPPINGS NƯỚC SIZE M,0,14,VNMOD20260520121848024526,🍑Mochi Đào,30000,1
VNITE2026012800592253903,Sô cô la Sữa Đá,VNCAT2025121001310249172,CÀ PHÊ,109000,1,,,VNMOG2026010214381357793,TOPPINGS NƯỚC SIZE M,0,14,VNMOD20260102143813012309,⚪️Khúc Bạch,30000,1
VNITE2026012800592253903,Sô cô la Sữa Đá,VNCAT2025121001310249172,CÀ PHÊ,109000,1,,,VNMOG2026010214381357793,TOPPINGS NƯỚC SIZE M,0,14,VNMOD20260102143813021051,🖤Sương Sáo,15000,1
VNITE2026012800592253903,Sô cô la Sữa Đá,VNCAT2025121001310249172,CÀ PHÊ,109000,1,,,VNMOG2026010214381357793,TOPPINGS NƯỚC SIZE M,0,14,VNMOD20260102143813035207,🍵Thạch Matcha,15000,1
VNITE2026012800592253903,Sô cô la Sữa Đá,VNCAT2025121001310249172,CÀ PHÊ,109000,1,,,VNMOG2026010214381357793,TOPPINGS NƯỚC SIZE M,0,14,VNMOD20260102143813047639,🍀Thạch Nha Đam,20000,1
VNITE2026012800592253903,Sô cô la Sữa Đá,VNCAT2025121001310249172,CÀ PHÊ,109000,1,,,VNMOG2026010214381357793,TOPPINGS NƯỚC SIZE M,0,14,VNMOD20260102143813069685,🫧Trân Châu Trắng,15000,1
VNITE2026012800592253903,Sô cô la Sữa Đá,VNCAT2025121001310249172,CÀ PHÊ,109000,1,,,VNMOG2026010214381357793,TOPPINGS NƯỚC SIZE M,0,14,VNMOD20260128094817012683,💜Hạt Nổ Khoai Môn,30000,1
VNITE2026012800592253903,Sô cô la Sữa Đá,VNCAT2025121001310249172,CÀ PHÊ,109000,1,,,VNMOG2026010214381357793,TOPPINGS NƯỚC SIZE M,0,14,VNMOD20260102143813118751,🍮Kem Flan,50000,1
VNITE2026012800592253903,Sô cô la Sữa Đá,VNCAT2025121001310249172,CÀ PHÊ,109000,1,,,VNMOG2026010214381357793,TOPPINGS NƯỚC SIZE M,0,14,VNMOD20260102143813120730,🧂Kem Muối,15000,1
VNITE20251210013102045370,Latte Nóng,VNCAT2025121001310249172,CÀ PHÊ,59000,1,,,VNMOG2026032921444032187,TĂNG SHOT CÀ PHÊ,0,2,VNMOD20260329214440017749,☕️☕️2 Shot,39000,1
VNITE20251210013102045370,Latte Nóng,VNCAT2025121001310249172,CÀ PHÊ,59000,1,,,VNMOG2026032921444032187,TĂNG SHOT CÀ PHÊ,0,2,VNMOD20260329214440034957,☕️1 Shot,29000,1
VNITE20251210013102045370,Latte Nóng,VNCAT2025121001310249172,CÀ PHÊ,59000,1,,,VNMOG2026040205120434503,TRÂN CHÂU HẠT NỔ SIZE M,0,7,VNMOD20260509171054013175,🍈Trân Châu Nổ Dưa Lưới M,25000,1
VNITE20251210013102045370,Latte Nóng,VNCAT2025121001310249172,CÀ PHÊ,59000,1,,,VNMOG2026040205120434503,TRÂN CHÂU HẠT NỔ SIZE M,0,7,VNMOD20260509171054029404,🥝Trân Châu Nổ Kiwi M,25000,1
VNITE20251210013102045370,Latte Nóng,VNCAT2025121001310249172,CÀ PHÊ,59000,1,,,VNMOG2026040205120434503,TRÂN CHÂU HẠT NỔ SIZE M,0,7,VNMOD20260402051204015377,🍇Trân Châu Nổ Nho M,25000,1
VNITE20251210013102045370,Latte Nóng,VNCAT2025121001310249172,CÀ PHÊ,59000,1,,,VNMOG2026040205120434503,TRÂN CHÂU HẠT NỔ SIZE M,0,7,VNMOD20260402051204027788,🫐Trân Châu Nổ Việt Quất M,25000,1
VNITE20251210013102045370,Latte Nóng,VNCAT2025121001310249172,CÀ PHÊ,59000,1,,,VNMOG2026040205120434503,TRÂN CHÂU HẠT NỔ SIZE M,0,7,VNMOD20260402051204039633,🍓Trân Châu Nổ Dâu Tây M,25000,1
VNITE20251210013102045370,Latte Nóng,VNCAT2025121001310249172,CÀ PHÊ,59000,1,,,VNMOG2026040205120434503,TRÂN CHÂU HẠT NỔ SIZE M,0,7,VNMOD20260402051204042483,🍑Trân Châu Nổ Đào M,25000,1
VNITE20251210013102045370,Latte Nóng,VNCAT2025121001310249172,CÀ PHÊ,59000,1,,,VNMOG2026040205120434503,TRÂN CHÂU HẠT NỔ SIZE M,0,7,VNMOD20260402051204050121,🫙Trân Châu Nổ Sữa Chua M,25000,1
VNITE20251210013102045370,Latte Nóng,VNCAT2025121001310249172,CÀ PHÊ,59000,1,,,VNMOG2026053119273172949,LOẠI SỮA,1,1,VNMOD20260531192731014737,🥛Sữa Tươi Không Đường,0,1
VNITE20251210013102045370,Latte Nóng,VNCAT2025121001310249172,CÀ PHÊ,59000,1,,,VNMOG2026053119273172949,LOẠI SỮA,1,1,VNMOD20260531192731021617,🥤Sữa Yến Mạch Oatside,18000,1
VNITE20251210013102045370,Latte Nóng,VNCAT2025121001310249172,CÀ PHÊ,59000,1,,,VNMOG2026010214381357793,TOPPINGS NƯỚC SIZE M,0,14,VNMOD20260728120859016081,🏐Nhãn Nhục,40000,1
VNITE20251210013102045370,Latte Nóng,VNCAT2025121001310249172,CÀ PHÊ,59000,1,,,VNMOG2026010214381357793,TOPPINGS NƯỚC SIZE M,0,14,VNMOD20260728120859024399,🍄Nấm Tuyết,30000,1
VNITE20251210013102045370,Latte Nóng,VNCAT2025121001310249172,CÀ PHÊ,59000,1,,,VNMOG2026010214381357793,TOPPINGS NƯỚC SIZE M,0,14,VNMOD20260728120859035219,🫗Nhựa Đào,30000,1
VNITE20251210013102045370,Latte Nóng,VNCAT2025121001310249172,CÀ PHÊ,59000,1,,,VNMOG2026010214381357793,TOPPINGS NƯỚC SIZE M,0,14,VNMOD20260525094214016070,🌼Vàng Lá,20000,1
VNITE20251210013102045370,Latte Nóng,VNCAT2025121001310249172,CÀ PHÊ,59000,1,,,VNMOG2026010214381357793,TOPPINGS NƯỚC SIZE M,0,14,VNMOD20260525094214029352,🍭Kẹo Mút Xốp,20000,1
VNITE20251210013102045370,Latte Nóng,VNCAT2025121001310249172,CÀ PHÊ,59000,1,,,VNMOG2026010214381357793,TOPPINGS NƯỚC SIZE M,0,14,VNMOD20260520121848014884,☕️Thạch Cafe,15000,1
VNITE20251210013102045370,Latte Nóng,VNCAT2025121001310249172,CÀ PHÊ,59000,1,,,VNMOG2026010214381357793,TOPPINGS NƯỚC SIZE M,0,14,VNMOD20260509171133012746,🍑Thạch Dừa Vị Đào,15000,1
VNITE20251210013102045370,Latte Nóng,VNCAT2025121001310249172,CÀ PHÊ,59000,1,,,VNMOG2026010214381357793,TOPPINGS NƯỚC SIZE M,0,14,VNMOD20260509171133025336,🩶Hạt Chia,10000,1
VNITE20251210013102045370,Latte Nóng,VNCAT2025121001310249172,CÀ PHÊ,59000,1,,,VNMOG2026010214381357793,TOPPINGS NƯỚC SIZE M,0,14,VNMOD20260520121848024526,🍑Mochi Đào,30000,1
VNITE20251210013102045370,Latte Nóng,VNCAT2025121001310249172,CÀ PHÊ,59000,1,,,VNMOG2026010214381357793,TOPPINGS NƯỚC SIZE M,0,14,VNMOD20260102143813012309,⚪️Khúc Bạch,30000,1
VNITE20251210013102045370,Latte Nóng,VNCAT2025121001310249172,CÀ PHÊ,59000,1,,,VNMOG2026010214381357793,TOPPINGS NƯỚC SIZE M,0,14,VNMOD20260102143813021051,🖤Sương Sáo,15000,1
VNITE20251210013102045370,Latte Nóng,VNCAT2025121001310249172,CÀ PHÊ,59000,1,,,VNMOG2026010214381357793,TOPPINGS NƯỚC SIZE M,0,14,VNMOD20260102143813035207,🍵Thạch Matcha,15000,1
VNITE20251210013102045370,Latte Nóng,VNCAT2025121001310249172,CÀ PHÊ,59000,1,,,VNMOG2026010214381357793,TOPPINGS NƯỚC SIZE M,0,14,VNMOD20260102143813047639,🍀Thạch Nha Đam,20000,1
VNITE20251210013102045370,Latte Nóng,VNCAT2025121001310249172,CÀ PHÊ,59000,1,,,VNMOG2026010214381357793,TOPPINGS NƯỚC SIZE M,0,14,VNMOD20260102143813069685,🫧Trân Châu Trắng,15000,1
VNITE20251210013102045370,Latte Nóng,VNCAT2025121001310249172,CÀ PHÊ,59000,1,,,VNMOG2026010214381357793,TOPPINGS NƯỚC SIZE M,0,14,VNMOD20260128094817012683,💜Hạt Nổ Khoai Môn,30000,1
VNITE20251210013102045370,Latte Nóng,VNCAT2025121001310249172,CÀ PHÊ,59000,1,,,VNMOG2026010214381357793,TOPPINGS NƯỚC SIZE M,0,14,VNMOD20260102143813118751,🍮Kem Flan,50000,1
VNITE20251210013102045370,Latte Nóng,VNCAT2025121001310249172,CÀ PHÊ,59000,1,,,VNMOG2026010214381357793,TOPPINGS NƯỚC SIZE M,0,14,VNMOD20260102143813120730,🧂Kem Muối,15000,1
VNITE2026063018022965702,Latte Đá,VNCAT2025121001310249172,CÀ PHÊ,59000,1,,,VNMOG2026010214381357793,TOPPINGS NƯỚC SIZE M,0,14,VNMOD20260728120859016081,🏐Nhãn Nhục,40000,1
VNITE2026063018022965702,Latte Đá,VNCAT2025121001310249172,CÀ PHÊ,59000,1,,,VNMOG2026010214381357793,TOPPINGS NƯỚC SIZE M,0,14,VNMOD20260728120859024399,🍄Nấm Tuyết,30000,1
VNITE2026063018022965702,Latte Đá,VNCAT2025121001310249172,CÀ PHÊ,59000,1,,,VNMOG2026010214381357793,TOPPINGS NƯỚC SIZE M,0,14,VNMOD20260728120859035219,🫗Nhựa Đào,30000,1
VNITE2026063018022965702,Latte Đá,VNCAT2025121001310249172,CÀ PHÊ,59000,1,,,VNMOG2026010214381357793,TOPPINGS NƯỚC SIZE M,0,14,VNMOD20260525094214016070,🌼Vàng Lá,20000,1
VNITE2026063018022965702,Latte Đá,VNCAT2025121001310249172,CÀ PHÊ,59000,1,,,VNMOG2026010214381357793,TOPPINGS NƯỚC SIZE M,0,14,VNMOD20260525094214029352,🍭Kẹo Mút Xốp,20000,1
VNITE2026063018022965702,Latte Đá,VNCAT2025121001310249172,CÀ PHÊ,59000,1,,,VNMOG2026010214381357793,TOPPINGS NƯỚC SIZE M,0,14,VNMOD20260520121848014884,☕️Thạch Cafe,15000,1
VNITE2026063018022965702,Latte Đá,VNCAT2025121001310249172,CÀ PHÊ,59000,1,,,VNMOG2026010214381357793,TOPPINGS NƯỚC SIZE M,0,14,VNMOD20260509171133012746,🍑Thạch Dừa Vị Đào,15000,1
VNITE2026063018022965702,Latte Đá,VNCAT2025121001310249172,CÀ PHÊ,59000,1,,,VNMOG2026010214381357793,TOPPINGS NƯỚC SIZE M,0,14,VNMOD20260509171133025336,🩶Hạt Chia,10000,1
VNITE2026063018022965702,Latte Đá,VNCAT2025121001310249172,CÀ PHÊ,59000,1,,,VNMOG2026010214381357793,TOPPINGS NƯỚC SIZE M,0,14,VNMOD20260520121848024526,🍑Mochi Đào,30000,1
VNITE2026063018022965702,Latte Đá,VNCAT2025121001310249172,CÀ PHÊ,59000,1,,,VNMOG2026010214381357793,TOPPINGS NƯỚC SIZE M,0,14,VNMOD20260102143813012309,⚪️Khúc Bạch,30000,1
VNITE2026063018022965702,Latte Đá,VNCAT2025121001310249172,CÀ PHÊ,59000,1,,,VNMOG2026010214381357793,TOPPINGS NƯỚC SIZE M,0,14,VNMOD20260102143813021051,🖤Sương Sáo,15000,1
VNITE2026063018022965702,Latte Đá,VNCAT2025121001310249172,CÀ PHÊ,59000,1,,,VNMOG2026010214381357793,TOPPINGS NƯỚC SIZE M,0,14,VNMOD20260102143813035207,🍵Thạch Matcha,15000,1
VNITE2026063018022965702,Latte Đá,VNCAT2025121001310249172,CÀ PHÊ,59000,1,,,VNMOG2026010214381357793,TOPPINGS NƯỚC SIZE M,0,14,VNMOD20260102143813047639,🍀Thạch Nha Đam,20000,1
VNITE2026063018022965702,Latte Đá,VNCAT2025121001310249172,CÀ PHÊ,59000,1,,,VNMOG2026010214381357793,TOPPINGS NƯỚC SIZE M,0,14,VNMOD20260102143813069685,🫧Trân Châu Trắng,15000,1
VNITE2026063018022965702,Latte Đá,VNCAT2025121001310249172,CÀ PHÊ,59000,1,,,VNMOG2026010214381357793,TOPPINGS NƯỚC SIZE M,0,14,VNMOD20260128094817012683,💜Hạt Nổ Khoai Môn,30000,1
VNITE2026063018022965702,Latte Đá,VNCAT2025121001310249172,CÀ PHÊ,59000,1,,,VNMOG2026010214381357793,TOPPINGS NƯỚC SIZE M,0,14,VNMOD20260102143813118751,🍮Kem Flan,50000,1
VNITE2026063018022965702,Latte Đá,VNCAT2025121001310249172,CÀ PHÊ,59000,1,,,VNMOG2026010214381357793,TOPPINGS NƯỚC SIZE M,0,14,VNMOD20260102143813120730,🧂Kem Muối,15000,1
VNITE2026063018022965702,Latte Đá,VNCAT2025121001310249172,CÀ PHÊ,59000,1,,,VNMOG2026053119273172949,LOẠI SỮA,1,1,VNMOD20260531192731014737,🥛Sữa Tươi Không Đường,0,1
VNITE2026063018022965702,Latte Đá,VNCAT2025121001310249172,CÀ PHÊ,59000,1,,,VNMOG2026053119273172949,LOẠI SỮA,1,1,VNMOD20260531192731021617,🥤Sữa Yến Mạch Oatside,18000,1
VNITE2026063018022965702,Latte Đá,VNCAT2025121001310249172,CÀ PHÊ,59000,1,,,VNMOG2026040205120434503,TRÂN CHÂU HẠT NỔ SIZE M,0,7,VNMOD20260509171054013175,🍈Trân Châu Nổ Dưa Lưới M,25000,1
VNITE2026063018022965702,Latte Đá,VNCAT2025121001310249172,CÀ PHÊ,59000,1,,,VNMOG2026040205120434503,TRÂN CHÂU HẠT NỔ SIZE M,0,7,VNMOD20260509171054029404,🥝Trân Châu Nổ Kiwi M,25000,1
VNITE2026063018022965702,Latte Đá,VNCAT2025121001310249172,CÀ PHÊ,59000,1,,,VNMOG2026040205120434503,TRÂN CHÂU HẠT NỔ SIZE M,0,7,VNMOD20260402051204015377,🍇Trân Châu Nổ Nho M,25000,1
VNITE2026063018022965702,Latte Đá,VNCAT2025121001310249172,CÀ PHÊ,59000,1,,,VNMOG2026040205120434503,TRÂN CHÂU HẠT NỔ SIZE M,0,7,VNMOD20260402051204027788,🫐Trân Châu Nổ Việt Quất M,25000,1
VNITE2026063018022965702,Latte Đá,VNCAT2025121001310249172,CÀ PHÊ,59000,1,,,VNMOG2026040205120434503,TRÂN CHÂU HẠT NỔ SIZE M,0,7,VNMOD20260402051204039633,🍓Trân Châu Nổ Dâu Tây M,25000,1
VNITE2026063018022965702,Latte Đá,VNCAT2025121001310249172,CÀ PHÊ,59000,1,,,VNMOG2026040205120434503,TRÂN CHÂU HẠT NỔ SIZE M,0,7,VNMOD20260402051204042483,🍑Trân Châu Nổ Đào M,25000,1
VNITE2026063018022965702,Latte Đá,VNCAT2025121001310249172,CÀ PHÊ,59000,1,,,VNMOG2026040205120434503,TRÂN CHÂU HẠT NỔ SIZE M,0,7,VNMOD20260402051204050121,🫙Trân Châu Nổ Sữa Chua M,25000,1
VNITE2026063018022965702,Latte Đá,VNCAT2025121001310249172,CÀ PHÊ,59000,1,,,VNMOG2026032921444032187,TĂNG SHOT CÀ PHÊ,0,2,VNMOD20260329214440017749,☕️☕️2 Shot,39000,1
VNITE2026063018022965702,Latte Đá,VNCAT2025121001310249172,CÀ PHÊ,59000,1,,,VNMOG2026032921444032187,TĂNG SHOT CÀ PHÊ,0,2,VNMOD20260329214440034957,☕️1 Shot,29000,1
VNITE2026063018022965702,Latte Đá,VNCAT2025121001310249172,CÀ PHÊ,59000,1,,,VNMOG2026063019295671630,MỨC ĐÁ CAFE,1,1,VNMOD20260630192956015947,50% Đá,0,1
VNITE2026063018022965702,Latte Đá,VNCAT2025121001310249172,CÀ PHÊ,59000,1,,,VNMOG2026063019295671630,MỨC ĐÁ CAFE,1,1,VNMOD20260630192956022243,100% Đá,0,1
VNITE2026063018022965702,Latte Đá,VNCAT2025121001310249172,CÀ PHÊ,59000,1,,,VNMOG2026063019295671630,MỨC ĐÁ CAFE,1,1,VNMOD20260630192956031555,Đá Riêng Đựng Túi Zip,5000,1
VNITE20251210013102121801,Capuchino,VNCAT2025121001310249172,CÀ PHÊ,59000,1,,,VNMOG2026032921444032187,TĂNG SHOT CÀ PHÊ,0,2,VNMOD20260329214440017749,☕️☕️2 Shot,39000,1
VNITE20251210013102121801,Capuchino,VNCAT2025121001310249172,CÀ PHÊ,59000,1,,,VNMOG2026032921444032187,TĂNG SHOT CÀ PHÊ,0,2,VNMOD20260329214440034957,☕️1 Shot,29000,1
VNITE20251210013102121801,Capuchino,VNCAT2025121001310249172,CÀ PHÊ,59000,1,,,VNMOG2026040205120434503,TRÂN CHÂU HẠT NỔ SIZE M,0,7,VNMOD20260509171054013175,🍈Trân Châu Nổ Dưa Lưới M,25000,1
VNITE20251210013102121801,Capuchino,VNCAT2025121001310249172,CÀ PHÊ,59000,1,,,VNMOG2026040205120434503,TRÂN CHÂU HẠT NỔ SIZE M,0,7,VNMOD20260509171054029404,🥝Trân Châu Nổ Kiwi M,25000,1
VNITE20251210013102121801,Capuchino,VNCAT2025121001310249172,CÀ PHÊ,59000,1,,,VNMOG2026040205120434503,TRÂN CHÂU HẠT NỔ SIZE M,0,7,VNMOD20260402051204015377,🍇Trân Châu Nổ Nho M,25000,1
VNITE20251210013102121801,Capuchino,VNCAT2025121001310249172,CÀ PHÊ,59000,1,,,VNMOG2026040205120434503,TRÂN CHÂU HẠT NỔ SIZE M,0,7,VNMOD20260402051204027788,🫐Trân Châu Nổ Việt Quất M,25000,1
VNITE20251210013102121801,Capuchino,VNCAT2025121001310249172,CÀ PHÊ,59000,1,,,VNMOG2026040205120434503,TRÂN CHÂU HẠT NỔ SIZE M,0,7,VNMOD20260402051204039633,🍓Trân Châu Nổ Dâu Tây M,25000,1
VNITE20251210013102121801,Capuchino,VNCAT2025121001310249172,CÀ PHÊ,59000,1,,,VNMOG2026040205120434503,TRÂN CHÂU HẠT NỔ SIZE M,0,7,VNMOD20260402051204042483,🍑Trân Châu Nổ Đào M,25000,1
VNITE20251210013102121801,Capuchino,VNCAT2025121001310249172,CÀ PHÊ,59000,1,,,VNMOG2026040205120434503,TRÂN CHÂU HẠT NỔ SIZE M,0,7,VNMOD20260402051204050121,🫙Trân Châu Nổ Sữa Chua M,25000,1
VNITE20251210013102121801,Capuchino,VNCAT2025121001310249172,CÀ PHÊ,59000,1,,,VNMOG2026053119273172949,LOẠI SỮA,1,1,VNMOD20260531192731014737,🥛Sữa Tươi Không Đường,0,1
VNITE20251210013102121801,Capuchino,VNCAT2025121001310249172,CÀ PHÊ,59000,1,,,VNMOG2026053119273172949,LOẠI SỮA,1,1,VNMOD20260531192731021617,🥤Sữa Yến Mạch Oatside,18000,1
VNITE20251210013102121801,Capuchino,VNCAT2025121001310249172,CÀ PHÊ,59000,1,,,VNMOG2026010214381357793,TOPPINGS NƯỚC SIZE M,0,14,VNMOD20260728120859016081,🏐Nhãn Nhục,40000,1
VNITE20251210013102121801,Capuchino,VNCAT2025121001310249172,CÀ PHÊ,59000,1,,,VNMOG2026010214381357793,TOPPINGS NƯỚC SIZE M,0,14,VNMOD20260728120859024399,🍄Nấm Tuyết,30000,1
VNITE20251210013102121801,Capuchino,VNCAT2025121001310249172,CÀ PHÊ,59000,1,,,VNMOG2026010214381357793,TOPPINGS NƯỚC SIZE M,0,14,VNMOD20260728120859035219,🫗Nhựa Đào,30000,1
VNITE20251210013102121801,Capuchino,VNCAT2025121001310249172,CÀ PHÊ,59000,1,,,VNMOG2026010214381357793,TOPPINGS NƯỚC SIZE M,0,14,VNMOD20260525094214016070,🌼Vàng Lá,20000,1
VNITE20251210013102121801,Capuchino,VNCAT2025121001310249172,CÀ PHÊ,59000,1,,,VNMOG2026010214381357793,TOPPINGS NƯỚC SIZE M,0,14,VNMOD20260525094214029352,🍭Kẹo Mút Xốp,20000,1
VNITE20251210013102121801,Capuchino,VNCAT2025121001310249172,CÀ PHÊ,59000,1,,,VNMOG2026010214381357793,TOPPINGS NƯỚC SIZE M,0,14,VNMOD20260520121848014884,☕️Thạch Cafe,15000,1
VNITE20251210013102121801,Capuchino,VNCAT2025121001310249172,CÀ PHÊ,59000,1,,,VNMOG2026010214381357793,TOPPINGS NƯỚC SIZE M,0,14,VNMOD20260509171133012746,🍑Thạch Dừa Vị Đào,15000,1
VNITE20251210013102121801,Capuchino,VNCAT2025121001310249172,CÀ PHÊ,59000,1,,,VNMOG2026010214381357793,TOPPINGS NƯỚC SIZE M,0,14,VNMOD20260509171133025336,🩶Hạt Chia,10000,1
VNITE20251210013102121801,Capuchino,VNCAT2025121001310249172,CÀ PHÊ,59000,1,,,VNMOG2026010214381357793,TOPPINGS NƯỚC SIZE M,0,14,VNMOD20260520121848024526,🍑Mochi Đào,30000,1
VNITE20251210013102121801,Capuchino,VNCAT2025121001310249172,CÀ PHÊ,59000,1,,,VNMOG2026010214381357793,TOPPINGS NƯỚC SIZE M,0,14,VNMOD20260102143813012309,⚪️Khúc Bạch,30000,1
VNITE20251210013102121801,Capuchino,VNCAT2025121001310249172,CÀ PHÊ,59000,1,,,VNMOG2026010214381357793,TOPPINGS NƯỚC SIZE M,0,14,VNMOD20260102143813021051,🖤Sương Sáo,15000,1
VNITE20251210013102121801,Capuchino,VNCAT2025121001310249172,CÀ PHÊ,59000,1,,,VNMOG2026010214381357793,TOPPINGS NƯỚC SIZE M,0,14,VNMOD20260102143813035207,🍵Thạch Matcha,15000,1
VNITE20251210013102121801,Capuchino,VNCAT2025121001310249172,CÀ PHÊ,59000,1,,,VNMOG2026010214381357793,TOPPINGS NƯỚC SIZE M,0,14,VNMOD20260102143813047639,🍀Thạch Nha Đam,20000,1
VNITE20251210013102121801,Capuchino,VNCAT2025121001310249172,CÀ PHÊ,59000,1,,,VNMOG2026010214381357793,TOPPINGS NƯỚC SIZE M,0,14,VNMOD20260102143813069685,🫧Trân Châu Trắng,15000,1
VNITE20251210013102121801,Capuchino,VNCAT2025121001310249172,CÀ PHÊ,59000,1,,,VNMOG2026010214381357793,TOPPINGS NƯỚC SIZE M,0,14,VNMOD20260128094817012683,💜Hạt Nổ Khoai Môn,30000,1
VNITE20251210013102121801,Capuchino,VNCAT2025121001310249172,CÀ PHÊ,59000,1,,,VNMOG2026010214381357793,TOPPINGS NƯỚC SIZE M,0,14,VNMOD20260102143813118751,🍮Kem Flan,50000,1
VNITE20251210013102121801,Capuchino,VNCAT2025121001310249172,CÀ PHÊ,59000,1,,,VNMOG2026010214381357793,TOPPINGS NƯỚC SIZE M,0,14,VNMOD20260102143813120730,🧂Kem Muối,15000,1
VNITE20251210013102058502,Espresso,VNCAT2025121001310249172,CÀ PHÊ,49000,1,,,VNMOG2026010213175723002,MỨC ĐÁ,1,1,VNMOD20260102131757039130,0% Đá,0,1
VNITE20251210013102058502,Espresso,VNCAT2025121001310249172,CÀ PHÊ,49000,1,,,VNMOG2026010213175723002,MỨC ĐÁ,1,1,VNMOD20260102131757021927,50% Đá,0,1
VNITE20251210013102058502,Espresso,VNCAT2025121001310249172,CÀ PHÊ,49000,1,,,VNMOG2026010213175723002,MỨC ĐÁ,1,1,VNMOD20260102131757017020,100% Đá,0,1
VNITE20251210013102058502,Espresso,VNCAT2025121001310249172,CÀ PHÊ,49000,1,,,VNMOG2026010213175723002,MỨC ĐÁ,1,1,VNMOD20260102131757048225,Đá Riêng Đựng Túi Zip,5000,1
VNITE20251210013102058502,Espresso,VNCAT2025121001310249172,CÀ PHÊ,49000,1,,,VNMOG2026032921444032187,TĂNG SHOT CÀ PHÊ,0,2,VNMOD20260329214440017749,☕️☕️2 Shot,39000,1
VNITE20251210013102058502,Espresso,VNCAT2025121001310249172,CÀ PHÊ,49000,1,,,VNMOG2026032921444032187,TĂNG SHOT CÀ PHÊ,0,2,VNMOD20260329214440034957,☕️1 Shot,29000,1
VNITE20251210013102058502,Espresso,VNCAT2025121001310249172,CÀ PHÊ,49000,1,,,VNMOG2026040205120434503,TRÂN CHÂU HẠT NỔ SIZE M,0,7,VNMOD20260509171054013175,🍈Trân Châu Nổ Dưa Lưới M,25000,1
VNITE20251210013102058502,Espresso,VNCAT2025121001310249172,CÀ PHÊ,49000,1,,,VNMOG2026040205120434503,TRÂN CHÂU HẠT NỔ SIZE M,0,7,VNMOD20260509171054029404,🥝Trân Châu Nổ Kiwi M,25000,1
VNITE20251210013102058502,Espresso,VNCAT2025121001310249172,CÀ PHÊ,49000,1,,,VNMOG2026040205120434503,TRÂN CHÂU HẠT NỔ SIZE M,0,7,VNMOD20260402051204015377,🍇Trân Châu Nổ Nho M,25000,1
VNITE20251210013102058502,Espresso,VNCAT2025121001310249172,CÀ PHÊ,49000,1,,,VNMOG2026040205120434503,TRÂN CHÂU HẠT NỔ SIZE M,0,7,VNMOD20260402051204027788,🫐Trân Châu Nổ Việt Quất M,25000,1
VNITE20251210013102058502,Espresso,VNCAT2025121001310249172,CÀ PHÊ,49000,1,,,VNMOG2026040205120434503,TRÂN CHÂU HẠT NỔ SIZE M,0,7,VNMOD20260402051204039633,🍓Trân Châu Nổ Dâu Tây M,25000,1
VNITE20251210013102058502,Espresso,VNCAT2025121001310249172,CÀ PHÊ,49000,1,,,VNMOG2026040205120434503,TRÂN CHÂU HẠT NỔ SIZE M,0,7,VNMOD20260402051204042483,🍑Trân Châu Nổ Đào M,25000,1
VNITE20251210013102058502,Espresso,VNCAT2025121001310249172,CÀ PHÊ,49000,1,,,VNMOG2026040205120434503,TRÂN CHÂU HẠT NỔ SIZE M,0,7,VNMOD20260402051204050121,🫙Trân Châu Nổ Sữa Chua M,25000,1
VNITE20251210013102058502,Espresso,VNCAT2025121001310249172,CÀ PHÊ,49000,1,,,VNMOG2026010214381357793,TOPPINGS NƯỚC SIZE M,0,14,VNMOD20260728120859016081,🏐Nhãn Nhục,40000,1
VNITE20251210013102058502,Espresso,VNCAT2025121001310249172,CÀ PHÊ,49000,1,,,VNMOG2026010214381357793,TOPPINGS NƯỚC SIZE M,0,14,VNMOD20260728120859024399,🍄Nấm Tuyết,30000,1
VNITE20251210013102058502,Espresso,VNCAT2025121001310249172,CÀ PHÊ,49000,1,,,VNMOG2026010214381357793,TOPPINGS NƯỚC SIZE M,0,14,VNMOD20260728120859035219,🫗Nhựa Đào,30000,1
VNITE20251210013102058502,Espresso,VNCAT2025121001310249172,CÀ PHÊ,49000,1,,,VNMOG2026010214381357793,TOPPINGS NƯỚC SIZE M,0,14,VNMOD20260525094214016070,🌼Vàng Lá,20000,1
VNITE20251210013102058502,Espresso,VNCAT2025121001310249172,CÀ PHÊ,49000,1,,,VNMOG2026010214381357793,TOPPINGS NƯỚC SIZE M,0,14,VNMOD20260525094214029352,🍭Kẹo Mút Xốp,20000,1
VNITE20251210013102058502,Espresso,VNCAT2025121001310249172,CÀ PHÊ,49000,1,,,VNMOG2026010214381357793,TOPPINGS NƯỚC SIZE M,0,14,VNMOD20260520121848014884,☕️Thạch Cafe,15000,1
VNITE20251210013102058502,Espresso,VNCAT2025121001310249172,CÀ PHÊ,49000,1,,,VNMOG2026010214381357793,TOPPINGS NƯỚC SIZE M,0,14,VNMOD20260509171133012746,🍑Thạch Dừa Vị Đào,15000,1
VNITE20251210013102058502,Espresso,VNCAT2025121001310249172,CÀ PHÊ,49000,1,,,VNMOG2026010214381357793,TOPPINGS NƯỚC SIZE M,0,14,VNMOD20260509171133025336,🩶Hạt Chia,10000,1
VNITE20251210013102058502,Espresso,VNCAT2025121001310249172,CÀ PHÊ,49000,1,,,VNMOG2026010214381357793,TOPPINGS NƯỚC SIZE M,0,14,VNMOD20260520121848024526,🍑Mochi Đào,30000,1
VNITE20251210013102058502,Espresso,VNCAT2025121001310249172,CÀ PHÊ,49000,1,,,VNMOG2026010214381357793,TOPPINGS NƯỚC SIZE M,0,14,VNMOD20260102143813012309,⚪️Khúc Bạch,30000,1
VNITE20251210013102058502,Espresso,VNCAT2025121001310249172,CÀ PHÊ,49000,1,,,VNMOG2026010214381357793,TOPPINGS NƯỚC SIZE M,0,14,VNMOD20260102143813021051,🖤Sương Sáo,15000,1
VNITE20251210013102058502,Espresso,VNCAT2025121001310249172,CÀ PHÊ,49000,1,,,VNMOG2026010214381357793,TOPPINGS NƯỚC SIZE M,0,14,VNMOD20260102143813035207,🍵Thạch Matcha,15000,1
VNITE20251210013102058502,Espresso,VNCAT2025121001310249172,CÀ PHÊ,49000,1,,,VNMOG2026010214381357793,TOPPINGS NƯỚC SIZE M,0,14,VNMOD20260102143813047639,🍀Thạch Nha Đam,20000,1
VNITE20251210013102058502,Espresso,VNCAT2025121001310249172,CÀ PHÊ,49000,1,,,VNMOG2026010214381357793,TOPPINGS NƯỚC SIZE M,0,14,VNMOD20260102143813069685,🫧Trân Châu Trắng,15000,1
VNITE20251210013102058502,Espresso,VNCAT2025121001310249172,CÀ PHÊ,49000,1,,,VNMOG2026010214381357793,TOPPINGS NƯỚC SIZE M,0,14,VNMOD20260128094817012683,💜Hạt Nổ Khoai Môn,30000,1
VNITE20251210013102058502,Espresso,VNCAT2025121001310249172,CÀ PHÊ,49000,1,,,VNMOG2026010214381357793,TOPPINGS NƯỚC SIZE M,0,14,VNMOD20260102143813118751,🍮Kem Flan,50000,1
VNITE20251210013102058502,Espresso,VNCAT2025121001310249172,CÀ PHÊ,49000,1,,,VNMOG2026010214381357793,TOPPINGS NƯỚC SIZE M,0,14,VNMOD20260102143813120730,🧂Kem Muối,15000,1
VNITE20251210013102029778,Americano,VNCAT2025121001310249172,CÀ PHÊ,49000,1,,,VNMOG2026032921444032187,TĂNG SHOT CÀ PHÊ,0,2,VNMOD20260329214440017749,☕️☕️2 Shot,39000,1
VNITE20251210013102029778,Americano,VNCAT2025121001310249172,CÀ PHÊ,49000,1,,,VNMOG2026032921444032187,TĂNG SHOT CÀ PHÊ,0,2,VNMOD20260329214440034957,☕️1 Shot,29000,1
VNITE20251210013102029778,Americano,VNCAT2025121001310249172,CÀ PHÊ,49000,1,,,VNMOG2026040205120434503,TRÂN CHÂU HẠT NỔ SIZE M,0,7,VNMOD20260509171054013175,🍈Trân Châu Nổ Dưa Lưới M,25000,1
VNITE20251210013102029778,Americano,VNCAT2025121001310249172,CÀ PHÊ,49000,1,,,VNMOG2026040205120434503,TRÂN CHÂU HẠT NỔ SIZE M,0,7,VNMOD20260509171054029404,🥝Trân Châu Nổ Kiwi M,25000,1
VNITE20251210013102029778,Americano,VNCAT2025121001310249172,CÀ PHÊ,49000,1,,,VNMOG2026040205120434503,TRÂN CHÂU HẠT NỔ SIZE M,0,7,VNMOD20260402051204015377,🍇Trân Châu Nổ Nho M,25000,1
VNITE20251210013102029778,Americano,VNCAT2025121001310249172,CÀ PHÊ,49000,1,,,VNMOG2026040205120434503,TRÂN CHÂU HẠT NỔ SIZE M,0,7,VNMOD20260402051204027788,🫐Trân Châu Nổ Việt Quất M,25000,1
VNITE20251210013102029778,Americano,VNCAT2025121001310249172,CÀ PHÊ,49000,1,,,VNMOG2026040205120434503,TRÂN CHÂU HẠT NỔ SIZE M,0,7,VNMOD20260402051204039633,🍓Trân Châu Nổ Dâu Tây M,25000,1
VNITE20251210013102029778,Americano,VNCAT2025121001310249172,CÀ PHÊ,49000,1,,,VNMOG2026040205120434503,TRÂN CHÂU HẠT NỔ SIZE M,0,7,VNMOD20260402051204042483,🍑Trân Châu Nổ Đào M,25000,1
VNITE20251210013102029778,Americano,VNCAT2025121001310249172,CÀ PHÊ,49000,1,,,VNMOG2026040205120434503,TRÂN CHÂU HẠT NỔ SIZE M,0,7,VNMOD20260402051204050121,🫙Trân Châu Nổ Sữa Chua M,25000,1
VNITE20251210013102029778,Americano,VNCAT2025121001310249172,CÀ PHÊ,49000,1,,,VNMOG2026010213175723002,MỨC ĐÁ,1,1,VNMOD20260102131757039130,0% Đá,0,1
VNITE20251210013102029778,Americano,VNCAT2025121001310249172,CÀ PHÊ,49000,1,,,VNMOG2026010213175723002,MỨC ĐÁ,1,1,VNMOD20260102131757021927,50% Đá,0,1
VNITE20251210013102029778,Americano,VNCAT2025121001310249172,CÀ PHÊ,49000,1,,,VNMOG2026010213175723002,MỨC ĐÁ,1,1,VNMOD20260102131757017020,100% Đá,0,1
VNITE20251210013102029778,Americano,VNCAT2025121001310249172,CÀ PHÊ,49000,1,,,VNMOG2026010213175723002,MỨC ĐÁ,1,1,VNMOD20260102131757048225,Đá Riêng Đựng Túi Zip,5000,1
VNITE20251210013102029778,Americano,VNCAT2025121001310249172,CÀ PHÊ,49000,1,,,VNMOG2026010214381357793,TOPPINGS NƯỚC SIZE M,0,14,VNMOD20260728120859016081,🏐Nhãn Nhục,40000,1
VNITE20251210013102029778,Americano,VNCAT2025121001310249172,CÀ PHÊ,49000,1,,,VNMOG2026010214381357793,TOPPINGS NƯỚC SIZE M,0,14,VNMOD20260728120859024399,🍄Nấm Tuyết,30000,1
VNITE20251210013102029778,Americano,VNCAT2025121001310249172,CÀ PHÊ,49000,1,,,VNMOG2026010214381357793,TOPPINGS NƯỚC SIZE M,0,14,VNMOD20260728120859035219,🫗Nhựa Đào,30000,1
VNITE20251210013102029778,Americano,VNCAT2025121001310249172,CÀ PHÊ,49000,1,,,VNMOG2026010214381357793,TOPPINGS NƯỚC SIZE M,0,14,VNMOD20260525094214016070,🌼Vàng Lá,20000,1
VNITE20251210013102029778,Americano,VNCAT2025121001310249172,CÀ PHÊ,49000,1,,,VNMOG2026010214381357793,TOPPINGS NƯỚC SIZE M,0,14,VNMOD20260525094214029352,🍭Kẹo Mút Xốp,20000,1
VNITE20251210013102029778,Americano,VNCAT2025121001310249172,CÀ PHÊ,49000,1,,,VNMOG2026010214381357793,TOPPINGS NƯỚC SIZE M,0,14,VNMOD20260520121848014884,☕️Thạch Cafe,15000,1
VNITE20251210013102029778,Americano,VNCAT2025121001310249172,CÀ PHÊ,49000,1,,,VNMOG2026010214381357793,TOPPINGS NƯỚC SIZE M,0,14,VNMOD20260509171133012746,🍑Thạch Dừa Vị Đào,15000,1
VNITE20251210013102029778,Americano,VNCAT2025121001310249172,CÀ PHÊ,49000,1,,,VNMOG2026010214381357793,TOPPINGS NƯỚC SIZE M,0,14,VNMOD20260509171133025336,🩶Hạt Chia,10000,1
VNITE20251210013102029778,Americano,VNCAT2025121001310249172,CÀ PHÊ,49000,1,,,VNMOG2026010214381357793,TOPPINGS NƯỚC SIZE M,0,14,VNMOD20260520121848024526,🍑Mochi Đào,30000,1
VNITE20251210013102029778,Americano,VNCAT2025121001310249172,CÀ PHÊ,49000,1,,,VNMOG2026010214381357793,TOPPINGS NƯỚC SIZE M,0,14,VNMOD20260102143813012309,⚪️Khúc Bạch,30000,1
VNITE20251210013102029778,Americano,VNCAT2025121001310249172,CÀ PHÊ,49000,1,,,VNMOG2026010214381357793,TOPPINGS NƯỚC SIZE M,0,14,VNMOD20260102143813021051,🖤Sương Sáo,15000,1
VNITE20251210013102029778,Americano,VNCAT2025121001310249172,CÀ PHÊ,49000,1,,,VNMOG2026010214381357793,TOPPINGS NƯỚC SIZE M,0,14,VNMOD20260102143813035207,🍵Thạch Matcha,15000,1
VNITE20251210013102029778,Americano,VNCAT2025121001310249172,CÀ PHÊ,49000,1,,,VNMOG2026010214381357793,TOPPINGS NƯỚC SIZE M,0,14,VNMOD20260102143813047639,🍀Thạch Nha Đam,20000,1
VNITE20251210013102029778,Americano,VNCAT2025121001310249172,CÀ PHÊ,49000,1,,,VNMOG2026010214381357793,TOPPINGS NƯỚC SIZE M,0,14,VNMOD20260102143813069685,🫧Trân Châu Trắng,15000,1
VNITE20251210013102029778,Americano,VNCAT2025121001310249172,CÀ PHÊ,49000,1,,,VNMOG2026010214381357793,TOPPINGS NƯỚC SIZE M,0,14,VNMOD20260128094817012683,💜Hạt Nổ Khoai Môn,30000,1
VNITE20251210013102029778,Americano,VNCAT2025121001310249172,CÀ PHÊ,49000,1,,,VNMOG2026010214381357793,TOPPINGS NƯỚC SIZE M,0,14,VNMOD20260102143813118751,🍮Kem Flan,50000,1
VNITE20251210013102029778,Americano,VNCAT2025121001310249172,CÀ PHÊ,49000,1,,,VNMOG2026010214381357793,TOPPINGS NƯỚC SIZE M,0,14,VNMOD20260102143813120730,🧂Kem Muối,15000,1
VNITE2026010215095621359,Cà Phê Trứng (Nóng),VNCAT2025121001310249172,CÀ PHÊ,79000,1,,,VNMOG2026032921444032187,TĂNG SHOT CÀ PHÊ,0,2,VNMOD20260329214440017749,☕️☕️2 Shot,39000,1
VNITE2026010215095621359,Cà Phê Trứng (Nóng),VNCAT2025121001310249172,CÀ PHÊ,79000,1,,,VNMOG2026032921444032187,TĂNG SHOT CÀ PHÊ,0,2,VNMOD20260329214440034957,☕️1 Shot,29000,1
VNITE2026010215095621359,Cà Phê Trứng (Nóng),VNCAT2025121001310249172,CÀ PHÊ,79000,1,,,VNMOG2026040205120434503,TRÂN CHÂU HẠT NỔ SIZE M,0,7,VNMOD20260509171054013175,🍈Trân Châu Nổ Dưa Lưới M,25000,1
VNITE2026010215095621359,Cà Phê Trứng (Nóng),VNCAT2025121001310249172,CÀ PHÊ,79000,1,,,VNMOG2026040205120434503,TRÂN CHÂU HẠT NỔ SIZE M,0,7,VNMOD20260509171054029404,🥝Trân Châu Nổ Kiwi M,25000,1
VNITE2026010215095621359,Cà Phê Trứng (Nóng),VNCAT2025121001310249172,CÀ PHÊ,79000,1,,,VNMOG2026040205120434503,TRÂN CHÂU HẠT NỔ SIZE M,0,7,VNMOD20260402051204015377,🍇Trân Châu Nổ Nho M,25000,1
VNITE2026010215095621359,Cà Phê Trứng (Nóng),VNCAT2025121001310249172,CÀ PHÊ,79000,1,,,VNMOG2026040205120434503,TRÂN CHÂU HẠT NỔ SIZE M,0,7,VNMOD20260402051204027788,🫐Trân Châu Nổ Việt Quất M,25000,1
VNITE2026010215095621359,Cà Phê Trứng (Nóng),VNCAT2025121001310249172,CÀ PHÊ,79000,1,,,VNMOG2026040205120434503,TRÂN CHÂU HẠT NỔ SIZE M,0,7,VNMOD20260402051204039633,🍓Trân Châu Nổ Dâu Tây M,25000,1
VNITE2026010215095621359,Cà Phê Trứng (Nóng),VNCAT2025121001310249172,CÀ PHÊ,79000,1,,,VNMOG2026040205120434503,TRÂN CHÂU HẠT NỔ SIZE M,0,7,VNMOD20260402051204042483,🍑Trân Châu Nổ Đào M,25000,1
VNITE2026010215095621359,Cà Phê Trứng (Nóng),VNCAT2025121001310249172,CÀ PHÊ,79000,1,,,VNMOG2026040205120434503,TRÂN CHÂU HẠT NỔ SIZE M,0,7,VNMOD20260402051204050121,🫙Trân Châu Nổ Sữa Chua M,25000,1
VNITE2026010215095621359,Cà Phê Trứng (Nóng),VNCAT2025121001310249172,CÀ PHÊ,79000,1,,,VNMOG2026010214381357793,TOPPINGS NƯỚC SIZE M,0,14,VNMOD20260728120859016081,🏐Nhãn Nhục,40000,1
VNITE2026010215095621359,Cà Phê Trứng (Nóng),VNCAT2025121001310249172,CÀ PHÊ,79000,1,,,VNMOG2026010214381357793,TOPPINGS NƯỚC SIZE M,0,14,VNMOD20260728120859024399,🍄Nấm Tuyết,30000,1
VNITE2026010215095621359,Cà Phê Trứng (Nóng),VNCAT2025121001310249172,CÀ PHÊ,79000,1,,,VNMOG2026010214381357793,TOPPINGS NƯỚC SIZE M,0,14,VNMOD20260728120859035219,🫗Nhựa Đào,30000,1
VNITE2026010215095621359,Cà Phê Trứng (Nóng),VNCAT2025121001310249172,CÀ PHÊ,79000,1,,,VNMOG2026010214381357793,TOPPINGS NƯỚC SIZE M,0,14,VNMOD20260525094214016070,🌼Vàng Lá,20000,1
VNITE2026010215095621359,Cà Phê Trứng (Nóng),VNCAT2025121001310249172,CÀ PHÊ,79000,1,,,VNMOG2026010214381357793,TOPPINGS NƯỚC SIZE M,0,14,VNMOD20260525094214029352,🍭Kẹo Mút Xốp,20000,1
VNITE2026010215095621359,Cà Phê Trứng (Nóng),VNCAT2025121001310249172,CÀ PHÊ,79000,1,,,VNMOG2026010214381357793,TOPPINGS NƯỚC SIZE M,0,14,VNMOD20260520121848014884,☕️Thạch Cafe,15000,1
VNITE2026010215095621359,Cà Phê Trứng (Nóng),VNCAT2025121001310249172,CÀ PHÊ,79000,1,,,VNMOG2026010214381357793,TOPPINGS NƯỚC SIZE M,0,14,VNMOD20260509171133012746,🍑Thạch Dừa Vị Đào,15000,1
VNITE2026010215095621359,Cà Phê Trứng (Nóng),VNCAT2025121001310249172,CÀ PHÊ,79000,1,,,VNMOG2026010214381357793,TOPPINGS NƯỚC SIZE M,0,14,VNMOD20260509171133025336,🩶Hạt Chia,10000,1
VNITE2026010215095621359,Cà Phê Trứng (Nóng),VNCAT2025121001310249172,CÀ PHÊ,79000,1,,,VNMOG2026010214381357793,TOPPINGS NƯỚC SIZE M,0,14,VNMOD20260520121848024526,🍑Mochi Đào,30000,1
VNITE2026010215095621359,Cà Phê Trứng (Nóng),VNCAT2025121001310249172,CÀ PHÊ,79000,1,,,VNMOG2026010214381357793,TOPPINGS NƯỚC SIZE M,0,14,VNMOD20260102143813012309,⚪️Khúc Bạch,30000,1
VNITE2026010215095621359,Cà Phê Trứng (Nóng),VNCAT2025121001310249172,CÀ PHÊ,79000,1,,,VNMOG2026010214381357793,TOPPINGS NƯỚC SIZE M,0,14,VNMOD20260102143813021051,🖤Sương Sáo,15000,1
VNITE2026010215095621359,Cà Phê Trứng (Nóng),VNCAT2025121001310249172,CÀ PHÊ,79000,1,,,VNMOG2026010214381357793,TOPPINGS NƯỚC SIZE M,0,14,VNMOD20260102143813035207,🍵Thạch Matcha,15000,1
VNITE2026010215095621359,Cà Phê Trứng (Nóng),VNCAT2025121001310249172,CÀ PHÊ,79000,1,,,VNMOG2026010214381357793,TOPPINGS NƯỚC SIZE M,0,14,VNMOD20260102143813047639,🍀Thạch Nha Đam,20000,1
VNITE2026010215095621359,Cà Phê Trứng (Nóng),VNCAT2025121001310249172,CÀ PHÊ,79000,1,,,VNMOG2026010214381357793,TOPPINGS NƯỚC SIZE M,0,14,VNMOD20260102143813069685,🫧Trân Châu Trắng,15000,1
VNITE2026010215095621359,Cà Phê Trứng (Nóng),VNCAT2025121001310249172,CÀ PHÊ,79000,1,,,VNMOG2026010214381357793,TOPPINGS NƯỚC SIZE M,0,14,VNMOD20260128094817012683,💜Hạt Nổ Khoai Môn,30000,1
VNITE2026010215095621359,Cà Phê Trứng (Nóng),VNCAT2025121001310249172,CÀ PHÊ,79000,1,,,VNMOG2026010214381357793,TOPPINGS NƯỚC SIZE M,0,14,VNMOD20260102143813118751,🍮Kem Flan,50000,1
VNITE2026010215095621359,Cà Phê Trứng (Nóng),VNCAT2025121001310249172,CÀ PHÊ,79000,1,,,VNMOG2026010214381357793,TOPPINGS NƯỚC SIZE M,0,14,VNMOD20260102143813120730,🧂Kem Muối,15000,1
VNITE2026070121002718170,Cà Phê Gừng,VNCAT2025121001310249172,CÀ PHÊ,69000,1,,,VNMOG2026020118102586934,ĐƯỜNG CÀ PHÊ,1,1,VNMOD20260201181025010783,0% Sugar Level,0,1
VNITE2026070121002718170,Cà Phê Gừng,VNCAT2025121001310249172,CÀ PHÊ,69000,1,,,VNMOG2026020118102586934,ĐƯỜNG CÀ PHÊ,1,1,VNMOD20260201181025036485,50% Sugar Level,0,1
VNITE2026070121002718170,Cà Phê Gừng,VNCAT2025121001310249172,CÀ PHÊ,69000,1,,,VNMOG2026020118102586934,ĐƯỜNG CÀ PHÊ,1,1,VNMOD20260201181025050821,100% Sugar Level,0,1
VNITE2026070121002718170,Cà Phê Gừng,VNCAT2025121001310249172,CÀ PHÊ,69000,1,,,VNMOG2026020118102586934,ĐƯỜNG CÀ PHÊ,1,1,VNMOD20260610103659017420,Đường Ăn Kiêng,5000,1
VNITE2026070121002718170,Cà Phê Gừng,VNCAT2025121001310249172,CÀ PHÊ,69000,1,,,VNMOG2026063019295671630,MỨC ĐÁ CAFE,1,1,VNMOD20260630192956015947,50% Đá,0,1
VNITE2026070121002718170,Cà Phê Gừng,VNCAT2025121001310249172,CÀ PHÊ,69000,1,,,VNMOG2026063019295671630,MỨC ĐÁ CAFE,1,1,VNMOD20260630192956022243,100% Đá,0,1
VNITE2026070121002718170,Cà Phê Gừng,VNCAT2025121001310249172,CÀ PHÊ,69000,1,,,VNMOG2026063019295671630,MỨC ĐÁ CAFE,1,1,VNMOD20260630192956031555,Đá Riêng Đựng Túi Zip,5000,1
VNITE2026070121002718170,Cà Phê Gừng,VNCAT2025121001310249172,CÀ PHÊ,69000,1,,,VNMOG2026032921444032187,TĂNG SHOT CÀ PHÊ,0,2,VNMOD20260329214440017749,☕️☕️2 Shot,39000,1
VNITE2026070121002718170,Cà Phê Gừng,VNCAT2025121001310249172,CÀ PHÊ,69000,1,,,VNMOG2026032921444032187,TĂNG SHOT CÀ PHÊ,0,2,VNMOD20260329214440034957,☕️1 Shot,29000,1
VNITE20251210013102013424,Cà Phê Sữa Dừa,VNCAT2025121001310249172,CÀ PHÊ,69000,1,,,VNMOG2026063019295671630,MỨC ĐÁ CAFE,1,1,VNMOD20260630192956015947,50% Đá,0,1
VNITE20251210013102013424,Cà Phê Sữa Dừa,VNCAT2025121001310249172,CÀ PHÊ,69000,1,,,VNMOG2026063019295671630,MỨC ĐÁ CAFE,1,1,VNMOD20260630192956022243,100% Đá,0,1
VNITE20251210013102013424,Cà Phê Sữa Dừa,VNCAT2025121001310249172,CÀ PHÊ,69000,1,,,VNMOG2026063019295671630,MỨC ĐÁ CAFE,1,1,VNMOD20260630192956031555,Đá Riêng Đựng Túi Zip,5000,1
VNITE20251210013102013424,Cà Phê Sữa Dừa,VNCAT2025121001310249172,CÀ PHÊ,69000,1,,,VNMOG2026053119273172949,LOẠI SỮA,1,1,VNMOD20260531192731014737,🥛Sữa Tươi Không Đường,0,1
VNITE20251210013102013424,Cà Phê Sữa Dừa,VNCAT2025121001310249172,CÀ PHÊ,69000,1,,,VNMOG2026053119273172949,LOẠI SỮA,1,1,VNMOD20260531192731021617,🥤Sữa Yến Mạch Oatside,18000,1
VNITE20251210013102013424,Cà Phê Sữa Dừa,VNCAT2025121001310249172,CÀ PHÊ,69000,1,,,VNMOG2026032921444032187,TĂNG SHOT CÀ PHÊ,0,2,VNMOD20260329214440017749,☕️☕️2 Shot,39000,1
VNITE20251210013102013424,Cà Phê Sữa Dừa,VNCAT2025121001310249172,CÀ PHÊ,69000,1,,,VNMOG2026032921444032187,TĂNG SHOT CÀ PHÊ,0,2,VNMOD20260329214440034957,☕️1 Shot,29000,1
VNITE20251210013102013424,Cà Phê Sữa Dừa,VNCAT2025121001310249172,CÀ PHÊ,69000,1,,,VNMOG2026020118102586934,ĐƯỜNG CÀ PHÊ,1,1,VNMOD20260201181025010783,0% Sugar Level,0,1
VNITE20251210013102013424,Cà Phê Sữa Dừa,VNCAT2025121001310249172,CÀ PHÊ,69000,1,,,VNMOG2026020118102586934,ĐƯỜNG CÀ PHÊ,1,1,VNMOD20260201181025036485,50% Sugar Level,0,1
VNITE20251210013102013424,Cà Phê Sữa Dừa,VNCAT2025121001310249172,CÀ PHÊ,69000,1,,,VNMOG2026020118102586934,ĐƯỜNG CÀ PHÊ,1,1,VNMOD20260201181025050821,100% Sugar Level,0,1
VNITE20251210013102013424,Cà Phê Sữa Dừa,VNCAT2025121001310249172,CÀ PHÊ,69000,1,,,VNMOG2026020118102586934,ĐƯỜNG CÀ PHÊ,1,1,VNMOD20260610103659017420,Đường Ăn Kiêng,5000,1
VNITE20251210013102013424,Cà Phê Sữa Dừa,VNCAT2025121001310249172,CÀ PHÊ,69000,1,,,VNMOG2026010213175723002,MỨC ĐÁ,1,1,VNMOD20260102131757039130,0% Đá,0,1
VNITE20251210013102013424,Cà Phê Sữa Dừa,VNCAT2025121001310249172,CÀ PHÊ,69000,1,,,VNMOG2026010213175723002,MỨC ĐÁ,1,1,VNMOD20260102131757021927,50% Đá,0,1
VNITE20251210013102013424,Cà Phê Sữa Dừa,VNCAT2025121001310249172,CÀ PHÊ,69000,1,,,VNMOG2026010213175723002,MỨC ĐÁ,1,1,VNMOD20260102131757017020,100% Đá,0,1
VNITE20251210013102013424,Cà Phê Sữa Dừa,VNCAT2025121001310249172,CÀ PHÊ,69000,1,,,VNMOG2026010213175723002,MỨC ĐÁ,1,1,VNMOD20260102131757048225,Đá Riêng Đựng Túi Zip,5000,1
VNITE20251210013102013424,Cà Phê Sữa Dừa,VNCAT2025121001310249172,CÀ PHÊ,69000,1,,,VNMOG2026040205120434503,TRÂN CHÂU HẠT NỔ SIZE M,0,7,VNMOD20260509171054013175,🍈Trân Châu Nổ Dưa Lưới M,25000,1
VNITE20251210013102013424,Cà Phê Sữa Dừa,VNCAT2025121001310249172,CÀ PHÊ,69000,1,,,VNMOG2026040205120434503,TRÂN CHÂU HẠT NỔ SIZE M,0,7,VNMOD20260509171054029404,🥝Trân Châu Nổ Kiwi M,25000,1
VNITE20251210013102013424,Cà Phê Sữa Dừa,VNCAT2025121001310249172,CÀ PHÊ,69000,1,,,VNMOG2026040205120434503,TRÂN CHÂU HẠT NỔ SIZE M,0,7,VNMOD20260402051204015377,🍇Trân Châu Nổ Nho M,25000,1
VNITE20251210013102013424,Cà Phê Sữa Dừa,VNCAT2025121001310249172,CÀ PHÊ,69000,1,,,VNMOG2026040205120434503,TRÂN CHÂU HẠT NỔ SIZE M,0,7,VNMOD20260402051204027788,🫐Trân Châu Nổ Việt Quất M,25000,1
VNITE20251210013102013424,Cà Phê Sữa Dừa,VNCAT2025121001310249172,CÀ PHÊ,69000,1,,,VNMOG2026040205120434503,TRÂN CHÂU HẠT NỔ SIZE M,0,7,VNMOD20260402051204039633,🍓Trân Châu Nổ Dâu Tây M,25000,1
VNITE20251210013102013424,Cà Phê Sữa Dừa,VNCAT2025121001310249172,CÀ PHÊ,69000,1,,,VNMOG2026040205120434503,TRÂN CHÂU HẠT NỔ SIZE M,0,7,VNMOD20260402051204042483,🍑Trân Châu Nổ Đào M,25000,1
VNITE20251210013102013424,Cà Phê Sữa Dừa,VNCAT2025121001310249172,CÀ PHÊ,69000,1,,,VNMOG2026040205120434503,TRÂN CHÂU HẠT NỔ SIZE M,0,7,VNMOD20260402051204050121,🫙Trân Châu Nổ Sữa Chua M,25000,1
VNITE20251210013102013424,Cà Phê Sữa Dừa,VNCAT2025121001310249172,CÀ PHÊ,69000,1,,,VNMOG2026010214381357793,TOPPINGS NƯỚC SIZE M,0,14,VNMOD20260728120859016081,🏐Nhãn Nhục,40000,1
VNITE20251210013102013424,Cà Phê Sữa Dừa,VNCAT2025121001310249172,CÀ PHÊ,69000,1,,,VNMOG2026010214381357793,TOPPINGS NƯỚC SIZE M,0,14,VNMOD20260728120859024399,🍄Nấm Tuyết,30000,1
VNITE20251210013102013424,Cà Phê Sữa Dừa,VNCAT2025121001310249172,CÀ PHÊ,69000,1,,,VNMOG2026010214381357793,TOPPINGS NƯỚC SIZE M,0,14,VNMOD20260728120859035219,🫗Nhựa Đào,30000,1
VNITE20251210013102013424,Cà Phê Sữa Dừa,VNCAT2025121001310249172,CÀ PHÊ,69000,1,,,VNMOG2026010214381357793,TOPPINGS NƯỚC SIZE M,0,14,VNMOD20260525094214016070,🌼Vàng Lá,20000,1
VNITE20251210013102013424,Cà Phê Sữa Dừa,VNCAT2025121001310249172,CÀ PHÊ,69000,1,,,VNMOG2026010214381357793,TOPPINGS NƯỚC SIZE M,0,14,VNMOD20260525094214029352,🍭Kẹo Mút Xốp,20000,1
VNITE20251210013102013424,Cà Phê Sữa Dừa,VNCAT2025121001310249172,CÀ PHÊ,69000,1,,,VNMOG2026010214381357793,TOPPINGS NƯỚC SIZE M,0,14,VNMOD20260520121848014884,☕️Thạch Cafe,15000,1
VNITE20251210013102013424,Cà Phê Sữa Dừa,VNCAT2025121001310249172,CÀ PHÊ,69000,1,,,VNMOG2026010214381357793,TOPPINGS NƯỚC SIZE M,0,14,VNMOD20260509171133012746,🍑Thạch Dừa Vị Đào,15000,1
VNITE20251210013102013424,Cà Phê Sữa Dừa,VNCAT2025121001310249172,CÀ PHÊ,69000,1,,,VNMOG2026010214381357793,TOPPINGS NƯỚC SIZE M,0,14,VNMOD20260509171133025336,🩶Hạt Chia,10000,1
VNITE20251210013102013424,Cà Phê Sữa Dừa,VNCAT2025121001310249172,CÀ PHÊ,69000,1,,,VNMOG2026010214381357793,TOPPINGS NƯỚC SIZE M,0,14,VNMOD20260520121848024526,🍑Mochi Đào,30000,1
VNITE20251210013102013424,Cà Phê Sữa Dừa,VNCAT2025121001310249172,CÀ PHÊ,69000,1,,,VNMOG2026010214381357793,TOPPINGS NƯỚC SIZE M,0,14,VNMOD20260102143813012309,⚪️Khúc Bạch,30000,1
VNITE20251210013102013424,Cà Phê Sữa Dừa,VNCAT2025121001310249172,CÀ PHÊ,69000,1,,,VNMOG2026010214381357793,TOPPINGS NƯỚC SIZE M,0,14,VNMOD20260102143813021051,🖤Sương Sáo,15000,1
VNITE20251210013102013424,Cà Phê Sữa Dừa,VNCAT2025121001310249172,CÀ PHÊ,69000,1,,,VNMOG2026010214381357793,TOPPINGS NƯỚC SIZE M,0,14,VNMOD20260102143813035207,🍵Thạch Matcha,15000,1
VNITE20251210013102013424,Cà Phê Sữa Dừa,VNCAT2025121001310249172,CÀ PHÊ,69000,1,,,VNMOG2026010214381357793,TOPPINGS NƯỚC SIZE M,0,14,VNMOD20260102143813047639,🍀Thạch Nha Đam,20000,1
VNITE20251210013102013424,Cà Phê Sữa Dừa,VNCAT2025121001310249172,CÀ PHÊ,69000,1,,,VNMOG2026010214381357793,TOPPINGS NƯỚC SIZE M,0,14,VNMOD20260102143813069685,🫧Trân Châu Trắng,15000,1
VNITE20251210013102013424,Cà Phê Sữa Dừa,VNCAT2025121001310249172,CÀ PHÊ,69000,1,,,VNMOG2026010214381357793,TOPPINGS NƯỚC SIZE M,0,14,VNMOD20260128094817012683,💜Hạt Nổ Khoai Môn,30000,1
VNITE20251210013102013424,Cà Phê Sữa Dừa,VNCAT2025121001310249172,CÀ PHÊ,69000,1,,,VNMOG2026010214381357793,TOPPINGS NƯỚC SIZE M,0,14,VNMOD20260102143813118751,🍮Kem Flan,50000,1
VNITE20251210013102013424,Cà Phê Sữa Dừa,VNCAT2025121001310249172,CÀ PHÊ,69000,1,,,VNMOG2026010214381357793,TOPPINGS NƯỚC SIZE M,0,14,VNMOD20260102143813120730,🧂Kem Muối,15000,1
VNITE20251210013102067554,Cà Phê Muối,VNCAT2025121001310249172,CÀ PHÊ,69000,1,,,VNMOG2026040205120434503,TRÂN CHÂU HẠT NỔ SIZE M,0,7,VNMOD20260509171054013175,🍈Trân Châu Nổ Dưa Lưới M,25000,1
VNITE20251210013102067554,Cà Phê Muối,VNCAT2025121001310249172,CÀ PHÊ,69000,1,,,VNMOG2026040205120434503,TRÂN CHÂU HẠT NỔ SIZE M,0,7,VNMOD20260509171054029404,🥝Trân Châu Nổ Kiwi M,25000,1
VNITE20251210013102067554,Cà Phê Muối,VNCAT2025121001310249172,CÀ PHÊ,69000,1,,,VNMOG2026040205120434503,TRÂN CHÂU HẠT NỔ SIZE M,0,7,VNMOD20260402051204015377,🍇Trân Châu Nổ Nho M,25000,1
VNITE20251210013102067554,Cà Phê Muối,VNCAT2025121001310249172,CÀ PHÊ,69000,1,,,VNMOG2026040205120434503,TRÂN CHÂU HẠT NỔ SIZE M,0,7,VNMOD20260402051204027788,🫐Trân Châu Nổ Việt Quất M,25000,1
VNITE20251210013102067554,Cà Phê Muối,VNCAT2025121001310249172,CÀ PHÊ,69000,1,,,VNMOG2026040205120434503,TRÂN CHÂU HẠT NỔ SIZE M,0,7,VNMOD20260402051204039633,🍓Trân Châu Nổ Dâu Tây M,25000,1
VNITE20251210013102067554,Cà Phê Muối,VNCAT2025121001310249172,CÀ PHÊ,69000,1,,,VNMOG2026040205120434503,TRÂN CHÂU HẠT NỔ SIZE M,0,7,VNMOD20260402051204042483,🍑Trân Châu Nổ Đào M,25000,1
VNITE20251210013102067554,Cà Phê Muối,VNCAT2025121001310249172,CÀ PHÊ,69000,1,,,VNMOG2026040205120434503,TRÂN CHÂU HẠT NỔ SIZE M,0,7,VNMOD20260402051204050121,🫙Trân Châu Nổ Sữa Chua M,25000,1
VNITE20251210013102067554,Cà Phê Muối,VNCAT2025121001310249172,CÀ PHÊ,69000,1,,,VNMOG2026032921444032187,TĂNG SHOT CÀ PHÊ,0,2,VNMOD20260329214440017749,☕️☕️2 Shot,39000,1
VNITE20251210013102067554,Cà Phê Muối,VNCAT2025121001310249172,CÀ PHÊ,69000,1,,,VNMOG2026032921444032187,TĂNG SHOT CÀ PHÊ,0,2,VNMOD20260329214440034957,☕️1 Shot,29000,1
VNITE20251210013102067554,Cà Phê Muối,VNCAT2025121001310249172,CÀ PHÊ,69000,1,,,VNMOG2026010213175723002,MỨC ĐÁ,1,1,VNMOD20260102131757039130,0% Đá,0,1
VNITE20251210013102067554,Cà Phê Muối,VNCAT2025121001310249172,CÀ PHÊ,69000,1,,,VNMOG2026010213175723002,MỨC ĐÁ,1,1,VNMOD20260102131757021927,50% Đá,0,1
VNITE20251210013102067554,Cà Phê Muối,VNCAT2025121001310249172,CÀ PHÊ,69000,1,,,VNMOG2026010213175723002,MỨC ĐÁ,1,1,VNMOD20260102131757017020,100% Đá,0,1
VNITE20251210013102067554,Cà Phê Muối,VNCAT2025121001310249172,CÀ PHÊ,69000,1,,,VNMOG2026010213175723002,MỨC ĐÁ,1,1,VNMOD20260102131757048225,Đá Riêng Đựng Túi Zip,5000,1
VNITE20251210013102067554,Cà Phê Muối,VNCAT2025121001310249172,CÀ PHÊ,69000,1,,,VNMOG2026010214381357793,TOPPINGS NƯỚC SIZE M,0,14,VNMOD20260728120859016081,🏐Nhãn Nhục,40000,1
VNITE20251210013102067554,Cà Phê Muối,VNCAT2025121001310249172,CÀ PHÊ,69000,1,,,VNMOG2026010214381357793,TOPPINGS NƯỚC SIZE M,0,14,VNMOD20260728120859024399,🍄Nấm Tuyết,30000,1
VNITE20251210013102067554,Cà Phê Muối,VNCAT2025121001310249172,CÀ PHÊ,69000,1,,,VNMOG2026010214381357793,TOPPINGS NƯỚC SIZE M,0,14,VNMOD20260728120859035219,🫗Nhựa Đào,30000,1
VNITE20251210013102067554,Cà Phê Muối,VNCAT2025121001310249172,CÀ PHÊ,69000,1,,,VNMOG2026010214381357793,TOPPINGS NƯỚC SIZE M,0,14,VNMOD20260525094214016070,🌼Vàng Lá,20000,1
VNITE20251210013102067554,Cà Phê Muối,VNCAT2025121001310249172,CÀ PHÊ,69000,1,,,VNMOG2026010214381357793,TOPPINGS NƯỚC SIZE M,0,14,VNMOD20260525094214029352,🍭Kẹo Mút Xốp,20000,1
VNITE20251210013102067554,Cà Phê Muối,VNCAT2025121001310249172,CÀ PHÊ,69000,1,,,VNMOG2026010214381357793,TOPPINGS NƯỚC SIZE M,0,14,VNMOD20260520121848014884,☕️Thạch Cafe,15000,1
VNITE20251210013102067554,Cà Phê Muối,VNCAT2025121001310249172,CÀ PHÊ,69000,1,,,VNMOG2026010214381357793,TOPPINGS NƯỚC SIZE M,0,14,VNMOD20260509171133012746,🍑Thạch Dừa Vị Đào,15000,1
VNITE20251210013102067554,Cà Phê Muối,VNCAT2025121001310249172,CÀ PHÊ,69000,1,,,VNMOG2026010214381357793,TOPPINGS NƯỚC SIZE M,0,14,VNMOD20260509171133025336,🩶Hạt Chia,10000,1
VNITE20251210013102067554,Cà Phê Muối,VNCAT2025121001310249172,CÀ PHÊ,69000,1,,,VNMOG2026010214381357793,TOPPINGS NƯỚC SIZE M,0,14,VNMOD20260520121848024526,🍑Mochi Đào,30000,1
VNITE20251210013102067554,Cà Phê Muối,VNCAT2025121001310249172,CÀ PHÊ,69000,1,,,VNMOG2026010214381357793,TOPPINGS NƯỚC SIZE M,0,14,VNMOD20260102143813012309,⚪️Khúc Bạch,30000,1
VNITE20251210013102067554,Cà Phê Muối,VNCAT2025121001310249172,CÀ PHÊ,69000,1,,,VNMOG2026010214381357793,TOPPINGS NƯỚC SIZE M,0,14,VNMOD20260102143813021051,🖤Sương Sáo,15000,1
VNITE20251210013102067554,Cà Phê Muối,VNCAT2025121001310249172,CÀ PHÊ,69000,1,,,VNMOG2026010214381357793,TOPPINGS NƯỚC SIZE M,0,14,VNMOD20260102143813035207,🍵Thạch Matcha,15000,1
VNITE20251210013102067554,Cà Phê Muối,VNCAT2025121001310249172,CÀ PHÊ,69000,1,,,VNMOG2026010214381357793,TOPPINGS NƯỚC SIZE M,0,14,VNMOD20260102143813047639,🍀Thạch Nha Đam,20000,1
VNITE20251210013102067554,Cà Phê Muối,VNCAT2025121001310249172,CÀ PHÊ,69000,1,,,VNMOG2026010214381357793,TOPPINGS NƯỚC SIZE M,0,14,VNMOD20260102143813069685,🫧Trân Châu Trắng,15000,1
VNITE20251210013102067554,Cà Phê Muối,VNCAT2025121001310249172,CÀ PHÊ,69000,1,,,VNMOG2026010214381357793,TOPPINGS NƯỚC SIZE M,0,14,VNMOD20260128094817012683,💜Hạt Nổ Khoai Môn,30000,1
VNITE20251210013102067554,Cà Phê Muối,VNCAT2025121001310249172,CÀ PHÊ,69000,1,,,VNMOG2026010214381357793,TOPPINGS NƯỚC SIZE M,0,14,VNMOD20260102143813118751,🍮Kem Flan,50000,1
VNITE20251210013102067554,Cà Phê Muối,VNCAT2025121001310249172,CÀ PHÊ,69000,1,,,VNMOG2026010214381357793,TOPPINGS NƯỚC SIZE M,0,14,VNMOD20260102143813120730,🧂Kem Muối,15000,1
VNITE2026063018003571424,Bạc Xỉu Nóng,VNCAT2025121001310249172,CÀ PHÊ,59000,1,,,VNMOG2026020118102586934,ĐƯỜNG CÀ PHÊ,1,1,VNMOD20260201181025010783,0% Sugar Level,0,1
VNITE2026063018003571424,Bạc Xỉu Nóng,VNCAT2025121001310249172,CÀ PHÊ,59000,1,,,VNMOG2026020118102586934,ĐƯỜNG CÀ PHÊ,1,1,VNMOD20260201181025036485,50% Sugar Level,0,1
VNITE2026063018003571424,Bạc Xỉu Nóng,VNCAT2025121001310249172,CÀ PHÊ,59000,1,,,VNMOG2026020118102586934,ĐƯỜNG CÀ PHÊ,1,1,VNMOD20260201181025050821,100% Sugar Level,0,1
VNITE2026063018003571424,Bạc Xỉu Nóng,VNCAT2025121001310249172,CÀ PHÊ,59000,1,,,VNMOG2026020118102586934,ĐƯỜNG CÀ PHÊ,1,1,VNMOD20260610103659017420,Đường Ăn Kiêng,5000,1
VNITE2026063018003571424,Bạc Xỉu Nóng,VNCAT2025121001310249172,CÀ PHÊ,59000,1,,,VNMOG2026010214381357793,TOPPINGS NƯỚC SIZE M,0,14,VNMOD20260728120859016081,🏐Nhãn Nhục,40000,1
VNITE2026063018003571424,Bạc Xỉu Nóng,VNCAT2025121001310249172,CÀ PHÊ,59000,1,,,VNMOG2026010214381357793,TOPPINGS NƯỚC SIZE M,0,14,VNMOD20260728120859024399,🍄Nấm Tuyết,30000,1
VNITE2026063018003571424,Bạc Xỉu Nóng,VNCAT2025121001310249172,CÀ PHÊ,59000,1,,,VNMOG2026010214381357793,TOPPINGS NƯỚC SIZE M,0,14,VNMOD20260728120859035219,🫗Nhựa Đào,30000,1
VNITE2026063018003571424,Bạc Xỉu Nóng,VNCAT2025121001310249172,CÀ PHÊ,59000,1,,,VNMOG2026010214381357793,TOPPINGS NƯỚC SIZE M,0,14,VNMOD20260525094214016070,🌼Vàng Lá,20000,1
VNITE2026063018003571424,Bạc Xỉu Nóng,VNCAT2025121001310249172,CÀ PHÊ,59000,1,,,VNMOG2026010214381357793,TOPPINGS NƯỚC SIZE M,0,14,VNMOD20260525094214029352,🍭Kẹo Mút Xốp,20000,1
VNITE2026063018003571424,Bạc Xỉu Nóng,VNCAT2025121001310249172,CÀ PHÊ,59000,1,,,VNMOG2026010214381357793,TOPPINGS NƯỚC SIZE M,0,14,VNMOD20260520121848014884,☕️Thạch Cafe,15000,1
VNITE2026063018003571424,Bạc Xỉu Nóng,VNCAT2025121001310249172,CÀ PHÊ,59000,1,,,VNMOG2026010214381357793,TOPPINGS NƯỚC SIZE M,0,14,VNMOD20260509171133012746,🍑Thạch Dừa Vị Đào,15000,1
VNITE2026063018003571424,Bạc Xỉu Nóng,VNCAT2025121001310249172,CÀ PHÊ,59000,1,,,VNMOG2026010214381357793,TOPPINGS NƯỚC SIZE M,0,14,VNMOD20260509171133025336,🩶Hạt Chia,10000,1
VNITE2026063018003571424,Bạc Xỉu Nóng,VNCAT2025121001310249172,CÀ PHÊ,59000,1,,,VNMOG2026010214381357793,TOPPINGS NƯỚC SIZE M,0,14,VNMOD20260520121848024526,🍑Mochi Đào,30000,1
VNITE2026063018003571424,Bạc Xỉu Nóng,VNCAT2025121001310249172,CÀ PHÊ,59000,1,,,VNMOG2026010214381357793,TOPPINGS NƯỚC SIZE M,0,14,VNMOD20260102143813012309,⚪️Khúc Bạch,30000,1
VNITE2026063018003571424,Bạc Xỉu Nóng,VNCAT2025121001310249172,CÀ PHÊ,59000,1,,,VNMOG2026010214381357793,TOPPINGS NƯỚC SIZE M,0,14,VNMOD20260102143813021051,🖤Sương Sáo,15000,1
VNITE2026063018003571424,Bạc Xỉu Nóng,VNCAT2025121001310249172,CÀ PHÊ,59000,1,,,VNMOG2026010214381357793,TOPPINGS NƯỚC SIZE M,0,14,VNMOD20260102143813035207,🍵Thạch Matcha,15000,1
VNITE2026063018003571424,Bạc Xỉu Nóng,VNCAT2025121001310249172,CÀ PHÊ,59000,1,,,VNMOG2026010214381357793,TOPPINGS NƯỚC SIZE M,0,14,VNMOD20260102143813047639,🍀Thạch Nha Đam,20000,1
VNITE2026063018003571424,Bạc Xỉu Nóng,VNCAT2025121001310249172,CÀ PHÊ,59000,1,,,VNMOG2026010214381357793,TOPPINGS NƯỚC SIZE M,0,14,VNMOD20260102143813069685,🫧Trân Châu Trắng,15000,1
VNITE2026063018003571424,Bạc Xỉu Nóng,VNCAT2025121001310249172,CÀ PHÊ,59000,1,,,VNMOG2026010214381357793,TOPPINGS NƯỚC SIZE M,0,14,VNMOD20260128094817012683,💜Hạt Nổ Khoai Môn,30000,1
VNITE2026063018003571424,Bạc Xỉu Nóng,VNCAT2025121001310249172,CÀ PHÊ,59000,1,,,VNMOG2026010214381357793,TOPPINGS NƯỚC SIZE M,0,14,VNMOD20260102143813118751,🍮Kem Flan,50000,1
VNITE2026063018003571424,Bạc Xỉu Nóng,VNCAT2025121001310249172,CÀ PHÊ,59000,1,,,VNMOG2026010214381357793,TOPPINGS NƯỚC SIZE M,0,14,VNMOD20260102143813120730,🧂Kem Muối,15000,1
VNITE2026063018003571424,Bạc Xỉu Nóng,VNCAT2025121001310249172,CÀ PHÊ,59000,1,,,VNMOG2026053119273172949,LOẠI SỮA,1,1,VNMOD20260531192731014737,🥛Sữa Tươi Không Đường,0,1
VNITE2026063018003571424,Bạc Xỉu Nóng,VNCAT2025121001310249172,CÀ PHÊ,59000,1,,,VNMOG2026053119273172949,LOẠI SỮA,1,1,VNMOD20260531192731021617,🥤Sữa Yến Mạch Oatside,18000,1
VNITE2026063018003571424,Bạc Xỉu Nóng,VNCAT2025121001310249172,CÀ PHÊ,59000,1,,,VNMOG2026040205120434503,TRÂN CHÂU HẠT NỔ SIZE M,0,7,VNMOD20260509171054013175,🍈Trân Châu Nổ Dưa Lưới M,25000,1
VNITE2026063018003571424,Bạc Xỉu Nóng,VNCAT2025121001310249172,CÀ PHÊ,59000,1,,,VNMOG2026040205120434503,TRÂN CHÂU HẠT NỔ SIZE M,0,7,VNMOD20260509171054029404,🥝Trân Châu Nổ Kiwi M,25000,1
VNITE2026063018003571424,Bạc Xỉu Nóng,VNCAT2025121001310249172,CÀ PHÊ,59000,1,,,VNMOG2026040205120434503,TRÂN CHÂU HẠT NỔ SIZE M,0,7,VNMOD20260402051204015377,🍇Trân Châu Nổ Nho M,25000,1
VNITE2026063018003571424,Bạc Xỉu Nóng,VNCAT2025121001310249172,CÀ PHÊ,59000,1,,,VNMOG2026040205120434503,TRÂN CHÂU HẠT NỔ SIZE M,0,7,VNMOD20260402051204027788,🫐Trân Châu Nổ Việt Quất M,25000,1
VNITE2026063018003571424,Bạc Xỉu Nóng,VNCAT2025121001310249172,CÀ PHÊ,59000,1,,,VNMOG2026040205120434503,TRÂN CHÂU HẠT NỔ SIZE M,0,7,VNMOD20260402051204039633,🍓Trân Châu Nổ Dâu Tây M,25000,1
VNITE2026063018003571424,Bạc Xỉu Nóng,VNCAT2025121001310249172,CÀ PHÊ,59000,1,,,VNMOG2026040205120434503,TRÂN CHÂU HẠT NỔ SIZE M,0,7,VNMOD20260402051204042483,🍑Trân Châu Nổ Đào M,25000,1
VNITE2026063018003571424,Bạc Xỉu Nóng,VNCAT2025121001310249172,CÀ PHÊ,59000,1,,,VNMOG2026040205120434503,TRÂN CHÂU HẠT NỔ SIZE M,0,7,VNMOD20260402051204050121,🫙Trân Châu Nổ Sữa Chua M,25000,1
VNITE2026063018003571424,Bạc Xỉu Nóng,VNCAT2025121001310249172,CÀ PHÊ,59000,1,,,VNMOG2026032921444032187,TĂNG SHOT CÀ PHÊ,0,2,VNMOD20260329214440017749,☕️☕️2 Shot,39000,1
VNITE2026063018003571424,Bạc Xỉu Nóng,VNCAT2025121001310249172,CÀ PHÊ,59000,1,,,VNMOG2026032921444032187,TĂNG SHOT CÀ PHÊ,0,2,VNMOD20260329214440034957,☕️1 Shot,29000,1
VNITE20251210013102036773,Bạc Xỉu Đá,VNCAT2025121001310249172,CÀ PHÊ,59000,1,,,VNMOG2026053119273172949,LOẠI SỮA,1,1,VNMOD20260531192731014737,🥛Sữa Tươi Không Đường,0,1
VNITE20251210013102036773,Bạc Xỉu Đá,VNCAT2025121001310249172,CÀ PHÊ,59000,1,,,VNMOG2026053119273172949,LOẠI SỮA,1,1,VNMOD20260531192731021617,🥤Sữa Yến Mạch Oatside,18000,1
VNITE20251210013102036773,Bạc Xỉu Đá,VNCAT2025121001310249172,CÀ PHÊ,59000,1,,,VNMOG2026032921444032187,TĂNG SHOT CÀ PHÊ,0,2,VNMOD20260329214440017749,☕️☕️2 Shot,39000,1
VNITE20251210013102036773,Bạc Xỉu Đá,VNCAT2025121001310249172,CÀ PHÊ,59000,1,,,VNMOG2026032921444032187,TĂNG SHOT CÀ PHÊ,0,2,VNMOD20260329214440034957,☕️1 Shot,29000,1
VNITE20251210013102036773,Bạc Xỉu Đá,VNCAT2025121001310249172,CÀ PHÊ,59000,1,,,VNMOG2026040205120434503,TRÂN CHÂU HẠT NỔ SIZE M,0,7,VNMOD20260509171054013175,🍈Trân Châu Nổ Dưa Lưới M,25000,1
VNITE20251210013102036773,Bạc Xỉu Đá,VNCAT2025121001310249172,CÀ PHÊ,59000,1,,,VNMOG2026040205120434503,TRÂN CHÂU HẠT NỔ SIZE M,0,7,VNMOD20260509171054029404,🥝Trân Châu Nổ Kiwi M,25000,1
VNITE20251210013102036773,Bạc Xỉu Đá,VNCAT2025121001310249172,CÀ PHÊ,59000,1,,,VNMOG2026040205120434503,TRÂN CHÂU HẠT NỔ SIZE M,0,7,VNMOD20260402051204015377,🍇Trân Châu Nổ Nho M,25000,1
VNITE20251210013102036773,Bạc Xỉu Đá,VNCAT2025121001310249172,CÀ PHÊ,59000,1,,,VNMOG2026040205120434503,TRÂN CHÂU HẠT NỔ SIZE M,0,7,VNMOD20260402051204027788,🫐Trân Châu Nổ Việt Quất M,25000,1
VNITE20251210013102036773,Bạc Xỉu Đá,VNCAT2025121001310249172,CÀ PHÊ,59000,1,,,VNMOG2026040205120434503,TRÂN CHÂU HẠT NỔ SIZE M,0,7,VNMOD20260402051204039633,🍓Trân Châu Nổ Dâu Tây M,25000,1
VNITE20251210013102036773,Bạc Xỉu Đá,VNCAT2025121001310249172,CÀ PHÊ,59000,1,,,VNMOG2026040205120434503,TRÂN CHÂU HẠT NỔ SIZE M,0,7,VNMOD20260402051204042483,🍑Trân Châu Nổ Đào M,25000,1
VNITE20251210013102036773,Bạc Xỉu Đá,VNCAT2025121001310249172,CÀ PHÊ,59000,1,,,VNMOG2026040205120434503,TRÂN CHÂU HẠT NỔ SIZE M,0,7,VNMOD20260402051204050121,🫙Trân Châu Nổ Sữa Chua M,25000,1
VNITE20251210013102036773,Bạc Xỉu Đá,VNCAT2025121001310249172,CÀ PHÊ,59000,1,,,VNMOG2026063019295671630,MỨC ĐÁ CAFE,1,1,VNMOD20260630192956015947,50% Đá,0,1
VNITE20251210013102036773,Bạc Xỉu Đá,VNCAT2025121001310249172,CÀ PHÊ,59000,1,,,VNMOG2026063019295671630,MỨC ĐÁ CAFE,1,1,VNMOD20260630192956022243,100% Đá,0,1
VNITE20251210013102036773,Bạc Xỉu Đá,VNCAT2025121001310249172,CÀ PHÊ,59000,1,,,VNMOG2026063019295671630,MỨC ĐÁ CAFE,1,1,VNMOD20260630192956031555,Đá Riêng Đựng Túi Zip,5000,1
VNITE20251210013102036773,Bạc Xỉu Đá,VNCAT2025121001310249172,CÀ PHÊ,59000,1,,,VNMOG2026020118102586934,ĐƯỜNG CÀ PHÊ,1,1,VNMOD20260201181025010783,0% Sugar Level,0,1
VNITE20251210013102036773,Bạc Xỉu Đá,VNCAT2025121001310249172,CÀ PHÊ,59000,1,,,VNMOG2026020118102586934,ĐƯỜNG CÀ PHÊ,1,1,VNMOD20260201181025036485,50% Sugar Level,0,1
VNITE20251210013102036773,Bạc Xỉu Đá,VNCAT2025121001310249172,CÀ PHÊ,59000,1,,,VNMOG2026020118102586934,ĐƯỜNG CÀ PHÊ,1,1,VNMOD20260201181025050821,100% Sugar Level,0,1
VNITE20251210013102036773,Bạc Xỉu Đá,VNCAT2025121001310249172,CÀ PHÊ,59000,1,,,VNMOG2026020118102586934,ĐƯỜNG CÀ PHÊ,1,1,VNMOD20260610103659017420,Đường Ăn Kiêng,5000,1
VNITE20251210013102036773,Bạc Xỉu Đá,VNCAT2025121001310249172,CÀ PHÊ,59000,1,,,VNMOG2026010214381357793,TOPPINGS NƯỚC SIZE M,0,14,VNMOD20260728120859016081,🏐Nhãn Nhục,40000,1
VNITE20251210013102036773,Bạc Xỉu Đá,VNCAT2025121001310249172,CÀ PHÊ,59000,1,,,VNMOG2026010214381357793,TOPPINGS NƯỚC SIZE M,0,14,VNMOD20260728120859024399,🍄Nấm Tuyết,30000,1
VNITE20251210013102036773,Bạc Xỉu Đá,VNCAT2025121001310249172,CÀ PHÊ,59000,1,,,VNMOG2026010214381357793,TOPPINGS NƯỚC SIZE M,0,14,VNMOD20260728120859035219,🫗Nhựa Đào,30000,1
VNITE20251210013102036773,Bạc Xỉu Đá,VNCAT2025121001310249172,CÀ PHÊ,59000,1,,,VNMOG2026010214381357793,TOPPINGS NƯỚC SIZE M,0,14,VNMOD20260525094214016070,🌼Vàng Lá,20000,1
VNITE20251210013102036773,Bạc Xỉu Đá,VNCAT2025121001310249172,CÀ PHÊ,59000,1,,,VNMOG2026010214381357793,TOPPINGS NƯỚC SIZE M,0,14,VNMOD20260525094214029352,🍭Kẹo Mút Xốp,20000,1
VNITE20251210013102036773,Bạc Xỉu Đá,VNCAT2025121001310249172,CÀ PHÊ,59000,1,,,VNMOG2026010214381357793,TOPPINGS NƯỚC SIZE M,0,14,VNMOD20260520121848014884,☕️Thạch Cafe,15000,1
VNITE20251210013102036773,Bạc Xỉu Đá,VNCAT2025121001310249172,CÀ PHÊ,59000,1,,,VNMOG2026010214381357793,TOPPINGS NƯỚC SIZE M,0,14,VNMOD20260509171133012746,🍑Thạch Dừa Vị Đào,15000,1
VNITE20251210013102036773,Bạc Xỉu Đá,VNCAT2025121001310249172,CÀ PHÊ,59000,1,,,VNMOG2026010214381357793,TOPPINGS NƯỚC SIZE M,0,14,VNMOD20260509171133025336,🩶Hạt Chia,10000,1
VNITE20251210013102036773,Bạc Xỉu Đá,VNCAT2025121001310249172,CÀ PHÊ,59000,1,,,VNMOG2026010214381357793,TOPPINGS NƯỚC SIZE M,0,14,VNMOD20260520121848024526,🍑Mochi Đào,30000,1
VNITE20251210013102036773,Bạc Xỉu Đá,VNCAT2025121001310249172,CÀ PHÊ,59000,1,,,VNMOG2026010214381357793,TOPPINGS NƯỚC SIZE M,0,14,VNMOD20260102143813012309,⚪️Khúc Bạch,30000,1
VNITE20251210013102036773,Bạc Xỉu Đá,VNCAT2025121001310249172,CÀ PHÊ,59000,1,,,VNMOG2026010214381357793,TOPPINGS NƯỚC SIZE M,0,14,VNMOD20260102143813021051,🖤Sương Sáo,15000,1
VNITE20251210013102036773,Bạc Xỉu Đá,VNCAT2025121001310249172,CÀ PHÊ,59000,1,,,VNMOG2026010214381357793,TOPPINGS NƯỚC SIZE M,0,14,VNMOD20260102143813035207,🍵Thạch Matcha,15000,1
VNITE20251210013102036773,Bạc Xỉu Đá,VNCAT2025121001310249172,CÀ PHÊ,59000,1,,,VNMOG2026010214381357793,TOPPINGS NƯỚC SIZE M,0,14,VNMOD20260102143813047639,🍀Thạch Nha Đam,20000,1
VNITE20251210013102036773,Bạc Xỉu Đá,VNCAT2025121001310249172,CÀ PHÊ,59000,1,,,VNMOG2026010214381357793,TOPPINGS NƯỚC SIZE M,0,14,VNMOD20260102143813069685,🫧Trân Châu Trắng,15000,1
VNITE20251210013102036773,Bạc Xỉu Đá,VNCAT2025121001310249172,CÀ PHÊ,59000,1,,,VNMOG2026010214381357793,TOPPINGS NƯỚC SIZE M,0,14,VNMOD20260128094817012683,💜Hạt Nổ Khoai Môn,30000,1
VNITE20251210013102036773,Bạc Xỉu Đá,VNCAT2025121001310249172,CÀ PHÊ,59000,1,,,VNMOG2026010214381357793,TOPPINGS NƯỚC SIZE M,0,14,VNMOD20260102143813118751,🍮Kem Flan,50000,1
VNITE20251210013102036773,Bạc Xỉu Đá,VNCAT2025121001310249172,CÀ PHÊ,59000,1,,,VNMOG2026010214381357793,TOPPINGS NƯỚC SIZE M,0,14,VNMOD20260102143813120730,🧂Kem Muối,15000,1
VNITE20251210013102082760,Cà Phê Sữa Nóng,VNCAT2025121001310249172,CÀ PHÊ,59000,1,,,VNMOG2026040205120434503,TRÂN CHÂU HẠT NỔ SIZE M,0,7,VNMOD20260509171054013175,🍈Trân Châu Nổ Dưa Lưới M,25000,1
VNITE20251210013102082760,Cà Phê Sữa Nóng,VNCAT2025121001310249172,CÀ PHÊ,59000,1,,,VNMOG2026040205120434503,TRÂN CHÂU HẠT NỔ SIZE M,0,7,VNMOD20260509171054029404,🥝Trân Châu Nổ Kiwi M,25000,1
VNITE20251210013102082760,Cà Phê Sữa Nóng,VNCAT2025121001310249172,CÀ PHÊ,59000,1,,,VNMOG2026040205120434503,TRÂN CHÂU HẠT NỔ SIZE M,0,7,VNMOD20260402051204015377,🍇Trân Châu Nổ Nho M,25000,1
VNITE20251210013102082760,Cà Phê Sữa Nóng,VNCAT2025121001310249172,CÀ PHÊ,59000,1,,,VNMOG2026040205120434503,TRÂN CHÂU HẠT NỔ SIZE M,0,7,VNMOD20260402051204027788,🫐Trân Châu Nổ Việt Quất M,25000,1
VNITE20251210013102082760,Cà Phê Sữa Nóng,VNCAT2025121001310249172,CÀ PHÊ,59000,1,,,VNMOG2026040205120434503,TRÂN CHÂU HẠT NỔ SIZE M,0,7,VNMOD20260402051204039633,🍓Trân Châu Nổ Dâu Tây M,25000,1
VNITE20251210013102082760,Cà Phê Sữa Nóng,VNCAT2025121001310249172,CÀ PHÊ,59000,1,,,VNMOG2026040205120434503,TRÂN CHÂU HẠT NỔ SIZE M,0,7,VNMOD20260402051204042483,🍑Trân Châu Nổ Đào M,25000,1
VNITE20251210013102082760,Cà Phê Sữa Nóng,VNCAT2025121001310249172,CÀ PHÊ,59000,1,,,VNMOG2026040205120434503,TRÂN CHÂU HẠT NỔ SIZE M,0,7,VNMOD20260402051204050121,🫙Trân Châu Nổ Sữa Chua M,25000,1
VNITE20251210013102082760,Cà Phê Sữa Nóng,VNCAT2025121001310249172,CÀ PHÊ,59000,1,,,VNMOG2026032921444032187,TĂNG SHOT CÀ PHÊ,0,2,VNMOD20260329214440017749,☕️☕️2 Shot,39000,1
VNITE20251210013102082760,Cà Phê Sữa Nóng,VNCAT2025121001310249172,CÀ PHÊ,59000,1,,,VNMOG2026032921444032187,TĂNG SHOT CÀ PHÊ,0,2,VNMOD20260329214440034957,☕️1 Shot,29000,1
VNITE20251210013102082760,Cà Phê Sữa Nóng,VNCAT2025121001310249172,CÀ PHÊ,59000,1,,,VNMOG2026053119345643548,THÊM SỮA YẾN MẠCH,0,1,VNMOD20260531193457011073,🥤Sữa Yến Mạch Oatside,18000,1
VNITE20251210013102082760,Cà Phê Sữa Nóng,VNCAT2025121001310249172,CÀ PHÊ,59000,1,,,VNMOG2026010214381357793,TOPPINGS NƯỚC SIZE M,0,14,VNMOD20260728120859016081,🏐Nhãn Nhục,40000,1
VNITE20251210013102082760,Cà Phê Sữa Nóng,VNCAT2025121001310249172,CÀ PHÊ,59000,1,,,VNMOG2026010214381357793,TOPPINGS NƯỚC SIZE M,0,14,VNMOD20260728120859024399,🍄Nấm Tuyết,30000,1
VNITE20251210013102082760,Cà Phê Sữa Nóng,VNCAT2025121001310249172,CÀ PHÊ,59000,1,,,VNMOG2026010214381357793,TOPPINGS NƯỚC SIZE M,0,14,VNMOD20260728120859035219,🫗Nhựa Đào,30000,1
VNITE20251210013102082760,Cà Phê Sữa Nóng,VNCAT2025121001310249172,CÀ PHÊ,59000,1,,,VNMOG2026010214381357793,TOPPINGS NƯỚC SIZE M,0,14,VNMOD20260525094214016070,🌼Vàng Lá,20000,1
VNITE20251210013102082760,Cà Phê Sữa Nóng,VNCAT2025121001310249172,CÀ PHÊ,59000,1,,,VNMOG2026010214381357793,TOPPINGS NƯỚC SIZE M,0,14,VNMOD20260525094214029352,🍭Kẹo Mút Xốp,20000,1
VNITE20251210013102082760,Cà Phê Sữa Nóng,VNCAT2025121001310249172,CÀ PHÊ,59000,1,,,VNMOG2026010214381357793,TOPPINGS NƯỚC SIZE M,0,14,VNMOD20260520121848014884,☕️Thạch Cafe,15000,1
VNITE20251210013102082760,Cà Phê Sữa Nóng,VNCAT2025121001310249172,CÀ PHÊ,59000,1,,,VNMOG2026010214381357793,TOPPINGS NƯỚC SIZE M,0,14,VNMOD20260509171133012746,🍑Thạch Dừa Vị Đào,15000,1
VNITE20251210013102082760,Cà Phê Sữa Nóng,VNCAT2025121001310249172,CÀ PHÊ,59000,1,,,VNMOG2026010214381357793,TOPPINGS NƯỚC SIZE M,0,14,VNMOD20260509171133025336,🩶Hạt Chia,10000,1
VNITE20251210013102082760,Cà Phê Sữa Nóng,VNCAT2025121001310249172,CÀ PHÊ,59000,1,,,VNMOG2026010214381357793,TOPPINGS NƯỚC SIZE M,0,14,VNMOD20260520121848024526,🍑Mochi Đào,30000,1
VNITE20251210013102082760,Cà Phê Sữa Nóng,VNCAT2025121001310249172,CÀ PHÊ,59000,1,,,VNMOG2026010214381357793,TOPPINGS NƯỚC SIZE M,0,14,VNMOD20260102143813012309,⚪️Khúc Bạch,30000,1
VNITE20251210013102082760,Cà Phê Sữa Nóng,VNCAT2025121001310249172,CÀ PHÊ,59000,1,,,VNMOG2026010214381357793,TOPPINGS NƯỚC SIZE M,0,14,VNMOD20260102143813021051,🖤Sương Sáo,15000,1
VNITE20251210013102082760,Cà Phê Sữa Nóng,VNCAT2025121001310249172,CÀ PHÊ,59000,1,,,VNMOG2026010214381357793,TOPPINGS NƯỚC SIZE M,0,14,VNMOD20260102143813035207,🍵Thạch Matcha,15000,1
VNITE20251210013102082760,Cà Phê Sữa Nóng,VNCAT2025121001310249172,CÀ PHÊ,59000,1,,,VNMOG2026010214381357793,TOPPINGS NƯỚC SIZE M,0,14,VNMOD20260102143813047639,🍀Thạch Nha Đam,20000,1
VNITE20251210013102082760,Cà Phê Sữa Nóng,VNCAT2025121001310249172,CÀ PHÊ,59000,1,,,VNMOG2026010214381357793,TOPPINGS NƯỚC SIZE M,0,14,VNMOD20260102143813069685,🫧Trân Châu Trắng,15000,1
VNITE20251210013102082760,Cà Phê Sữa Nóng,VNCAT2025121001310249172,CÀ PHÊ,59000,1,,,VNMOG2026010214381357793,TOPPINGS NƯỚC SIZE M,0,14,VNMOD20260128094817012683,💜Hạt Nổ Khoai Môn,30000,1
VNITE20251210013102082760,Cà Phê Sữa Nóng,VNCAT2025121001310249172,CÀ PHÊ,59000,1,,,VNMOG2026010214381357793,TOPPINGS NƯỚC SIZE M,0,14,VNMOD20260102143813118751,🍮Kem Flan,50000,1
VNITE20251210013102082760,Cà Phê Sữa Nóng,VNCAT2025121001310249172,CÀ PHÊ,59000,1,,,VNMOG2026010214381357793,TOPPINGS NƯỚC SIZE M,0,14,VNMOD20260102143813120730,🧂Kem Muối,15000,1
VNITE2026063017595692306,Cà Phê Sữa Đá,VNCAT2025121001310249172,CÀ PHÊ,59000,1,,,VNMOG2026032921444032187,TĂNG SHOT CÀ PHÊ,0,2,VNMOD20260329214440017749,☕️☕️2 Shot,39000,1
VNITE2026063017595692306,Cà Phê Sữa Đá,VNCAT2025121001310249172,CÀ PHÊ,59000,1,,,VNMOG2026032921444032187,TĂNG SHOT CÀ PHÊ,0,2,VNMOD20260329214440034957,☕️1 Shot,29000,1
VNITE2026063017595692306,Cà Phê Sữa Đá,VNCAT2025121001310249172,CÀ PHÊ,59000,1,,,VNMOG2026010214381357793,TOPPINGS NƯỚC SIZE M,0,14,VNMOD20260728120859016081,🏐Nhãn Nhục,40000,1
VNITE2026063017595692306,Cà Phê Sữa Đá,VNCAT2025121001310249172,CÀ PHÊ,59000,1,,,VNMOG2026010214381357793,TOPPINGS NƯỚC SIZE M,0,14,VNMOD20260728120859024399,🍄Nấm Tuyết,30000,1
VNITE2026063017595692306,Cà Phê Sữa Đá,VNCAT2025121001310249172,CÀ PHÊ,59000,1,,,VNMOG2026010214381357793,TOPPINGS NƯỚC SIZE M,0,14,VNMOD20260728120859035219,🫗Nhựa Đào,30000,1
VNITE2026063017595692306,Cà Phê Sữa Đá,VNCAT2025121001310249172,CÀ PHÊ,59000,1,,,VNMOG2026010214381357793,TOPPINGS NƯỚC SIZE M,0,14,VNMOD20260525094214016070,🌼Vàng Lá,20000,1
VNITE2026063017595692306,Cà Phê Sữa Đá,VNCAT2025121001310249172,CÀ PHÊ,59000,1,,,VNMOG2026010214381357793,TOPPINGS NƯỚC SIZE M,0,14,VNMOD20260525094214029352,🍭Kẹo Mút Xốp,20000,1
VNITE2026063017595692306,Cà Phê Sữa Đá,VNCAT2025121001310249172,CÀ PHÊ,59000,1,,,VNMOG2026010214381357793,TOPPINGS NƯỚC SIZE M,0,14,VNMOD20260520121848014884,☕️Thạch Cafe,15000,1
VNITE2026063017595692306,Cà Phê Sữa Đá,VNCAT2025121001310249172,CÀ PHÊ,59000,1,,,VNMOG2026010214381357793,TOPPINGS NƯỚC SIZE M,0,14,VNMOD20260509171133012746,🍑Thạch Dừa Vị Đào,15000,1
VNITE2026063017595692306,Cà Phê Sữa Đá,VNCAT2025121001310249172,CÀ PHÊ,59000,1,,,VNMOG2026010214381357793,TOPPINGS NƯỚC SIZE M,0,14,VNMOD20260509171133025336,🩶Hạt Chia,10000,1
VNITE2026063017595692306,Cà Phê Sữa Đá,VNCAT2025121001310249172,CÀ PHÊ,59000,1,,,VNMOG2026010214381357793,TOPPINGS NƯỚC SIZE M,0,14,VNMOD20260520121848024526,🍑Mochi Đào,30000,1
VNITE2026063017595692306,Cà Phê Sữa Đá,VNCAT2025121001310249172,CÀ PHÊ,59000,1,,,VNMOG2026010214381357793,TOPPINGS NƯỚC SIZE M,0,14,VNMOD20260102143813012309,⚪️Khúc Bạch,30000,1
VNITE2026063017595692306,Cà Phê Sữa Đá,VNCAT2025121001310249172,CÀ PHÊ,59000,1,,,VNMOG2026010214381357793,TOPPINGS NƯỚC SIZE M,0,14,VNMOD20260102143813021051,🖤Sương Sáo,15000,1
VNITE2026063017595692306,Cà Phê Sữa Đá,VNCAT2025121001310249172,CÀ PHÊ,59000,1,,,VNMOG2026010214381357793,TOPPINGS NƯỚC SIZE M,0,14,VNMOD20260102143813035207,🍵Thạch Matcha,15000,1
VNITE2026063017595692306,Cà Phê Sữa Đá,VNCAT2025121001310249172,CÀ PHÊ,59000,1,,,VNMOG2026010214381357793,TOPPINGS NƯỚC SIZE M,0,14,VNMOD20260102143813047639,🍀Thạch Nha Đam,20000,1
VNITE2026063017595692306,Cà Phê Sữa Đá,VNCAT2025121001310249172,CÀ PHÊ,59000,1,,,VNMOG2026010214381357793,TOPPINGS NƯỚC SIZE M,0,14,VNMOD20260102143813069685,🫧Trân Châu Trắng,15000,1
VNITE2026063017595692306,Cà Phê Sữa Đá,VNCAT2025121001310249172,CÀ PHÊ,59000,1,,,VNMOG2026010214381357793,TOPPINGS NƯỚC SIZE M,0,14,VNMOD20260128094817012683,💜Hạt Nổ Khoai Môn,30000,1
VNITE2026063017595692306,Cà Phê Sữa Đá,VNCAT2025121001310249172,CÀ PHÊ,59000,1,,,VNMOG2026010214381357793,TOPPINGS NƯỚC SIZE M,0,14,VNMOD20260102143813118751,🍮Kem Flan,50000,1
VNITE2026063017595692306,Cà Phê Sữa Đá,VNCAT2025121001310249172,CÀ PHÊ,59000,1,,,VNMOG2026010214381357793,TOPPINGS NƯỚC SIZE M,0,14,VNMOD20260102143813120730,🧂Kem Muối,15000,1
VNITE2026063017595692306,Cà Phê Sữa Đá,VNCAT2025121001310249172,CÀ PHÊ,59000,1,,,VNMOG2026040205120434503,TRÂN CHÂU HẠT NỔ SIZE M,0,7,VNMOD20260509171054013175,🍈Trân Châu Nổ Dưa Lưới M,25000,1
VNITE2026063017595692306,Cà Phê Sữa Đá,VNCAT2025121001310249172,CÀ PHÊ,59000,1,,,VNMOG2026040205120434503,TRÂN CHÂU HẠT NỔ SIZE M,0,7,VNMOD20260509171054029404,🥝Trân Châu Nổ Kiwi M,25000,1
VNITE2026063017595692306,Cà Phê Sữa Đá,VNCAT2025121001310249172,CÀ PHÊ,59000,1,,,VNMOG2026040205120434503,TRÂN CHÂU HẠT NỔ SIZE M,0,7,VNMOD20260402051204015377,🍇Trân Châu Nổ Nho M,25000,1
VNITE2026063017595692306,Cà Phê Sữa Đá,VNCAT2025121001310249172,CÀ PHÊ,59000,1,,,VNMOG2026040205120434503,TRÂN CHÂU HẠT NỔ SIZE M,0,7,VNMOD20260402051204027788,🫐Trân Châu Nổ Việt Quất M,25000,1
VNITE2026063017595692306,Cà Phê Sữa Đá,VNCAT2025121001310249172,CÀ PHÊ,59000,1,,,VNMOG2026040205120434503,TRÂN CHÂU HẠT NỔ SIZE M,0,7,VNMOD20260402051204039633,🍓Trân Châu Nổ Dâu Tây M,25000,1
VNITE2026063017595692306,Cà Phê Sữa Đá,VNCAT2025121001310249172,CÀ PHÊ,59000,1,,,VNMOG2026040205120434503,TRÂN CHÂU HẠT NỔ SIZE M,0,7,VNMOD20260402051204042483,🍑Trân Châu Nổ Đào M,25000,1
VNITE2026063017595692306,Cà Phê Sữa Đá,VNCAT2025121001310249172,CÀ PHÊ,59000,1,,,VNMOG2026040205120434503,TRÂN CHÂU HẠT NỔ SIZE M,0,7,VNMOD20260402051204050121,🫙Trân Châu Nổ Sữa Chua M,25000,1
VNITE2026063017595692306,Cà Phê Sữa Đá,VNCAT2025121001310249172,CÀ PHÊ,59000,1,,,VNMOG2026063019295671630,MỨC ĐÁ CAFE,1,1,VNMOD20260630192956015947,50% Đá,0,1
VNITE2026063017595692306,Cà Phê Sữa Đá,VNCAT2025121001310249172,CÀ PHÊ,59000,1,,,VNMOG2026063019295671630,MỨC ĐÁ CAFE,1,1,VNMOD20260630192956022243,100% Đá,0,1
VNITE2026063017595692306,Cà Phê Sữa Đá,VNCAT2025121001310249172,CÀ PHÊ,59000,1,,,VNMOG2026063019295671630,MỨC ĐÁ CAFE,1,1,VNMOD20260630192956031555,Đá Riêng Đựng Túi Zip,5000,1
VNITE20251210013102102398,Cà Phê Đen Nóng,VNCAT2025121001310249172,CÀ PHÊ,49000,1,,,VNMOG2026020118102586934,ĐƯỜNG CÀ PHÊ,1,1,VNMOD20260201181025010783,0% Sugar Level,0,1
VNITE20251210013102102398,Cà Phê Đen Nóng,VNCAT2025121001310249172,CÀ PHÊ,49000,1,,,VNMOG2026020118102586934,ĐƯỜNG CÀ PHÊ,1,1,VNMOD20260201181025036485,50% Sugar Level,0,1
VNITE20251210013102102398,Cà Phê Đen Nóng,VNCAT2025121001310249172,CÀ PHÊ,49000,1,,,VNMOG2026020118102586934,ĐƯỜNG CÀ PHÊ,1,1,VNMOD20260201181025050821,100% Sugar Level,0,1
VNITE20251210013102102398,Cà Phê Đen Nóng,VNCAT2025121001310249172,CÀ PHÊ,49000,1,,,VNMOG2026020118102586934,ĐƯỜNG CÀ PHÊ,1,1,VNMOD20260610103659017420,Đường Ăn Kiêng,5000,1
VNITE20251210013102102398,Cà Phê Đen Nóng,VNCAT2025121001310249172,CÀ PHÊ,49000,1,,,VNMOG2026032921444032187,TĂNG SHOT CÀ PHÊ,0,2,VNMOD20260329214440017749,☕️☕️2 Shot,39000,1
VNITE20251210013102102398,Cà Phê Đen Nóng,VNCAT2025121001310249172,CÀ PHÊ,49000,1,,,VNMOG2026032921444032187,TĂNG SHOT CÀ PHÊ,0,2,VNMOD20260329214440034957,☕️1 Shot,29000,1
VNITE20251210013102102398,Cà Phê Đen Nóng,VNCAT2025121001310249172,CÀ PHÊ,49000,1,,,VNMOG2026040205120434503,TRÂN CHÂU HẠT NỔ SIZE M,0,7,VNMOD20260509171054013175,🍈Trân Châu Nổ Dưa Lưới M,25000,1
VNITE20251210013102102398,Cà Phê Đen Nóng,VNCAT2025121001310249172,CÀ PHÊ,49000,1,,,VNMOG2026040205120434503,TRÂN CHÂU HẠT NỔ SIZE M,0,7,VNMOD20260509171054029404,🥝Trân Châu Nổ Kiwi M,25000,1
VNITE20251210013102102398,Cà Phê Đen Nóng,VNCAT2025121001310249172,CÀ PHÊ,49000,1,,,VNMOG2026040205120434503,TRÂN CHÂU HẠT NỔ SIZE M,0,7,VNMOD20260402051204015377,🍇Trân Châu Nổ Nho M,25000,1
VNITE20251210013102102398,Cà Phê Đen Nóng,VNCAT2025121001310249172,CÀ PHÊ,49000,1,,,VNMOG2026040205120434503,TRÂN CHÂU HẠT NỔ SIZE M,0,7,VNMOD20260402051204027788,🫐Trân Châu Nổ Việt Quất M,25000,1
VNITE20251210013102102398,Cà Phê Đen Nóng,VNCAT2025121001310249172,CÀ PHÊ,49000,1,,,VNMOG2026040205120434503,TRÂN CHÂU HẠT NỔ SIZE M,0,7,VNMOD20260402051204039633,🍓Trân Châu Nổ Dâu Tây M,25000,1
VNITE20251210013102102398,Cà Phê Đen Nóng,VNCAT2025121001310249172,CÀ PHÊ,49000,1,,,VNMOG2026040205120434503,TRÂN CHÂU HẠT NỔ SIZE M,0,7,VNMOD20260402051204042483,🍑Trân Châu Nổ Đào M,25000,1
VNITE20251210013102102398,Cà Phê Đen Nóng,VNCAT2025121001310249172,CÀ PHÊ,49000,1,,,VNMOG2026040205120434503,TRÂN CHÂU HẠT NỔ SIZE M,0,7,VNMOD20260402051204050121,🫙Trân Châu Nổ Sữa Chua M,25000,1
VNITE20251210013102102398,Cà Phê Đen Nóng,VNCAT2025121001310249172,CÀ PHÊ,49000,1,,,VNMOG2026010214381357793,TOPPINGS NƯỚC SIZE M,0,14,VNMOD20260728120859016081,🏐Nhãn Nhục,40000,1
VNITE20251210013102102398,Cà Phê Đen Nóng,VNCAT2025121001310249172,CÀ PHÊ,49000,1,,,VNMOG2026010214381357793,TOPPINGS NƯỚC SIZE M,0,14,VNMOD20260728120859024399,🍄Nấm Tuyết,30000,1
VNITE20251210013102102398,Cà Phê Đen Nóng,VNCAT2025121001310249172,CÀ PHÊ,49000,1,,,VNMOG2026010214381357793,TOPPINGS NƯỚC SIZE M,0,14,VNMOD20260728120859035219,🫗Nhựa Đào,30000,1
VNITE20251210013102102398,Cà Phê Đen Nóng,VNCAT2025121001310249172,CÀ PHÊ,49000,1,,,VNMOG2026010214381357793,TOPPINGS NƯỚC SIZE M,0,14,VNMOD20260525094214016070,🌼Vàng Lá,20000,1
VNITE20251210013102102398,Cà Phê Đen Nóng,VNCAT2025121001310249172,CÀ PHÊ,49000,1,,,VNMOG2026010214381357793,TOPPINGS NƯỚC SIZE M,0,14,VNMOD20260525094214029352,🍭Kẹo Mút Xốp,20000,1
VNITE20251210013102102398,Cà Phê Đen Nóng,VNCAT2025121001310249172,CÀ PHÊ,49000,1,,,VNMOG2026010214381357793,TOPPINGS NƯỚC SIZE M,0,14,VNMOD20260520121848014884,☕️Thạch Cafe,15000,1
VNITE20251210013102102398,Cà Phê Đen Nóng,VNCAT2025121001310249172,CÀ PHÊ,49000,1,,,VNMOG2026010214381357793,TOPPINGS NƯỚC SIZE M,0,14,VNMOD20260509171133012746,🍑Thạch Dừa Vị Đào,15000,1
VNITE20251210013102102398,Cà Phê Đen Nóng,VNCAT2025121001310249172,CÀ PHÊ,49000,1,,,VNMOG2026010214381357793,TOPPINGS NƯỚC SIZE M,0,14,VNMOD20260509171133025336,🩶Hạt Chia,10000,1
VNITE20251210013102102398,Cà Phê Đen Nóng,VNCAT2025121001310249172,CÀ PHÊ,49000,1,,,VNMOG2026010214381357793,TOPPINGS NƯỚC SIZE M,0,14,VNMOD20260520121848024526,🍑Mochi Đào,30000,1
VNITE20251210013102102398,Cà Phê Đen Nóng,VNCAT2025121001310249172,CÀ PHÊ,49000,1,,,VNMOG2026010214381357793,TOPPINGS NƯỚC SIZE M,0,14,VNMOD20260102143813012309,⚪️Khúc Bạch,30000,1
VNITE20251210013102102398,Cà Phê Đen Nóng,VNCAT2025121001310249172,CÀ PHÊ,49000,1,,,VNMOG2026010214381357793,TOPPINGS NƯỚC SIZE M,0,14,VNMOD20260102143813021051,🖤Sương Sáo,15000,1
VNITE20251210013102102398,Cà Phê Đen Nóng,VNCAT2025121001310249172,CÀ PHÊ,49000,1,,,VNMOG2026010214381357793,TOPPINGS NƯỚC SIZE M,0,14,VNMOD20260102143813035207,🍵Thạch Matcha,15000,1
VNITE20251210013102102398,Cà Phê Đen Nóng,VNCAT2025121001310249172,CÀ PHÊ,49000,1,,,VNMOG2026010214381357793,TOPPINGS NƯỚC SIZE M,0,14,VNMOD20260102143813047639,🍀Thạch Nha Đam,20000,1
VNITE20251210013102102398,Cà Phê Đen Nóng,VNCAT2025121001310249172,CÀ PHÊ,49000,1,,,VNMOG2026010214381357793,TOPPINGS NƯỚC SIZE M,0,14,VNMOD20260102143813069685,🫧Trân Châu Trắng,15000,1
VNITE20251210013102102398,Cà Phê Đen Nóng,VNCAT2025121001310249172,CÀ PHÊ,49000,1,,,VNMOG2026010214381357793,TOPPINGS NƯỚC SIZE M,0,14,VNMOD20260128094817012683,💜Hạt Nổ Khoai Môn,30000,1
VNITE20251210013102102398,Cà Phê Đen Nóng,VNCAT2025121001310249172,CÀ PHÊ,49000,1,,,VNMOG2026010214381357793,TOPPINGS NƯỚC SIZE M,0,14,VNMOD20260102143813118751,🍮Kem Flan,50000,1
VNITE20251210013102102398,Cà Phê Đen Nóng,VNCAT2025121001310249172,CÀ PHÊ,49000,1,,,VNMOG2026010214381357793,TOPPINGS NƯỚC SIZE M,0,14,VNMOD20260102143813120730,🧂Kem Muối,15000,1
VNITE2026063017592223289,Cà Phê Đen Đá,VNCAT2025121001310249172,CÀ PHÊ,49000,1,,,VNMOG2026020118102586934,ĐƯỜNG CÀ PHÊ,1,1,VNMOD20260201181025010783,0% Sugar Level,0,1
VNITE2026063017592223289,Cà Phê Đen Đá,VNCAT2025121001310249172,CÀ PHÊ,49000,1,,,VNMOG2026020118102586934,ĐƯỜNG CÀ PHÊ,1,1,VNMOD20260201181025036485,50% Sugar Level,0,1
VNITE2026063017592223289,Cà Phê Đen Đá,VNCAT2025121001310249172,CÀ PHÊ,49000,1,,,VNMOG2026020118102586934,ĐƯỜNG CÀ PHÊ,1,1,VNMOD20260201181025050821,100% Sugar Level,0,1
VNITE2026063017592223289,Cà Phê Đen Đá,VNCAT2025121001310249172,CÀ PHÊ,49000,1,,,VNMOG2026020118102586934,ĐƯỜNG CÀ PHÊ,1,1,VNMOD20260610103659017420,Đường Ăn Kiêng,5000,1
VNITE2026063017592223289,Cà Phê Đen Đá,VNCAT2025121001310249172,CÀ PHÊ,49000,1,,,VNMOG2026040205120434503,TRÂN CHÂU HẠT NỔ SIZE M,0,7,VNMOD20260509171054013175,🍈Trân Châu Nổ Dưa Lưới M,25000,1
VNITE2026063017592223289,Cà Phê Đen Đá,VNCAT2025121001310249172,CÀ PHÊ,49000,1,,,VNMOG2026040205120434503,TRÂN CHÂU HẠT NỔ SIZE M,0,7,VNMOD20260509171054029404,🥝Trân Châu Nổ Kiwi M,25000,1
VNITE2026063017592223289,Cà Phê Đen Đá,VNCAT2025121001310249172,CÀ PHÊ,49000,1,,,VNMOG2026040205120434503,TRÂN CHÂU HẠT NỔ SIZE M,0,7,VNMOD20260402051204015377,🍇Trân Châu Nổ Nho M,25000,1
VNITE2026063017592223289,Cà Phê Đen Đá,VNCAT2025121001310249172,CÀ PHÊ,49000,1,,,VNMOG2026040205120434503,TRÂN CHÂU HẠT NỔ SIZE M,0,7,VNMOD20260402051204027788,🫐Trân Châu Nổ Việt Quất M,25000,1
VNITE2026063017592223289,Cà Phê Đen Đá,VNCAT2025121001310249172,CÀ PHÊ,49000,1,,,VNMOG2026040205120434503,TRÂN CHÂU HẠT NỔ SIZE M,0,7,VNMOD20260402051204039633,🍓Trân Châu Nổ Dâu Tây M,25000,1
VNITE2026063017592223289,Cà Phê Đen Đá,VNCAT2025121001310249172,CÀ PHÊ,49000,1,,,VNMOG2026040205120434503,TRÂN CHÂU HẠT NỔ SIZE M,0,7,VNMOD20260402051204042483,🍑Trân Châu Nổ Đào M,25000,1
VNITE2026063017592223289,Cà Phê Đen Đá,VNCAT2025121001310249172,CÀ PHÊ,49000,1,,,VNMOG2026040205120434503,TRÂN CHÂU HẠT NỔ SIZE M,0,7,VNMOD20260402051204050121,🫙Trân Châu Nổ Sữa Chua M,25000,1
VNITE2026063017592223289,Cà Phê Đen Đá,VNCAT2025121001310249172,CÀ PHÊ,49000,1,,,VNMOG2026032921444032187,TĂNG SHOT CÀ PHÊ,0,2,VNMOD20260329214440017749,☕️☕️2 Shot,39000,1
VNITE2026063017592223289,Cà Phê Đen Đá,VNCAT2025121001310249172,CÀ PHÊ,49000,1,,,VNMOG2026032921444032187,TĂNG SHOT CÀ PHÊ,0,2,VNMOD20260329214440034957,☕️1 Shot,29000,1
VNITE2026063017592223289,Cà Phê Đen Đá,VNCAT2025121001310249172,CÀ PHÊ,49000,1,,,VNMOG2026010214381357793,TOPPINGS NƯỚC SIZE M,0,14,VNMOD20260728120859016081,🏐Nhãn Nhục,40000,1
VNITE2026063017592223289,Cà Phê Đen Đá,VNCAT2025121001310249172,CÀ PHÊ,49000,1,,,VNMOG2026010214381357793,TOPPINGS NƯỚC SIZE M,0,14,VNMOD20260728120859024399,🍄Nấm Tuyết,30000,1
VNITE2026063017592223289,Cà Phê Đen Đá,VNCAT2025121001310249172,CÀ PHÊ,49000,1,,,VNMOG2026010214381357793,TOPPINGS NƯỚC SIZE M,0,14,VNMOD20260728120859035219,🫗Nhựa Đào,30000,1
VNITE2026063017592223289,Cà Phê Đen Đá,VNCAT2025121001310249172,CÀ PHÊ,49000,1,,,VNMOG2026010214381357793,TOPPINGS NƯỚC SIZE M,0,14,VNMOD20260525094214016070,🌼Vàng Lá,20000,1
VNITE2026063017592223289,Cà Phê Đen Đá,VNCAT2025121001310249172,CÀ PHÊ,49000,1,,,VNMOG2026010214381357793,TOPPINGS NƯỚC SIZE M,0,14,VNMOD20260525094214029352,🍭Kẹo Mút Xốp,20000,1
VNITE2026063017592223289,Cà Phê Đen Đá,VNCAT2025121001310249172,CÀ PHÊ,49000,1,,,VNMOG2026010214381357793,TOPPINGS NƯỚC SIZE M,0,14,VNMOD20260520121848014884,☕️Thạch Cafe,15000,1
VNITE2026063017592223289,Cà Phê Đen Đá,VNCAT2025121001310249172,CÀ PHÊ,49000,1,,,VNMOG2026010214381357793,TOPPINGS NƯỚC SIZE M,0,14,VNMOD20260509171133012746,🍑Thạch Dừa Vị Đào,15000,1
VNITE2026063017592223289,Cà Phê Đen Đá,VNCAT2025121001310249172,CÀ PHÊ,49000,1,,,VNMOG2026010214381357793,TOPPINGS NƯỚC SIZE M,0,14,VNMOD20260509171133025336,🩶Hạt Chia,10000,1
VNITE2026063017592223289,Cà Phê Đen Đá,VNCAT2025121001310249172,CÀ PHÊ,49000,1,,,VNMOG2026010214381357793,TOPPINGS NƯỚC SIZE M,0,14,VNMOD20260520121848024526,🍑Mochi Đào,30000,1
VNITE2026063017592223289,Cà Phê Đen Đá,VNCAT2025121001310249172,CÀ PHÊ,49000,1,,,VNMOG2026010214381357793,TOPPINGS NƯỚC SIZE M,0,14,VNMOD20260102143813012309,⚪️Khúc Bạch,30000,1
VNITE2026063017592223289,Cà Phê Đen Đá,VNCAT2025121001310249172,CÀ PHÊ,49000,1,,,VNMOG2026010214381357793,TOPPINGS NƯỚC SIZE M,0,14,VNMOD20260102143813021051,🖤Sương Sáo,15000,1
VNITE2026063017592223289,Cà Phê Đen Đá,VNCAT2025121001310249172,CÀ PHÊ,49000,1,,,VNMOG2026010214381357793,TOPPINGS NƯỚC SIZE M,0,14,VNMOD20260102143813035207,🍵Thạch Matcha,15000,1
VNITE2026063017592223289,Cà Phê Đen Đá,VNCAT2025121001310249172,CÀ PHÊ,49000,1,,,VNMOG2026010214381357793,TOPPINGS NƯỚC SIZE M,0,14,VNMOD20260102143813047639,🍀Thạch Nha Đam,20000,1
VNITE2026063017592223289,Cà Phê Đen Đá,VNCAT2025121001310249172,CÀ PHÊ,49000,1,,,VNMOG2026010214381357793,TOPPINGS NƯỚC SIZE M,0,14,VNMOD20260102143813069685,🫧Trân Châu Trắng,15000,1
VNITE2026063017592223289,Cà Phê Đen Đá,VNCAT2025121001310249172,CÀ PHÊ,49000,1,,,VNMOG2026010214381357793,TOPPINGS NƯỚC SIZE M,0,14,VNMOD20260128094817012683,💜Hạt Nổ Khoai Môn,30000,1
VNITE2026063017592223289,Cà Phê Đen Đá,VNCAT2025121001310249172,CÀ PHÊ,49000,1,,,VNMOG2026010214381357793,TOPPINGS NƯỚC SIZE M,0,14,VNMOD20260102143813118751,🍮Kem Flan,50000,1
VNITE2026063017592223289,Cà Phê Đen Đá,VNCAT2025121001310249172,CÀ PHÊ,49000,1,,,VNMOG2026010214381357793,TOPPINGS NƯỚC SIZE M,0,14,VNMOD20260102143813120730,🧂Kem Muối,15000,1
VNITE2026063017592223289,Cà Phê Đen Đá,VNCAT2025121001310249172,CÀ PHÊ,49000,1,,,VNMOG2026063019295671630,MỨC ĐÁ CAFE,1,1,VNMOD20260630192956015947,50% Đá,0,1
VNITE2026063017592223289,Cà Phê Đen Đá,VNCAT2025121001310249172,CÀ PHÊ,49000,1,,,VNMOG2026063019295671630,MỨC ĐÁ CAFE,1,1,VNMOD20260630192956022243,100% Đá,0,1
VNITE2026063017592223289,Cà Phê Đen Đá,VNCAT2025121001310249172,CÀ PHÊ,49000,1,,,VNMOG2026063019295671630,MỨC ĐÁ CAFE,1,1,VNMOD20260630192956031555,Đá Riêng Đựng Túi Zip,5000,1
VNITE2026031705355084019,Chả Cá Đong Đầy XL( Bao Gồm Tương Ớt),VNCAT2026031705332767843,CHẢ CÁ ĐONG ĐẦY,109000,1,,,VNMOG2026070803473211824,COMBO KHĂN ƯỚT & BAO TAY,1,1,VNMOD20260708034732010781,Không. Cám Ơn,0,1
VNITE2026031705355084019,Chả Cá Đong Đầy XL( Bao Gồm Tương Ớt),VNCAT2026031705332767843,CHẢ CÁ ĐONG ĐẦY,109000,1,,,VNMOG2026070803473211824,COMBO KHĂN ƯỚT & BAO TAY,1,1,VNMOD20260708034732023117,🙌Combo Khăn Ướt  + Bao Tay,5000,1
VNITE2026031705355084019,Chả Cá Đong Đầy XL( Bao Gồm Tương Ớt),VNCAT2026031705332767843,CHẢ CÁ ĐONG ĐẦY,109000,1,,,VNMOG2026020119004290347,LƯU Ý (ĐỪNG CHỌN NHÉ),0,1,VNMOD20260201190042016954,Nên dùng trong 2 giờ sau khi nhận,0,1
VNITE2026031705355084019,Chả Cá Đong Đầy XL( Bao Gồm Tương Ớt),VNCAT2026031705332767843,CHẢ CÁ ĐONG ĐẦY,109000,1,,,VNMOG2026020119004290347,LƯU Ý (ĐỪNG CHỌN NHÉ),0,1,VNMOD20260201190042028503,Chất lượng có thể thay đổi nhẹ khi giao,0,1
VNITE2026031705355084019,Chả Cá Đong Đầy XL( Bao Gồm Tương Ớt),VNCAT2026031705332767843,CHẢ CÁ ĐONG ĐẦY,109000,1,,,VNMOG2026022017410483937,SỐT KÈM THÊM,0,7,VNMOD20260531193050012723,🖤Sốt Tiêu Đen,30000,1
VNITE2026031705355084019,Chả Cá Đong Đầy XL( Bao Gồm Tương Ớt),VNCAT2026031705332767843,CHẢ CÁ ĐONG ĐẦY,109000,1,,,VNMOG2026022017410483937,SỐT KÈM THÊM,0,7,VNMOD20260515170708010036,🌶️Sốt Ớt Mật Ong,10000,1
VNITE2026031705355084019,Chả Cá Đong Đầy XL( Bao Gồm Tương Ớt),VNCAT2026031705332767843,CHẢ CÁ ĐONG ĐẦY,109000,1,,,VNMOG2026022017410483937,SỐT KÈM THÊM,0,7,VNMOD20260515165657017246,🍯Sốt BBQ,25000,1
VNITE2026031705355084019,Chả Cá Đong Đầy XL( Bao Gồm Tương Ớt),VNCAT2026031705332767843,CHẢ CÁ ĐONG ĐẦY,109000,1,,,VNMOG2026022017410483937,SỐT KÈM THÊM,0,7,VNMOD20260310163342013292,🍄‍🟫Sốt Nấm Truffle,50000,1
VNITE2026031705355084019,Chả Cá Đong Đầy XL( Bao Gồm Tương Ớt),VNCAT2026031705332767843,CHẢ CÁ ĐONG ĐẦY,109000,1,,,VNMOG2026022017410483937,SỐT KÈM THÊM,0,7,VNMOD20260317054657015610,🧡Sốt Đong Đầy,20000,1
VNITE2026031705355084019,Chả Cá Đong Đầy XL( Bao Gồm Tương Ớt),VNCAT2026031705332767843,CHẢ CÁ ĐONG ĐẦY,109000,1,,,VNMOG2026022017410483937,SỐT KÈM THÊM,0,7,VNMOD20260222071411018874,🧀Sốt Phô Mai,20000,1
VNITE2026031705355084019,Chả Cá Đong Đầy XL( Bao Gồm Tương Ớt),VNCAT2026031705332767843,CHẢ CÁ ĐONG ĐẦY,109000,1,,,VNMOG2026022017410483937,SỐT KÈM THÊM,0,7,VNMOD20260220174104019245,🧈Sốt Mayonnaise,10000,1
VNITE2026031705355084019,Chả Cá Đong Đầy XL( Bao Gồm Tương Ớt),VNCAT2026031705332767843,CHẢ CÁ ĐONG ĐẦY,109000,1,,,VNMOG2026063019195479132,GÓI TƯƠNG THÊM,0,4,VNMOD20260630191954016076,1 Gói Tương Cà Cholimex,3000,1
VNITE2026031705355084019,Chả Cá Đong Đầy XL( Bao Gồm Tương Ớt),VNCAT2026031705332767843,CHẢ CÁ ĐONG ĐẦY,109000,1,,,VNMOG2026063019195479132,GÓI TƯƠNG THÊM,0,4,VNMOD20260630191954029712,1 Gói Tương Ớt Cholimex,3000,1
VNITE2026031705355084019,Chả Cá Đong Đầy XL( Bao Gồm Tương Ớt),VNCAT2026031705332767843,CHẢ CÁ ĐONG ĐẦY,109000,1,,,VNMOG2026063019195479132,GÓI TƯƠNG THÊM,0,4,VNMOD20260630191954031348,2 Gói Tương Cà Cholimex,5000,1
VNITE2026031705355084019,Chả Cá Đong Đầy XL( Bao Gồm Tương Ớt),VNCAT2026031705332767843,CHẢ CÁ ĐONG ĐẦY,109000,1,,,VNMOG2026063019195479132,GÓI TƯƠNG THÊM,0,4,VNMOD20260630191954042594,2 Gói Tương Ớt Cholimex,5000,1
VNITE2026031705344668823,Chả Cá Đong Đầy L (Bao Gồm Tương Ớt),VNCAT2026031705332767843,CHẢ CÁ ĐONG ĐẦY,59000,1,,,VNMOG2026070803473211824,COMBO KHĂN ƯỚT & BAO TAY,1,1,VNMOD20260708034732010781,Không. Cám Ơn,0,1
VNITE2026031705344668823,Chả Cá Đong Đầy L (Bao Gồm Tương Ớt),VNCAT2026031705332767843,CHẢ CÁ ĐONG ĐẦY,59000,1,,,VNMOG2026070803473211824,COMBO KHĂN ƯỚT & BAO TAY,1,1,VNMOD20260708034732023117,🙌Combo Khăn Ướt  + Bao Tay,5000,1
VNITE2026031705344668823,Chả Cá Đong Đầy L (Bao Gồm Tương Ớt),VNCAT2026031705332767843,CHẢ CÁ ĐONG ĐẦY,59000,1,,,VNMOG2026022017410483937,SỐT KÈM THÊM,0,7,VNMOD20260531193050012723,🖤Sốt Tiêu Đen,30000,1
VNITE2026031705344668823,Chả Cá Đong Đầy L (Bao Gồm Tương Ớt),VNCAT2026031705332767843,CHẢ CÁ ĐONG ĐẦY,59000,1,,,VNMOG2026022017410483937,SỐT KÈM THÊM,0,7,VNMOD20260515170708010036,🌶️Sốt Ớt Mật Ong,10000,1
VNITE2026031705344668823,Chả Cá Đong Đầy L (Bao Gồm Tương Ớt),VNCAT2026031705332767843,CHẢ CÁ ĐONG ĐẦY,59000,1,,,VNMOG2026022017410483937,SỐT KÈM THÊM,0,7,VNMOD20260515165657017246,🍯Sốt BBQ,25000,1
VNITE2026031705344668823,Chả Cá Đong Đầy L (Bao Gồm Tương Ớt),VNCAT2026031705332767843,CHẢ CÁ ĐONG ĐẦY,59000,1,,,VNMOG2026022017410483937,SỐT KÈM THÊM,0,7,VNMOD20260310163342013292,🍄‍🟫Sốt Nấm Truffle,50000,1
VNITE2026031705344668823,Chả Cá Đong Đầy L (Bao Gồm Tương Ớt),VNCAT2026031705332767843,CHẢ CÁ ĐONG ĐẦY,59000,1,,,VNMOG2026022017410483937,SỐT KÈM THÊM,0,7,VNMOD20260317054657015610,🧡Sốt Đong Đầy,20000,1
VNITE2026031705344668823,Chả Cá Đong Đầy L (Bao Gồm Tương Ớt),VNCAT2026031705332767843,CHẢ CÁ ĐONG ĐẦY,59000,1,,,VNMOG2026022017410483937,SỐT KÈM THÊM,0,7,VNMOD20260222071411018874,🧀Sốt Phô Mai,20000,1
VNITE2026031705344668823,Chả Cá Đong Đầy L (Bao Gồm Tương Ớt),VNCAT2026031705332767843,CHẢ CÁ ĐONG ĐẦY,59000,1,,,VNMOG2026022017410483937,SỐT KÈM THÊM,0,7,VNMOD20260220174104019245,🧈Sốt Mayonnaise,10000,1
VNITE2026031705344668823,Chả Cá Đong Đầy L (Bao Gồm Tương Ớt),VNCAT2026031705332767843,CHẢ CÁ ĐONG ĐẦY,59000,1,,,VNMOG2026020119004290347,LƯU Ý (ĐỪNG CHỌN NHÉ),0,1,VNMOD20260201190042016954,Nên dùng trong 2 giờ sau khi nhận,0,1
VNITE2026031705344668823,Chả Cá Đong Đầy L (Bao Gồm Tương Ớt),VNCAT2026031705332767843,CHẢ CÁ ĐONG ĐẦY,59000,1,,,VNMOG2026020119004290347,LƯU Ý (ĐỪNG CHỌN NHÉ),0,1,VNMOD20260201190042028503,Chất lượng có thể thay đổi nhẹ khi giao,0,1
VNITE2026031705344668823,Chả Cá Đong Đầy L (Bao Gồm Tương Ớt),VNCAT2026031705332767843,CHẢ CÁ ĐONG ĐẦY,59000,1,,,VNMOG2026063019195479132,GÓI TƯƠNG THÊM,0,4,VNMOD20260630191954016076,1 Gói Tương Cà Cholimex,3000,1
VNITE2026031705344668823,Chả Cá Đong Đầy L (Bao Gồm Tương Ớt),VNCAT2026031705332767843,CHẢ CÁ ĐONG ĐẦY,59000,1,,,VNMOG2026063019195479132,GÓI TƯƠNG THÊM,0,4,VNMOD20260630191954029712,1 Gói Tương Ớt Cholimex,3000,1
VNITE2026031705344668823,Chả Cá Đong Đầy L (Bao Gồm Tương Ớt),VNCAT2026031705332767843,CHẢ CÁ ĐONG ĐẦY,59000,1,,,VNMOG2026063019195479132,GÓI TƯƠNG THÊM,0,4,VNMOD20260630191954031348,2 Gói Tương Cà Cholimex,5000,1
VNITE2026031705344668823,Chả Cá Đong Đầy L (Bao Gồm Tương Ớt),VNCAT2026031705332767843,CHẢ CÁ ĐONG ĐẦY,59000,1,,,VNMOG2026063019195479132,GÓI TƯƠNG THÊM,0,4,VNMOD20260630191954042594,2 Gói Tương Ớt Cholimex,5000,1
VNITE2026063018130416019,Sinh Tố Xoài Dừa (L),VNCAT2025121001380258311,ĐÁ XAY/ SINH TỐ,99000,1,,,VNMOG2026063019062792408,TOPPINGS NƯỚC SIZE L,0,14,VNMOD20260728120958018426,🫗Nhựa Đào,40000,1
VNITE2026063018130416019,Sinh Tố Xoài Dừa (L),VNCAT2025121001380258311,ĐÁ XAY/ SINH TỐ,99000,1,,,VNMOG2026063019062792408,TOPPINGS NƯỚC SIZE L,0,14,VNMOD20260728120958024241,🍄Nấm Tuyết,40000,1
VNITE2026063018130416019,Sinh Tố Xoài Dừa (L),VNCAT2025121001380258311,ĐÁ XAY/ SINH TỐ,99000,1,,,VNMOG2026063019062792408,TOPPINGS NƯỚC SIZE L,0,14,VNMOD20260728120958033950,🏐Nhãn Nhục,50000,1
VNITE2026063018130416019,Sinh Tố Xoài Dừa (L),VNCAT2025121001380258311,ĐÁ XAY/ SINH TỐ,99000,1,,,VNMOG2026063019062792408,TOPPINGS NƯỚC SIZE L,0,14,VNMOD20260630190628016741,🌼Vàng Lá,20000,1
VNITE2026063018130416019,Sinh Tố Xoài Dừa (L),VNCAT2025121001380258311,ĐÁ XAY/ SINH TỐ,99000,1,,,VNMOG2026063019062792408,TOPPINGS NƯỚC SIZE L,0,14,VNMOD20260630190628024121,🍭Kẹo Mút Xốp,20000,1
VNITE2026063018130416019,Sinh Tố Xoài Dừa (L),VNCAT2025121001380258311,ĐÁ XAY/ SINH TỐ,99000,1,,,VNMOG2026063019062792408,TOPPINGS NƯỚC SIZE L,0,14,VNMOD20260630190628033861,☕️Thạch Cafe,20000,1
VNITE2026063018130416019,Sinh Tố Xoài Dừa (L),VNCAT2025121001380258311,ĐÁ XAY/ SINH TỐ,99000,1,,,VNMOG2026063019062792408,TOPPINGS NƯỚC SIZE L,0,14,VNMOD20260630190628046181,🍑Thạch Dừa Vị Đào,20000,1
VNITE2026063018130416019,Sinh Tố Xoài Dừa (L),VNCAT2025121001380258311,ĐÁ XAY/ SINH TỐ,99000,1,,,VNMOG2026063019062792408,TOPPINGS NƯỚC SIZE L,0,14,VNMOD20260630190628057865,🩶Hạt Chia,15000,1
VNITE2026063018130416019,Sinh Tố Xoài Dừa (L),VNCAT2025121001380258311,ĐÁ XAY/ SINH TỐ,99000,1,,,VNMOG2026063019062792408,TOPPINGS NƯỚC SIZE L,0,14,VNMOD20260630190628062501,🍑Mochi Đào,30000,1
VNITE2026063018130416019,Sinh Tố Xoài Dừa (L),VNCAT2025121001380258311,ĐÁ XAY/ SINH TỐ,99000,1,,,VNMOG2026063019062792408,TOPPINGS NƯỚC SIZE L,0,14,VNMOD20260630190628075255,⚪️Khúc Bạch,35000,1
VNITE2026063018130416019,Sinh Tố Xoài Dừa (L),VNCAT2025121001380258311,ĐÁ XAY/ SINH TỐ,99000,1,,,VNMOG2026063019062792408,TOPPINGS NƯỚC SIZE L,0,14,VNMOD20260630190628086001,🖤Sương Sáo,20000,1
VNITE2026063018130416019,Sinh Tố Xoài Dừa (L),VNCAT2025121001380258311,ĐÁ XAY/ SINH TỐ,99000,1,,,VNMOG2026063019062792408,TOPPINGS NƯỚC SIZE L,0,14,VNMOD20260630190628097471,🍵Thạch Matcha,20000,1
VNITE2026063018130416019,Sinh Tố Xoài Dừa (L),VNCAT2025121001380258311,ĐÁ XAY/ SINH TỐ,99000,1,,,VNMOG2026063019062792408,TOPPINGS NƯỚC SIZE L,0,14,VNMOD20260630190628109200,🍀Thạch Nha Đam,25000,1
VNITE2026063018130416019,Sinh Tố Xoài Dừa (L),VNCAT2025121001380258311,ĐÁ XAY/ SINH TỐ,99000,1,,,VNMOG2026063019062792408,TOPPINGS NƯỚC SIZE L,0,14,VNMOD20260630190628119022,🧋Trân Châu Trắng,20000,1
VNITE2026063018130416019,Sinh Tố Xoài Dừa (L),VNCAT2025121001380258311,ĐÁ XAY/ SINH TỐ,99000,1,,,VNMOG2026063019062792408,TOPPINGS NƯỚC SIZE L,0,14,VNMOD20260630190628120791,💜Hạt Nổ Khoai Môn,40000,1
VNITE2026063018130416019,Sinh Tố Xoài Dừa (L),VNCAT2025121001380258311,ĐÁ XAY/ SINH TỐ,99000,1,,,VNMOG2026063019062792408,TOPPINGS NƯỚC SIZE L,0,14,VNMOD20260630190628134965,🍮Kem Flan,50000,1
VNITE2026063018130416019,Sinh Tố Xoài Dừa (L),VNCAT2025121001380258311,ĐÁ XAY/ SINH TỐ,99000,1,,,VNMOG2026063019062792408,TOPPINGS NƯỚC SIZE L,0,14,VNMOD20260630190628148911,🧂Kem Muối,20000,1
VNITE2026063018130416019,Sinh Tố Xoài Dừa (L),VNCAT2025121001380258311,ĐÁ XAY/ SINH TỐ,99000,1,,,VNMOG2026063018560291224,TRÂN CHÂU HẠT NỔ SIZE L,0,7,VNMOD20260630185602010509,🍈Trân Châu Nổ Dưa Lưới L,35000,1
VNITE2026063018130416019,Sinh Tố Xoài Dừa (L),VNCAT2025121001380258311,ĐÁ XAY/ SINH TỐ,99000,1,,,VNMOG2026063018560291224,TRÂN CHÂU HẠT NỔ SIZE L,0,7,VNMOD20260701203137011333,🍇Trân Châu Nổ Nho L,35000,1
VNITE2026063018130416019,Sinh Tố Xoài Dừa (L),VNCAT2025121001380258311,ĐÁ XAY/ SINH TỐ,99000,1,,,VNMOG2026063018560291224,TRÂN CHÂU HẠT NỔ SIZE L,0,7,VNMOD20260630185602024752,🫐Trân Châu Nổ Việt Quất L,35000,1
VNITE2026063018130416019,Sinh Tố Xoài Dừa (L),VNCAT2025121001380258311,ĐÁ XAY/ SINH TỐ,99000,1,,,VNMOG2026063018560291224,TRÂN CHÂU HẠT NỔ SIZE L,0,7,VNMOD20260630185602039482,🍓Trân Châu Nổ Dâu Tây L,35000,1
VNITE2026063018130416019,Sinh Tố Xoài Dừa (L),VNCAT2025121001380258311,ĐÁ XAY/ SINH TỐ,99000,1,,,VNMOG2026063018560291224,TRÂN CHÂU HẠT NỔ SIZE L,0,7,VNMOD20260701203137028578,🥝Trân Châu Nổ Kiwi L,35000,1
VNITE2026063018130416019,Sinh Tố Xoài Dừa (L),VNCAT2025121001380258311,ĐÁ XAY/ SINH TỐ,99000,1,,,VNMOG2026063018560291224,TRÂN CHÂU HẠT NỔ SIZE L,0,7,VNMOD20260630185602041378,🍑Trân Châu Nổ Đào L,35000,1
VNITE2026063018130416019,Sinh Tố Xoài Dừa (L),VNCAT2025121001380258311,ĐÁ XAY/ SINH TỐ,99000,1,,,VNMOG2026063018560291224,TRÂN CHÂU HẠT NỔ SIZE L,0,7,VNMOD20260630185602051732,🫙Trân Châu Nổ Sữa Chua L,35000,1
VNITE2026063018130416019,Sinh Tố Xoài Dừa (L),VNCAT2025121001380258311,ĐÁ XAY/ SINH TỐ,99000,1,,,VNMOG2026020119173846534,ĐỂ TRỌN VỊ NGON (ĐỪNG CHỌN NHÉ),0,1,VNMOD20260201191738014297,Ngon nhất khi dùng trong 2 giờ đầu,0,1
VNITE2026063018130416019,Sinh Tố Xoài Dừa (L),VNCAT2025121001380258311,ĐÁ XAY/ SINH TỐ,99000,1,,,VNMOG2026020119173846534,ĐỂ TRỌN VỊ NGON (ĐỪNG CHỌN NHÉ),0,1,VNMOD20260201191738027869,Giữ lạnh khi chưa sử dụng,0,1
VNITE2026063018125268992,Sinh Tố Xoài Dừa (M),VNCAT2025121001380258311,ĐÁ XAY/ SINH TỐ,89000,1,,,VNMOG2026010214381357793,TOPPINGS NƯỚC SIZE M,0,14,VNMOD20260728120859016081,🏐Nhãn Nhục,40000,1
VNITE2026063018125268992,Sinh Tố Xoài Dừa (M),VNCAT2025121001380258311,ĐÁ XAY/ SINH TỐ,89000,1,,,VNMOG2026010214381357793,TOPPINGS NƯỚC SIZE M,0,14,VNMOD20260728120859024399,🍄Nấm Tuyết,30000,1
VNITE2026063018125268992,Sinh Tố Xoài Dừa (M),VNCAT2025121001380258311,ĐÁ XAY/ SINH TỐ,89000,1,,,VNMOG2026010214381357793,TOPPINGS NƯỚC SIZE M,0,14,VNMOD20260728120859035219,🫗Nhựa Đào,30000,1
VNITE2026063018125268992,Sinh Tố Xoài Dừa (M),VNCAT2025121001380258311,ĐÁ XAY/ SINH TỐ,89000,1,,,VNMOG2026010214381357793,TOPPINGS NƯỚC SIZE M,0,14,VNMOD20260525094214016070,🌼Vàng Lá,20000,1
VNITE2026063018125268992,Sinh Tố Xoài Dừa (M),VNCAT2025121001380258311,ĐÁ XAY/ SINH TỐ,89000,1,,,VNMOG2026010214381357793,TOPPINGS NƯỚC SIZE M,0,14,VNMOD20260525094214029352,🍭Kẹo Mút Xốp,20000,1
VNITE2026063018125268992,Sinh Tố Xoài Dừa (M),VNCAT2025121001380258311,ĐÁ XAY/ SINH TỐ,89000,1,,,VNMOG2026010214381357793,TOPPINGS NƯỚC SIZE M,0,14,VNMOD20260520121848014884,☕️Thạch Cafe,15000,1
VNITE2026063018125268992,Sinh Tố Xoài Dừa (M),VNCAT2025121001380258311,ĐÁ XAY/ SINH TỐ,89000,1,,,VNMOG2026010214381357793,TOPPINGS NƯỚC SIZE M,0,14,VNMOD20260509171133012746,🍑Thạch Dừa Vị Đào,15000,1
VNITE2026063018125268992,Sinh Tố Xoài Dừa (M),VNCAT2025121001380258311,ĐÁ XAY/ SINH TỐ,89000,1,,,VNMOG2026010214381357793,TOPPINGS NƯỚC SIZE M,0,14,VNMOD20260509171133025336,🩶Hạt Chia,10000,1
VNITE2026063018125268992,Sinh Tố Xoài Dừa (M),VNCAT2025121001380258311,ĐÁ XAY/ SINH TỐ,89000,1,,,VNMOG2026010214381357793,TOPPINGS NƯỚC SIZE M,0,14,VNMOD20260520121848024526,🍑Mochi Đào,30000,1
VNITE2026063018125268992,Sinh Tố Xoài Dừa (M),VNCAT2025121001380258311,ĐÁ XAY/ SINH TỐ,89000,1,,,VNMOG2026010214381357793,TOPPINGS NƯỚC SIZE M,0,14,VNMOD20260102143813012309,⚪️Khúc Bạch,30000,1
VNITE2026063018125268992,Sinh Tố Xoài Dừa (M),VNCAT2025121001380258311,ĐÁ XAY/ SINH TỐ,89000,1,,,VNMOG2026010214381357793,TOPPINGS NƯỚC SIZE M,0,14,VNMOD20260102143813021051,🖤Sương Sáo,15000,1
VNITE2026063018125268992,Sinh Tố Xoài Dừa (M),VNCAT2025121001380258311,ĐÁ XAY/ SINH TỐ,89000,1,,,VNMOG2026010214381357793,TOPPINGS NƯỚC SIZE M,0,14,VNMOD20260102143813035207,🍵Thạch Matcha,15000,1
VNITE2026063018125268992,Sinh Tố Xoài Dừa (M),VNCAT2025121001380258311,ĐÁ XAY/ SINH TỐ,89000,1,,,VNMOG2026010214381357793,TOPPINGS NƯỚC SIZE M,0,14,VNMOD20260102143813047639,🍀Thạch Nha Đam,20000,1
VNITE2026063018125268992,Sinh Tố Xoài Dừa (M),VNCAT2025121001380258311,ĐÁ XAY/ SINH TỐ,89000,1,,,VNMOG2026010214381357793,TOPPINGS NƯỚC SIZE M,0,14,VNMOD20260102143813069685,🫧Trân Châu Trắng,15000,1
VNITE2026063018125268992,Sinh Tố Xoài Dừa (M),VNCAT2025121001380258311,ĐÁ XAY/ SINH TỐ,89000,1,,,VNMOG2026010214381357793,TOPPINGS NƯỚC SIZE M,0,14,VNMOD20260128094817012683,💜Hạt Nổ Khoai Môn,30000,1
VNITE2026063018125268992,Sinh Tố Xoài Dừa (M),VNCAT2025121001380258311,ĐÁ XAY/ SINH TỐ,89000,1,,,VNMOG2026010214381357793,TOPPINGS NƯỚC SIZE M,0,14,VNMOD20260102143813118751,🍮Kem Flan,50000,1
VNITE2026063018125268992,Sinh Tố Xoài Dừa (M),VNCAT2025121001380258311,ĐÁ XAY/ SINH TỐ,89000,1,,,VNMOG2026010214381357793,TOPPINGS NƯỚC SIZE M,0,14,VNMOD20260102143813120730,🧂Kem Muối,15000,1
VNITE2026063018125268992,Sinh Tố Xoài Dừa (M),VNCAT2025121001380258311,ĐÁ XAY/ SINH TỐ,89000,1,,,VNMOG2026020119173846534,ĐỂ TRỌN VỊ NGON (ĐỪNG CHỌN NHÉ),0,1,VNMOD20260201191738014297,Ngon nhất khi dùng trong 2 giờ đầu,0,1
VNITE2026063018125268992,Sinh Tố Xoài Dừa (M),VNCAT2025121001380258311,ĐÁ XAY/ SINH TỐ,89000,1,,,VNMOG2026020119173846534,ĐỂ TRỌN VỊ NGON (ĐỪNG CHỌN NHÉ),0,1,VNMOD20260201191738027869,Giữ lạnh khi chưa sử dụng,0,1
VNITE2026063018125268992,Sinh Tố Xoài Dừa (M),VNCAT2025121001380258311,ĐÁ XAY/ SINH TỐ,89000,1,,,VNMOG2026040205120434503,TRÂN CHÂU HẠT NỔ SIZE M,0,7,VNMOD20260509171054013175,🍈Trân Châu Nổ Dưa Lưới M,25000,1
VNITE2026063018125268992,Sinh Tố Xoài Dừa (M),VNCAT2025121001380258311,ĐÁ XAY/ SINH TỐ,89000,1,,,VNMOG2026040205120434503,TRÂN CHÂU HẠT NỔ SIZE M,0,7,VNMOD20260509171054029404,🥝Trân Châu Nổ Kiwi M,25000,1
VNITE2026063018125268992,Sinh Tố Xoài Dừa (M),VNCAT2025121001380258311,ĐÁ XAY/ SINH TỐ,89000,1,,,VNMOG2026040205120434503,TRÂN CHÂU HẠT NỔ SIZE M,0,7,VNMOD20260402051204015377,🍇Trân Châu Nổ Nho M,25000,1
VNITE2026063018125268992,Sinh Tố Xoài Dừa (M),VNCAT2025121001380258311,ĐÁ XAY/ SINH TỐ,89000,1,,,VNMOG2026040205120434503,TRÂN CHÂU HẠT NỔ SIZE M,0,7,VNMOD20260402051204027788,🫐Trân Châu Nổ Việt Quất M,25000,1
VNITE2026063018125268992,Sinh Tố Xoài Dừa (M),VNCAT2025121001380258311,ĐÁ XAY/ SINH TỐ,89000,1,,,VNMOG2026040205120434503,TRÂN CHÂU HẠT NỔ SIZE M,0,7,VNMOD20260402051204039633,🍓Trân Châu Nổ Dâu Tây M,25000,1
VNITE2026063018125268992,Sinh Tố Xoài Dừa (M),VNCAT2025121001380258311,ĐÁ XAY/ SINH TỐ,89000,1,,,VNMOG2026040205120434503,TRÂN CHÂU HẠT NỔ SIZE M,0,7,VNMOD20260402051204042483,🍑Trân Châu Nổ Đào M,25000,1
VNITE2026063018125268992,Sinh Tố Xoài Dừa (M),VNCAT2025121001380258311,ĐÁ XAY/ SINH TỐ,89000,1,,,VNMOG2026040205120434503,TRÂN CHÂU HẠT NỔ SIZE M,0,7,VNMOD20260402051204050121,🫙Trân Châu Nổ Sữa Chua M,25000,1
VNITE2026063018121832610,Sinh Tố Dâu Tây (L),VNCAT2025121001380258311,ĐÁ XAY/ SINH TỐ,129000,1,,,VNMOG2026063018560291224,TRÂN CHÂU HẠT NỔ SIZE L,0,7,VNMOD20260630185602010509,🍈Trân Châu Nổ Dưa Lưới L,35000,1
VNITE2026063018121832610,Sinh Tố Dâu Tây (L),VNCAT2025121001380258311,ĐÁ XAY/ SINH TỐ,129000,1,,,VNMOG2026063018560291224,TRÂN CHÂU HẠT NỔ SIZE L,0,7,VNMOD20260701203137011333,🍇Trân Châu Nổ Nho L,35000,1
VNITE2026063018121832610,Sinh Tố Dâu Tây (L),VNCAT2025121001380258311,ĐÁ XAY/ SINH TỐ,129000,1,,,VNMOG2026063018560291224,TRÂN CHÂU HẠT NỔ SIZE L,0,7,VNMOD20260630185602024752,🫐Trân Châu Nổ Việt Quất L,35000,1
VNITE2026063018121832610,Sinh Tố Dâu Tây (L),VNCAT2025121001380258311,ĐÁ XAY/ SINH TỐ,129000,1,,,VNMOG2026063018560291224,TRÂN CHÂU HẠT NỔ SIZE L,0,7,VNMOD20260630185602039482,🍓Trân Châu Nổ Dâu Tây L,35000,1
VNITE2026063018121832610,Sinh Tố Dâu Tây (L),VNCAT2025121001380258311,ĐÁ XAY/ SINH TỐ,129000,1,,,VNMOG2026063018560291224,TRÂN CHÂU HẠT NỔ SIZE L,0,7,VNMOD20260701203137028578,🥝Trân Châu Nổ Kiwi L,35000,1
VNITE2026063018121832610,Sinh Tố Dâu Tây (L),VNCAT2025121001380258311,ĐÁ XAY/ SINH TỐ,129000,1,,,VNMOG2026063018560291224,TRÂN CHÂU HẠT NỔ SIZE L,0,7,VNMOD20260630185602041378,🍑Trân Châu Nổ Đào L,35000,1
VNITE2026063018121832610,Sinh Tố Dâu Tây (L),VNCAT2025121001380258311,ĐÁ XAY/ SINH TỐ,129000,1,,,VNMOG2026063018560291224,TRÂN CHÂU HẠT NỔ SIZE L,0,7,VNMOD20260630185602051732,🫙Trân Châu Nổ Sữa Chua L,35000,1
VNITE2026063018121832610,Sinh Tố Dâu Tây (L),VNCAT2025121001380258311,ĐÁ XAY/ SINH TỐ,129000,1,,,VNMOG2026063019062792408,TOPPINGS NƯỚC SIZE L,0,14,VNMOD20260728120958018426,🫗Nhựa Đào,40000,1
VNITE2026063018121832610,Sinh Tố Dâu Tây (L),VNCAT2025121001380258311,ĐÁ XAY/ SINH TỐ,129000,1,,,VNMOG2026063019062792408,TOPPINGS NƯỚC SIZE L,0,14,VNMOD20260728120958024241,🍄Nấm Tuyết,40000,1
VNITE2026063018121832610,Sinh Tố Dâu Tây (L),VNCAT2025121001380258311,ĐÁ XAY/ SINH TỐ,129000,1,,,VNMOG2026063019062792408,TOPPINGS NƯỚC SIZE L,0,14,VNMOD20260728120958033950,🏐Nhãn Nhục,50000,1
VNITE2026063018121832610,Sinh Tố Dâu Tây (L),VNCAT2025121001380258311,ĐÁ XAY/ SINH TỐ,129000,1,,,VNMOG2026063019062792408,TOPPINGS NƯỚC SIZE L,0,14,VNMOD20260630190628016741,🌼Vàng Lá,20000,1
VNITE2026063018121832610,Sinh Tố Dâu Tây (L),VNCAT2025121001380258311,ĐÁ XAY/ SINH TỐ,129000,1,,,VNMOG2026063019062792408,TOPPINGS NƯỚC SIZE L,0,14,VNMOD20260630190628024121,🍭Kẹo Mút Xốp,20000,1
VNITE2026063018121832610,Sinh Tố Dâu Tây (L),VNCAT2025121001380258311,ĐÁ XAY/ SINH TỐ,129000,1,,,VNMOG2026063019062792408,TOPPINGS NƯỚC SIZE L,0,14,VNMOD20260630190628033861,☕️Thạch Cafe,20000,1
VNITE2026063018121832610,Sinh Tố Dâu Tây (L),VNCAT2025121001380258311,ĐÁ XAY/ SINH TỐ,129000,1,,,VNMOG2026063019062792408,TOPPINGS NƯỚC SIZE L,0,14,VNMOD20260630190628046181,🍑Thạch Dừa Vị Đào,20000,1
VNITE2026063018121832610,Sinh Tố Dâu Tây (L),VNCAT2025121001380258311,ĐÁ XAY/ SINH TỐ,129000,1,,,VNMOG2026063019062792408,TOPPINGS NƯỚC SIZE L,0,14,VNMOD20260630190628057865,🩶Hạt Chia,15000,1
VNITE2026063018121832610,Sinh Tố Dâu Tây (L),VNCAT2025121001380258311,ĐÁ XAY/ SINH TỐ,129000,1,,,VNMOG2026063019062792408,TOPPINGS NƯỚC SIZE L,0,14,VNMOD20260630190628062501,🍑Mochi Đào,30000,1
VNITE2026063018121832610,Sinh Tố Dâu Tây (L),VNCAT2025121001380258311,ĐÁ XAY/ SINH TỐ,129000,1,,,VNMOG2026063019062792408,TOPPINGS NƯỚC SIZE L,0,14,VNMOD20260630190628075255,⚪️Khúc Bạch,35000,1
VNITE2026063018121832610,Sinh Tố Dâu Tây (L),VNCAT2025121001380258311,ĐÁ XAY/ SINH TỐ,129000,1,,,VNMOG2026063019062792408,TOPPINGS NƯỚC SIZE L,0,14,VNMOD20260630190628086001,🖤Sương Sáo,20000,1
VNITE2026063018121832610,Sinh Tố Dâu Tây (L),VNCAT2025121001380258311,ĐÁ XAY/ SINH TỐ,129000,1,,,VNMOG2026063019062792408,TOPPINGS NƯỚC SIZE L,0,14,VNMOD20260630190628097471,🍵Thạch Matcha,20000,1
VNITE2026063018121832610,Sinh Tố Dâu Tây (L),VNCAT2025121001380258311,ĐÁ XAY/ SINH TỐ,129000,1,,,VNMOG2026063019062792408,TOPPINGS NƯỚC SIZE L,0,14,VNMOD20260630190628109200,🍀Thạch Nha Đam,25000,1
VNITE2026063018121832610,Sinh Tố Dâu Tây (L),VNCAT2025121001380258311,ĐÁ XAY/ SINH TỐ,129000,1,,,VNMOG2026063019062792408,TOPPINGS NƯỚC SIZE L,0,14,VNMOD20260630190628119022,🧋Trân Châu Trắng,20000,1
VNITE2026063018121832610,Sinh Tố Dâu Tây (L),VNCAT2025121001380258311,ĐÁ XAY/ SINH TỐ,129000,1,,,VNMOG2026063019062792408,TOPPINGS NƯỚC SIZE L,0,14,VNMOD20260630190628120791,💜Hạt Nổ Khoai Môn,40000,1
VNITE2026063018121832610,Sinh Tố Dâu Tây (L),VNCAT2025121001380258311,ĐÁ XAY/ SINH TỐ,129000,1,,,VNMOG2026063019062792408,TOPPINGS NƯỚC SIZE L,0,14,VNMOD20260630190628134965,🍮Kem Flan,50000,1
VNITE2026063018121832610,Sinh Tố Dâu Tây (L),VNCAT2025121001380258311,ĐÁ XAY/ SINH TỐ,129000,1,,,VNMOG2026063019062792408,TOPPINGS NƯỚC SIZE L,0,14,VNMOD20260630190628148911,🧂Kem Muối,20000,1
VNITE2026063018121832610,Sinh Tố Dâu Tây (L),VNCAT2025121001380258311,ĐÁ XAY/ SINH TỐ,129000,1,,,VNMOG2026020119173846534,ĐỂ TRỌN VỊ NGON (ĐỪNG CHỌN NHÉ),0,1,VNMOD20260201191738014297,Ngon nhất khi dùng trong 2 giờ đầu,0,1
VNITE2026063018121832610,Sinh Tố Dâu Tây (L),VNCAT2025121001380258311,ĐÁ XAY/ SINH TỐ,129000,1,,,VNMOG2026020119173846534,ĐỂ TRỌN VỊ NGON (ĐỪNG CHỌN NHÉ),0,1,VNMOD20260201191738027869,Giữ lạnh khi chưa sử dụng,0,1
VNITE2026022111434077383,Sinh Tố Dâu Tây (M),VNCAT2025121001380258311,ĐÁ XAY/ SINH TỐ,99000,1,,,VNMOG2026040205120434503,TRÂN CHÂU HẠT NỔ SIZE M,0,7,VNMOD20260509171054013175,🍈Trân Châu Nổ Dưa Lưới M,25000,1
VNITE2026022111434077383,Sinh Tố Dâu Tây (M),VNCAT2025121001380258311,ĐÁ XAY/ SINH TỐ,99000,1,,,VNMOG2026040205120434503,TRÂN CHÂU HẠT NỔ SIZE M,0,7,VNMOD20260509171054029404,🥝Trân Châu Nổ Kiwi M,25000,1
VNITE2026022111434077383,Sinh Tố Dâu Tây (M),VNCAT2025121001380258311,ĐÁ XAY/ SINH TỐ,99000,1,,,VNMOG2026040205120434503,TRÂN CHÂU HẠT NỔ SIZE M,0,7,VNMOD20260402051204015377,🍇Trân Châu Nổ Nho M,25000,1
VNITE2026022111434077383,Sinh Tố Dâu Tây (M),VNCAT2025121001380258311,ĐÁ XAY/ SINH TỐ,99000,1,,,VNMOG2026040205120434503,TRÂN CHÂU HẠT NỔ SIZE M,0,7,VNMOD20260402051204027788,🫐Trân Châu Nổ Việt Quất M,25000,1
VNITE2026022111434077383,Sinh Tố Dâu Tây (M),VNCAT2025121001380258311,ĐÁ XAY/ SINH TỐ,99000,1,,,VNMOG2026040205120434503,TRÂN CHÂU HẠT NỔ SIZE M,0,7,VNMOD20260402051204039633,🍓Trân Châu Nổ Dâu Tây M,25000,1
VNITE2026022111434077383,Sinh Tố Dâu Tây (M),VNCAT2025121001380258311,ĐÁ XAY/ SINH TỐ,99000,1,,,VNMOG2026040205120434503,TRÂN CHÂU HẠT NỔ SIZE M,0,7,VNMOD20260402051204042483,🍑Trân Châu Nổ Đào M,25000,1
VNITE2026022111434077383,Sinh Tố Dâu Tây (M),VNCAT2025121001380258311,ĐÁ XAY/ SINH TỐ,99000,1,,,VNMOG2026040205120434503,TRÂN CHÂU HẠT NỔ SIZE M,0,7,VNMOD20260402051204050121,🫙Trân Châu Nổ Sữa Chua M,25000,1
VNITE2026022111434077383,Sinh Tố Dâu Tây (M),VNCAT2025121001380258311,ĐÁ XAY/ SINH TỐ,99000,1,,,VNMOG2026020119173846534,ĐỂ TRỌN VỊ NGON (ĐỪNG CHỌN NHÉ),0,1,VNMOD20260201191738014297,Ngon nhất khi dùng trong 2 giờ đầu,0,1
VNITE2026022111434077383,Sinh Tố Dâu Tây (M),VNCAT2025121001380258311,ĐÁ XAY/ SINH TỐ,99000,1,,,VNMOG2026020119173846534,ĐỂ TRỌN VỊ NGON (ĐỪNG CHỌN NHÉ),0,1,VNMOD20260201191738027869,Giữ lạnh khi chưa sử dụng,0,1
VNITE2026022111434077383,Sinh Tố Dâu Tây (M),VNCAT2025121001380258311,ĐÁ XAY/ SINH TỐ,99000,1,,,VNMOG2026020119004290347,LƯU Ý (ĐỪNG CHỌN NHÉ),0,1,VNMOD20260201190042016954,Nên dùng trong 2 giờ sau khi nhận,0,1
VNITE2026022111434077383,Sinh Tố Dâu Tây (M),VNCAT2025121001380258311,ĐÁ XAY/ SINH TỐ,99000,1,,,VNMOG2026020119004290347,LƯU Ý (ĐỪNG CHỌN NHÉ),0,1,VNMOD20260201190042028503,Chất lượng có thể thay đổi nhẹ khi giao,0,1
VNITE2026022111434077383,Sinh Tố Dâu Tây (M),VNCAT2025121001380258311,ĐÁ XAY/ SINH TỐ,99000,1,,,VNMOG2026010214381357793,TOPPINGS NƯỚC SIZE M,0,14,VNMOD20260728120859016081,🏐Nhãn Nhục,40000,1
VNITE2026022111434077383,Sinh Tố Dâu Tây (M),VNCAT2025121001380258311,ĐÁ XAY/ SINH TỐ,99000,1,,,VNMOG2026010214381357793,TOPPINGS NƯỚC SIZE M,0,14,VNMOD20260728120859024399,🍄Nấm Tuyết,30000,1
VNITE2026022111434077383,Sinh Tố Dâu Tây (M),VNCAT2025121001380258311,ĐÁ XAY/ SINH TỐ,99000,1,,,VNMOG2026010214381357793,TOPPINGS NƯỚC SIZE M,0,14,VNMOD20260728120859035219,🫗Nhựa Đào,30000,1
VNITE2026022111434077383,Sinh Tố Dâu Tây (M),VNCAT2025121001380258311,ĐÁ XAY/ SINH TỐ,99000,1,,,VNMOG2026010214381357793,TOPPINGS NƯỚC SIZE M,0,14,VNMOD20260525094214016070,🌼Vàng Lá,20000,1
VNITE2026022111434077383,Sinh Tố Dâu Tây (M),VNCAT2025121001380258311,ĐÁ XAY/ SINH TỐ,99000,1,,,VNMOG2026010214381357793,TOPPINGS NƯỚC SIZE M,0,14,VNMOD20260525094214029352,🍭Kẹo Mút Xốp,20000,1
VNITE2026022111434077383,Sinh Tố Dâu Tây (M),VNCAT2025121001380258311,ĐÁ XAY/ SINH TỐ,99000,1,,,VNMOG2026010214381357793,TOPPINGS NƯỚC SIZE M,0,14,VNMOD20260520121848014884,☕️Thạch Cafe,15000,1
VNITE2026022111434077383,Sinh Tố Dâu Tây (M),VNCAT2025121001380258311,ĐÁ XAY/ SINH TỐ,99000,1,,,VNMOG2026010214381357793,TOPPINGS NƯỚC SIZE M,0,14,VNMOD20260509171133012746,🍑Thạch Dừa Vị Đào,15000,1
VNITE2026022111434077383,Sinh Tố Dâu Tây (M),VNCAT2025121001380258311,ĐÁ XAY/ SINH TỐ,99000,1,,,VNMOG2026010214381357793,TOPPINGS NƯỚC SIZE M,0,14,VNMOD20260509171133025336,🩶Hạt Chia,10000,1
VNITE2026022111434077383,Sinh Tố Dâu Tây (M),VNCAT2025121001380258311,ĐÁ XAY/ SINH TỐ,99000,1,,,VNMOG2026010214381357793,TOPPINGS NƯỚC SIZE M,0,14,VNMOD20260520121848024526,🍑Mochi Đào,30000,1
VNITE2026022111434077383,Sinh Tố Dâu Tây (M),VNCAT2025121001380258311,ĐÁ XAY/ SINH TỐ,99000,1,,,VNMOG2026010214381357793,TOPPINGS NƯỚC SIZE M,0,14,VNMOD20260102143813012309,⚪️Khúc Bạch,30000,1
VNITE2026022111434077383,Sinh Tố Dâu Tây (M),VNCAT2025121001380258311,ĐÁ XAY/ SINH TỐ,99000,1,,,VNMOG2026010214381357793,TOPPINGS NƯỚC SIZE M,0,14,VNMOD20260102143813021051,🖤Sương Sáo,15000,1
VNITE2026022111434077383,Sinh Tố Dâu Tây (M),VNCAT2025121001380258311,ĐÁ XAY/ SINH TỐ,99000,1,,,VNMOG2026010214381357793,TOPPINGS NƯỚC SIZE M,0,14,VNMOD20260102143813035207,🍵Thạch Matcha,15000,1
VNITE2026022111434077383,Sinh Tố Dâu Tây (M),VNCAT2025121001380258311,ĐÁ XAY/ SINH TỐ,99000,1,,,VNMOG2026010214381357793,TOPPINGS NƯỚC SIZE M,0,14,VNMOD20260102143813047639,🍀Thạch Nha Đam,20000,1
VNITE2026022111434077383,Sinh Tố Dâu Tây (M),VNCAT2025121001380258311,ĐÁ XAY/ SINH TỐ,99000,1,,,VNMOG2026010214381357793,TOPPINGS NƯỚC SIZE M,0,14,VNMOD20260102143813069685,🫧Trân Châu Trắng,15000,1
VNITE2026022111434077383,Sinh Tố Dâu Tây (M),VNCAT2025121001380258311,ĐÁ XAY/ SINH TỐ,99000,1,,,VNMOG2026010214381357793,TOPPINGS NƯỚC SIZE M,0,14,VNMOD20260128094817012683,💜Hạt Nổ Khoai Môn,30000,1
VNITE2026022111434077383,Sinh Tố Dâu Tây (M),VNCAT2025121001380258311,ĐÁ XAY/ SINH TỐ,99000,1,,,VNMOG2026010214381357793,TOPPINGS NƯỚC SIZE M,0,14,VNMOD20260102143813118751,🍮Kem Flan,50000,1
VNITE2026022111434077383,Sinh Tố Dâu Tây (M),VNCAT2025121001380258311,ĐÁ XAY/ SINH TỐ,99000,1,,,VNMOG2026010214381357793,TOPPINGS NƯỚC SIZE M,0,14,VNMOD20260102143813120730,🧂Kem Muối,15000,1
VNITE2026010215291866862,Dưa Hấu Đá Xay (L),VNCAT2025121001380258311,ĐÁ XAY/ SINH TỐ,79000,1,,,VNMOG2026063019062792408,TOPPINGS NƯỚC SIZE L,0,14,VNMOD20260728120958018426,🫗Nhựa Đào,40000,1
VNITE2026010215291866862,Dưa Hấu Đá Xay (L),VNCAT2025121001380258311,ĐÁ XAY/ SINH TỐ,79000,1,,,VNMOG2026063019062792408,TOPPINGS NƯỚC SIZE L,0,14,VNMOD20260728120958024241,🍄Nấm Tuyết,40000,1
VNITE2026010215291866862,Dưa Hấu Đá Xay (L),VNCAT2025121001380258311,ĐÁ XAY/ SINH TỐ,79000,1,,,VNMOG2026063019062792408,TOPPINGS NƯỚC SIZE L,0,14,VNMOD20260728120958033950,🏐Nhãn Nhục,50000,1
VNITE2026010215291866862,Dưa Hấu Đá Xay (L),VNCAT2025121001380258311,ĐÁ XAY/ SINH TỐ,79000,1,,,VNMOG2026063019062792408,TOPPINGS NƯỚC SIZE L,0,14,VNMOD20260630190628016741,🌼Vàng Lá,20000,1
VNITE2026010215291866862,Dưa Hấu Đá Xay (L),VNCAT2025121001380258311,ĐÁ XAY/ SINH TỐ,79000,1,,,VNMOG2026063019062792408,TOPPINGS NƯỚC SIZE L,0,14,VNMOD20260630190628024121,🍭Kẹo Mút Xốp,20000,1
VNITE2026010215291866862,Dưa Hấu Đá Xay (L),VNCAT2025121001380258311,ĐÁ XAY/ SINH TỐ,79000,1,,,VNMOG2026063019062792408,TOPPINGS NƯỚC SIZE L,0,14,VNMOD20260630190628033861,☕️Thạch Cafe,20000,1
VNITE2026010215291866862,Dưa Hấu Đá Xay (L),VNCAT2025121001380258311,ĐÁ XAY/ SINH TỐ,79000,1,,,VNMOG2026063019062792408,TOPPINGS NƯỚC SIZE L,0,14,VNMOD20260630190628046181,🍑Thạch Dừa Vị Đào,20000,1
VNITE2026010215291866862,Dưa Hấu Đá Xay (L),VNCAT2025121001380258311,ĐÁ XAY/ SINH TỐ,79000,1,,,VNMOG2026063019062792408,TOPPINGS NƯỚC SIZE L,0,14,VNMOD20260630190628057865,🩶Hạt Chia,15000,1
VNITE2026010215291866862,Dưa Hấu Đá Xay (L),VNCAT2025121001380258311,ĐÁ XAY/ SINH TỐ,79000,1,,,VNMOG2026063019062792408,TOPPINGS NƯỚC SIZE L,0,14,VNMOD20260630190628062501,🍑Mochi Đào,30000,1
VNITE2026010215291866862,Dưa Hấu Đá Xay (L),VNCAT2025121001380258311,ĐÁ XAY/ SINH TỐ,79000,1,,,VNMOG2026063019062792408,TOPPINGS NƯỚC SIZE L,0,14,VNMOD20260630190628075255,⚪️Khúc Bạch,35000,1
VNITE2026010215291866862,Dưa Hấu Đá Xay (L),VNCAT2025121001380258311,ĐÁ XAY/ SINH TỐ,79000,1,,,VNMOG2026063019062792408,TOPPINGS NƯỚC SIZE L,0,14,VNMOD20260630190628086001,🖤Sương Sáo,20000,1
VNITE2026010215291866862,Dưa Hấu Đá Xay (L),VNCAT2025121001380258311,ĐÁ XAY/ SINH TỐ,79000,1,,,VNMOG2026063019062792408,TOPPINGS NƯỚC SIZE L,0,14,VNMOD20260630190628097471,🍵Thạch Matcha,20000,1
VNITE2026010215291866862,Dưa Hấu Đá Xay (L),VNCAT2025121001380258311,ĐÁ XAY/ SINH TỐ,79000,1,,,VNMOG2026063019062792408,TOPPINGS NƯỚC SIZE L,0,14,VNMOD20260630190628109200,🍀Thạch Nha Đam,25000,1
VNITE2026010215291866862,Dưa Hấu Đá Xay (L),VNCAT2025121001380258311,ĐÁ XAY/ SINH TỐ,79000,1,,,VNMOG2026063019062792408,TOPPINGS NƯỚC SIZE L,0,14,VNMOD20260630190628119022,🧋Trân Châu Trắng,20000,1
VNITE2026010215291866862,Dưa Hấu Đá Xay (L),VNCAT2025121001380258311,ĐÁ XAY/ SINH TỐ,79000,1,,,VNMOG2026063019062792408,TOPPINGS NƯỚC SIZE L,0,14,VNMOD20260630190628120791,💜Hạt Nổ Khoai Môn,40000,1
VNITE2026010215291866862,Dưa Hấu Đá Xay (L),VNCAT2025121001380258311,ĐÁ XAY/ SINH TỐ,79000,1,,,VNMOG2026063019062792408,TOPPINGS NƯỚC SIZE L,0,14,VNMOD20260630190628134965,🍮Kem Flan,50000,1
VNITE2026010215291866862,Dưa Hấu Đá Xay (L),VNCAT2025121001380258311,ĐÁ XAY/ SINH TỐ,79000,1,,,VNMOG2026063019062792408,TOPPINGS NƯỚC SIZE L,0,14,VNMOD20260630190628148911,🧂Kem Muối,20000,1
VNITE2026010215291866862,Dưa Hấu Đá Xay (L),VNCAT2025121001380258311,ĐÁ XAY/ SINH TỐ,79000,1,,,VNMOG2026020119173846534,ĐỂ TRỌN VỊ NGON (ĐỪNG CHỌN NHÉ),0,1,VNMOD20260201191738014297,Ngon nhất khi dùng trong 2 giờ đầu,0,1
VNITE2026010215291866862,Dưa Hấu Đá Xay (L),VNCAT2025121001380258311,ĐÁ XAY/ SINH TỐ,79000,1,,,VNMOG2026020119173846534,ĐỂ TRỌN VỊ NGON (ĐỪNG CHỌN NHÉ),0,1,VNMOD20260201191738027869,Giữ lạnh khi chưa sử dụng,0,1
VNITE2026010215291866862,Dưa Hấu Đá Xay (L),VNCAT2025121001380258311,ĐÁ XAY/ SINH TỐ,79000,1,,,VNMOG2026063018560291224,TRÂN CHÂU HẠT NỔ SIZE L,0,7,VNMOD20260630185602010509,🍈Trân Châu Nổ Dưa Lưới L,35000,1
VNITE2026010215291866862,Dưa Hấu Đá Xay (L),VNCAT2025121001380258311,ĐÁ XAY/ SINH TỐ,79000,1,,,VNMOG2026063018560291224,TRÂN CHÂU HẠT NỔ SIZE L,0,7,VNMOD20260701203137011333,🍇Trân Châu Nổ Nho L,35000,1
VNITE2026010215291866862,Dưa Hấu Đá Xay (L),VNCAT2025121001380258311,ĐÁ XAY/ SINH TỐ,79000,1,,,VNMOG2026063018560291224,TRÂN CHÂU HẠT NỔ SIZE L,0,7,VNMOD20260630185602024752,🫐Trân Châu Nổ Việt Quất L,35000,1
VNITE2026010215291866862,Dưa Hấu Đá Xay (L),VNCAT2025121001380258311,ĐÁ XAY/ SINH TỐ,79000,1,,,VNMOG2026063018560291224,TRÂN CHÂU HẠT NỔ SIZE L,0,7,VNMOD20260630185602039482,🍓Trân Châu Nổ Dâu Tây L,35000,1
VNITE2026010215291866862,Dưa Hấu Đá Xay (L),VNCAT2025121001380258311,ĐÁ XAY/ SINH TỐ,79000,1,,,VNMOG2026063018560291224,TRÂN CHÂU HẠT NỔ SIZE L,0,7,VNMOD20260701203137028578,🥝Trân Châu Nổ Kiwi L,35000,1
VNITE2026010215291866862,Dưa Hấu Đá Xay (L),VNCAT2025121001380258311,ĐÁ XAY/ SINH TỐ,79000,1,,,VNMOG2026063018560291224,TRÂN CHÂU HẠT NỔ SIZE L,0,7,VNMOD20260630185602041378,🍑Trân Châu Nổ Đào L,35000,1
VNITE2026010215291866862,Dưa Hấu Đá Xay (L),VNCAT2025121001380258311,ĐÁ XAY/ SINH TỐ,79000,1,,,VNMOG2026063018560291224,TRÂN CHÂU HẠT NỔ SIZE L,0,7,VNMOD20260630185602051732,🫙Trân Châu Nổ Sữa Chua L,35000,1
VNITE2026063018325799124,Dưa Hấu Đá Xay (M),VNCAT2025121001380258311,ĐÁ XAY/ SINH TỐ,69000,1,,,VNMOG2026040205120434503,TRÂN CHÂU HẠT NỔ SIZE M,0,7,VNMOD20260509171054013175,🍈Trân Châu Nổ Dưa Lưới M,25000,1
VNITE2026063018325799124,Dưa Hấu Đá Xay (M),VNCAT2025121001380258311,ĐÁ XAY/ SINH TỐ,69000,1,,,VNMOG2026040205120434503,TRÂN CHÂU HẠT NỔ SIZE M,0,7,VNMOD20260509171054029404,🥝Trân Châu Nổ Kiwi M,25000,1
VNITE2026063018325799124,Dưa Hấu Đá Xay (M),VNCAT2025121001380258311,ĐÁ XAY/ SINH TỐ,69000,1,,,VNMOG2026040205120434503,TRÂN CHÂU HẠT NỔ SIZE M,0,7,VNMOD20260402051204015377,🍇Trân Châu Nổ Nho M,25000,1
VNITE2026063018325799124,Dưa Hấu Đá Xay (M),VNCAT2025121001380258311,ĐÁ XAY/ SINH TỐ,69000,1,,,VNMOG2026040205120434503,TRÂN CHÂU HẠT NỔ SIZE M,0,7,VNMOD20260402051204027788,🫐Trân Châu Nổ Việt Quất M,25000,1
VNITE2026063018325799124,Dưa Hấu Đá Xay (M),VNCAT2025121001380258311,ĐÁ XAY/ SINH TỐ,69000,1,,,VNMOG2026040205120434503,TRÂN CHÂU HẠT NỔ SIZE M,0,7,VNMOD20260402051204039633,🍓Trân Châu Nổ Dâu Tây M,25000,1
VNITE2026063018325799124,Dưa Hấu Đá Xay (M),VNCAT2025121001380258311,ĐÁ XAY/ SINH TỐ,69000,1,,,VNMOG2026040205120434503,TRÂN CHÂU HẠT NỔ SIZE M,0,7,VNMOD20260402051204042483,🍑Trân Châu Nổ Đào M,25000,1
VNITE2026063018325799124,Dưa Hấu Đá Xay (M),VNCAT2025121001380258311,ĐÁ XAY/ SINH TỐ,69000,1,,,VNMOG2026040205120434503,TRÂN CHÂU HẠT NỔ SIZE M,0,7,VNMOD20260402051204050121,🫙Trân Châu Nổ Sữa Chua M,25000,1
VNITE2026063018325799124,Dưa Hấu Đá Xay (M),VNCAT2025121001380258311,ĐÁ XAY/ SINH TỐ,69000,1,,,VNMOG2026020119173846534,ĐỂ TRỌN VỊ NGON (ĐỪNG CHỌN NHÉ),0,1,VNMOD20260201191738014297,Ngon nhất khi dùng trong 2 giờ đầu,0,1
VNITE2026063018325799124,Dưa Hấu Đá Xay (M),VNCAT2025121001380258311,ĐÁ XAY/ SINH TỐ,69000,1,,,VNMOG2026020119173846534,ĐỂ TRỌN VỊ NGON (ĐỪNG CHỌN NHÉ),0,1,VNMOD20260201191738027869,Giữ lạnh khi chưa sử dụng,0,1
VNITE2026063018325799124,Dưa Hấu Đá Xay (M),VNCAT2025121001380258311,ĐÁ XAY/ SINH TỐ,69000,1,,,VNMOG2026010214381357793,TOPPINGS NƯỚC SIZE M,0,14,VNMOD20260728120859016081,🏐Nhãn Nhục,40000,1
VNITE2026063018325799124,Dưa Hấu Đá Xay (M),VNCAT2025121001380258311,ĐÁ XAY/ SINH TỐ,69000,1,,,VNMOG2026010214381357793,TOPPINGS NƯỚC SIZE M,0,14,VNMOD20260728120859024399,🍄Nấm Tuyết,30000,1
VNITE2026063018325799124,Dưa Hấu Đá Xay (M),VNCAT2025121001380258311,ĐÁ XAY/ SINH TỐ,69000,1,,,VNMOG2026010214381357793,TOPPINGS NƯỚC SIZE M,0,14,VNMOD20260728120859035219,🫗Nhựa Đào,30000,1
VNITE2026063018325799124,Dưa Hấu Đá Xay (M),VNCAT2025121001380258311,ĐÁ XAY/ SINH TỐ,69000,1,,,VNMOG2026010214381357793,TOPPINGS NƯỚC SIZE M,0,14,VNMOD20260525094214016070,🌼Vàng Lá,20000,1
VNITE2026063018325799124,Dưa Hấu Đá Xay (M),VNCAT2025121001380258311,ĐÁ XAY/ SINH TỐ,69000,1,,,VNMOG2026010214381357793,TOPPINGS NƯỚC SIZE M,0,14,VNMOD20260525094214029352,🍭Kẹo Mút Xốp,20000,1
VNITE2026063018325799124,Dưa Hấu Đá Xay (M),VNCAT2025121001380258311,ĐÁ XAY/ SINH TỐ,69000,1,,,VNMOG2026010214381357793,TOPPINGS NƯỚC SIZE M,0,14,VNMOD20260520121848014884,☕️Thạch Cafe,15000,1
VNITE2026063018325799124,Dưa Hấu Đá Xay (M),VNCAT2025121001380258311,ĐÁ XAY/ SINH TỐ,69000,1,,,VNMOG2026010214381357793,TOPPINGS NƯỚC SIZE M,0,14,VNMOD20260509171133012746,🍑Thạch Dừa Vị Đào,15000,1
VNITE2026063018325799124,Dưa Hấu Đá Xay (M),VNCAT2025121001380258311,ĐÁ XAY/ SINH TỐ,69000,1,,,VNMOG2026010214381357793,TOPPINGS NƯỚC SIZE M,0,14,VNMOD20260509171133025336,🩶Hạt Chia,10000,1
VNITE2026063018325799124,Dưa Hấu Đá Xay (M),VNCAT2025121001380258311,ĐÁ XAY/ SINH TỐ,69000,1,,,VNMOG2026010214381357793,TOPPINGS NƯỚC SIZE M,0,14,VNMOD20260520121848024526,🍑Mochi Đào,30000,1
VNITE2026063018325799124,Dưa Hấu Đá Xay (M),VNCAT2025121001380258311,ĐÁ XAY/ SINH TỐ,69000,1,,,VNMOG2026010214381357793,TOPPINGS NƯỚC SIZE M,0,14,VNMOD20260102143813012309,⚪️Khúc Bạch,30000,1
VNITE2026063018325799124,Dưa Hấu Đá Xay (M),VNCAT2025121001380258311,ĐÁ XAY/ SINH TỐ,69000,1,,,VNMOG2026010214381357793,TOPPINGS NƯỚC SIZE M,0,14,VNMOD20260102143813021051,🖤Sương Sáo,15000,1
VNITE2026063018325799124,Dưa Hấu Đá Xay (M),VNCAT2025121001380258311,ĐÁ XAY/ SINH TỐ,69000,1,,,VNMOG2026010214381357793,TOPPINGS NƯỚC SIZE M,0,14,VNMOD20260102143813035207,🍵Thạch Matcha,15000,1
VNITE2026063018325799124,Dưa Hấu Đá Xay (M),VNCAT2025121001380258311,ĐÁ XAY/ SINH TỐ,69000,1,,,VNMOG2026010214381357793,TOPPINGS NƯỚC SIZE M,0,14,VNMOD20260102143813047639,🍀Thạch Nha Đam,20000,1
VNITE2026063018325799124,Dưa Hấu Đá Xay (M),VNCAT2025121001380258311,ĐÁ XAY/ SINH TỐ,69000,1,,,VNMOG2026010214381357793,TOPPINGS NƯỚC SIZE M,0,14,VNMOD20260102143813069685,🫧Trân Châu Trắng,15000,1
VNITE2026063018325799124,Dưa Hấu Đá Xay (M),VNCAT2025121001380258311,ĐÁ XAY/ SINH TỐ,69000,1,,,VNMOG2026010214381357793,TOPPINGS NƯỚC SIZE M,0,14,VNMOD20260128094817012683,💜Hạt Nổ Khoai Môn,30000,1
VNITE2026063018325799124,Dưa Hấu Đá Xay (M),VNCAT2025121001380258311,ĐÁ XAY/ SINH TỐ,69000,1,,,VNMOG2026010214381357793,TOPPINGS NƯỚC SIZE M,0,14,VNMOD20260102143813118751,🍮Kem Flan,50000,1
VNITE2026063018325799124,Dưa Hấu Đá Xay (M),VNCAT2025121001380258311,ĐÁ XAY/ SINH TỐ,69000,1,,,VNMOG2026010214381357793,TOPPINGS NƯỚC SIZE M,0,14,VNMOD20260102143813120730,🧂Kem Muối,15000,1
VNITE2026063018333879378,Sô-cô-la Oreo (L),VNCAT2025121001380258311,ĐÁ XAY/ SINH TỐ,109000,1,,,VNMOG2026063018560291224,TRÂN CHÂU HẠT NỔ SIZE L,0,7,VNMOD20260630185602010509,🍈Trân Châu Nổ Dưa Lưới L,35000,1
VNITE2026063018333879378,Sô-cô-la Oreo (L),VNCAT2025121001380258311,ĐÁ XAY/ SINH TỐ,109000,1,,,VNMOG2026063018560291224,TRÂN CHÂU HẠT NỔ SIZE L,0,7,VNMOD20260701203137011333,🍇Trân Châu Nổ Nho L,35000,1
VNITE2026063018333879378,Sô-cô-la Oreo (L),VNCAT2025121001380258311,ĐÁ XAY/ SINH TỐ,109000,1,,,VNMOG2026063018560291224,TRÂN CHÂU HẠT NỔ SIZE L,0,7,VNMOD20260630185602024752,🫐Trân Châu Nổ Việt Quất L,35000,1
VNITE2026063018333879378,Sô-cô-la Oreo (L),VNCAT2025121001380258311,ĐÁ XAY/ SINH TỐ,109000,1,,,VNMOG2026063018560291224,TRÂN CHÂU HẠT NỔ SIZE L,0,7,VNMOD20260630185602039482,🍓Trân Châu Nổ Dâu Tây L,35000,1
VNITE2026063018333879378,Sô-cô-la Oreo (L),VNCAT2025121001380258311,ĐÁ XAY/ SINH TỐ,109000,1,,,VNMOG2026063018560291224,TRÂN CHÂU HẠT NỔ SIZE L,0,7,VNMOD20260701203137028578,🥝Trân Châu Nổ Kiwi L,35000,1
VNITE2026063018333879378,Sô-cô-la Oreo (L),VNCAT2025121001380258311,ĐÁ XAY/ SINH TỐ,109000,1,,,VNMOG2026063018560291224,TRÂN CHÂU HẠT NỔ SIZE L,0,7,VNMOD20260630185602041378,🍑Trân Châu Nổ Đào L,35000,1
VNITE2026063018333879378,Sô-cô-la Oreo (L),VNCAT2025121001380258311,ĐÁ XAY/ SINH TỐ,109000,1,,,VNMOG2026063018560291224,TRÂN CHÂU HẠT NỔ SIZE L,0,7,VNMOD20260630185602051732,🫙Trân Châu Nổ Sữa Chua L,35000,1
VNITE2026063018333879378,Sô-cô-la Oreo (L),VNCAT2025121001380258311,ĐÁ XAY/ SINH TỐ,109000,1,,,VNMOG2026020119173846534,ĐỂ TRỌN VỊ NGON (ĐỪNG CHỌN NHÉ),0,1,VNMOD20260201191738014297,Ngon nhất khi dùng trong 2 giờ đầu,0,1
VNITE2026063018333879378,Sô-cô-la Oreo (L),VNCAT2025121001380258311,ĐÁ XAY/ SINH TỐ,109000,1,,,VNMOG2026020119173846534,ĐỂ TRỌN VỊ NGON (ĐỪNG CHỌN NHÉ),0,1,VNMOD20260201191738027869,Giữ lạnh khi chưa sử dụng,0,1
VNITE2026063018333879378,Sô-cô-la Oreo (L),VNCAT2025121001380258311,ĐÁ XAY/ SINH TỐ,109000,1,,,VNMOG2026063019062792408,TOPPINGS NƯỚC SIZE L,0,14,VNMOD20260728120958018426,🫗Nhựa Đào,40000,1
VNITE2026063018333879378,Sô-cô-la Oreo (L),VNCAT2025121001380258311,ĐÁ XAY/ SINH TỐ,109000,1,,,VNMOG2026063019062792408,TOPPINGS NƯỚC SIZE L,0,14,VNMOD20260728120958024241,🍄Nấm Tuyết,40000,1
VNITE2026063018333879378,Sô-cô-la Oreo (L),VNCAT2025121001380258311,ĐÁ XAY/ SINH TỐ,109000,1,,,VNMOG2026063019062792408,TOPPINGS NƯỚC SIZE L,0,14,VNMOD20260728120958033950,🏐Nhãn Nhục,50000,1
VNITE2026063018333879378,Sô-cô-la Oreo (L),VNCAT2025121001380258311,ĐÁ XAY/ SINH TỐ,109000,1,,,VNMOG2026063019062792408,TOPPINGS NƯỚC SIZE L,0,14,VNMOD20260630190628016741,🌼Vàng Lá,20000,1
VNITE2026063018333879378,Sô-cô-la Oreo (L),VNCAT2025121001380258311,ĐÁ XAY/ SINH TỐ,109000,1,,,VNMOG2026063019062792408,TOPPINGS NƯỚC SIZE L,0,14,VNMOD20260630190628024121,🍭Kẹo Mút Xốp,20000,1
VNITE2026063018333879378,Sô-cô-la Oreo (L),VNCAT2025121001380258311,ĐÁ XAY/ SINH TỐ,109000,1,,,VNMOG2026063019062792408,TOPPINGS NƯỚC SIZE L,0,14,VNMOD20260630190628033861,☕️Thạch Cafe,20000,1
VNITE2026063018333879378,Sô-cô-la Oreo (L),VNCAT2025121001380258311,ĐÁ XAY/ SINH TỐ,109000,1,,,VNMOG2026063019062792408,TOPPINGS NƯỚC SIZE L,0,14,VNMOD20260630190628046181,🍑Thạch Dừa Vị Đào,20000,1
VNITE2026063018333879378,Sô-cô-la Oreo (L),VNCAT2025121001380258311,ĐÁ XAY/ SINH TỐ,109000,1,,,VNMOG2026063019062792408,TOPPINGS NƯỚC SIZE L,0,14,VNMOD20260630190628057865,🩶Hạt Chia,15000,1
VNITE2026063018333879378,Sô-cô-la Oreo (L),VNCAT2025121001380258311,ĐÁ XAY/ SINH TỐ,109000,1,,,VNMOG2026063019062792408,TOPPINGS NƯỚC SIZE L,0,14,VNMOD20260630190628062501,🍑Mochi Đào,30000,1
VNITE2026063018333879378,Sô-cô-la Oreo (L),VNCAT2025121001380258311,ĐÁ XAY/ SINH TỐ,109000,1,,,VNMOG2026063019062792408,TOPPINGS NƯỚC SIZE L,0,14,VNMOD20260630190628075255,⚪️Khúc Bạch,35000,1
VNITE2026063018333879378,Sô-cô-la Oreo (L),VNCAT2025121001380258311,ĐÁ XAY/ SINH TỐ,109000,1,,,VNMOG2026063019062792408,TOPPINGS NƯỚC SIZE L,0,14,VNMOD20260630190628086001,🖤Sương Sáo,20000,1
VNITE2026063018333879378,Sô-cô-la Oreo (L),VNCAT2025121001380258311,ĐÁ XAY/ SINH TỐ,109000,1,,,VNMOG2026063019062792408,TOPPINGS NƯỚC SIZE L,0,14,VNMOD20260630190628097471,🍵Thạch Matcha,20000,1
VNITE2026063018333879378,Sô-cô-la Oreo (L),VNCAT2025121001380258311,ĐÁ XAY/ SINH TỐ,109000,1,,,VNMOG2026063019062792408,TOPPINGS NƯỚC SIZE L,0,14,VNMOD20260630190628109200,🍀Thạch Nha Đam,25000,1
VNITE2026063018333879378,Sô-cô-la Oreo (L),VNCAT2025121001380258311,ĐÁ XAY/ SINH TỐ,109000,1,,,VNMOG2026063019062792408,TOPPINGS NƯỚC SIZE L,0,14,VNMOD20260630190628119022,🧋Trân Châu Trắng,20000,1
VNITE2026063018333879378,Sô-cô-la Oreo (L),VNCAT2025121001380258311,ĐÁ XAY/ SINH TỐ,109000,1,,,VNMOG2026063019062792408,TOPPINGS NƯỚC SIZE L,0,14,VNMOD20260630190628120791,💜Hạt Nổ Khoai Môn,40000,1
VNITE2026063018333879378,Sô-cô-la Oreo (L),VNCAT2025121001380258311,ĐÁ XAY/ SINH TỐ,109000,1,,,VNMOG2026063019062792408,TOPPINGS NƯỚC SIZE L,0,14,VNMOD20260630190628134965,🍮Kem Flan,50000,1
VNITE2026063018333879378,Sô-cô-la Oreo (L),VNCAT2025121001380258311,ĐÁ XAY/ SINH TỐ,109000,1,,,VNMOG2026063019062792408,TOPPINGS NƯỚC SIZE L,0,14,VNMOD20260630190628148911,🧂Kem Muối,20000,1
VNITE20251210013802077108,Sô-cô-la Oreo (M),VNCAT2025121001380258311,ĐÁ XAY/ SINH TỐ,89000,1,,,VNMOG2026040205120434503,TRÂN CHÂU HẠT NỔ SIZE M,0,7,VNMOD20260509171054013175,🍈Trân Châu Nổ Dưa Lưới M,25000,1
VNITE20251210013802077108,Sô-cô-la Oreo (M),VNCAT2025121001380258311,ĐÁ XAY/ SINH TỐ,89000,1,,,VNMOG2026040205120434503,TRÂN CHÂU HẠT NỔ SIZE M,0,7,VNMOD20260509171054029404,🥝Trân Châu Nổ Kiwi M,25000,1
VNITE20251210013802077108,Sô-cô-la Oreo (M),VNCAT2025121001380258311,ĐÁ XAY/ SINH TỐ,89000,1,,,VNMOG2026040205120434503,TRÂN CHÂU HẠT NỔ SIZE M,0,7,VNMOD20260402051204015377,🍇Trân Châu Nổ Nho M,25000,1
VNITE20251210013802077108,Sô-cô-la Oreo (M),VNCAT2025121001380258311,ĐÁ XAY/ SINH TỐ,89000,1,,,VNMOG2026040205120434503,TRÂN CHÂU HẠT NỔ SIZE M,0,7,VNMOD20260402051204027788,🫐Trân Châu Nổ Việt Quất M,25000,1
VNITE20251210013802077108,Sô-cô-la Oreo (M),VNCAT2025121001380258311,ĐÁ XAY/ SINH TỐ,89000,1,,,VNMOG2026040205120434503,TRÂN CHÂU HẠT NỔ SIZE M,0,7,VNMOD20260402051204039633,🍓Trân Châu Nổ Dâu Tây M,25000,1
VNITE20251210013802077108,Sô-cô-la Oreo (M),VNCAT2025121001380258311,ĐÁ XAY/ SINH TỐ,89000,1,,,VNMOG2026040205120434503,TRÂN CHÂU HẠT NỔ SIZE M,0,7,VNMOD20260402051204042483,🍑Trân Châu Nổ Đào M,25000,1
VNITE20251210013802077108,Sô-cô-la Oreo (M),VNCAT2025121001380258311,ĐÁ XAY/ SINH TỐ,89000,1,,,VNMOG2026040205120434503,TRÂN CHÂU HẠT NỔ SIZE M,0,7,VNMOD20260402051204050121,🫙Trân Châu Nổ Sữa Chua M,25000,1
VNITE20251210013802077108,Sô-cô-la Oreo (M),VNCAT2025121001380258311,ĐÁ XAY/ SINH TỐ,89000,1,,,VNMOG2026020119173846534,ĐỂ TRỌN VỊ NGON (ĐỪNG CHỌN NHÉ),0,1,VNMOD20260201191738014297,Ngon nhất khi dùng trong 2 giờ đầu,0,1
VNITE20251210013802077108,Sô-cô-la Oreo (M),VNCAT2025121001380258311,ĐÁ XAY/ SINH TỐ,89000,1,,,VNMOG2026020119173846534,ĐỂ TRỌN VỊ NGON (ĐỪNG CHỌN NHÉ),0,1,VNMOD20260201191738027869,Giữ lạnh khi chưa sử dụng,0,1
VNITE20251210013802077108,Sô-cô-la Oreo (M),VNCAT2025121001380258311,ĐÁ XAY/ SINH TỐ,89000,1,,,VNMOG2026010214381357793,TOPPINGS NƯỚC SIZE M,0,14,VNMOD20260728120859016081,🏐Nhãn Nhục,40000,1
VNITE20251210013802077108,Sô-cô-la Oreo (M),VNCAT2025121001380258311,ĐÁ XAY/ SINH TỐ,89000,1,,,VNMOG2026010214381357793,TOPPINGS NƯỚC SIZE M,0,14,VNMOD20260728120859024399,🍄Nấm Tuyết,30000,1
VNITE20251210013802077108,Sô-cô-la Oreo (M),VNCAT2025121001380258311,ĐÁ XAY/ SINH TỐ,89000,1,,,VNMOG2026010214381357793,TOPPINGS NƯỚC SIZE M,0,14,VNMOD20260728120859035219,🫗Nhựa Đào,30000,1
VNITE20251210013802077108,Sô-cô-la Oreo (M),VNCAT2025121001380258311,ĐÁ XAY/ SINH TỐ,89000,1,,,VNMOG2026010214381357793,TOPPINGS NƯỚC SIZE M,0,14,VNMOD20260525094214016070,🌼Vàng Lá,20000,1
VNITE20251210013802077108,Sô-cô-la Oreo (M),VNCAT2025121001380258311,ĐÁ XAY/ SINH TỐ,89000,1,,,VNMOG2026010214381357793,TOPPINGS NƯỚC SIZE M,0,14,VNMOD20260525094214029352,🍭Kẹo Mút Xốp,20000,1
VNITE20251210013802077108,Sô-cô-la Oreo (M),VNCAT2025121001380258311,ĐÁ XAY/ SINH TỐ,89000,1,,,VNMOG2026010214381357793,TOPPINGS NƯỚC SIZE M,0,14,VNMOD20260520121848014884,☕️Thạch Cafe,15000,1
VNITE20251210013802077108,Sô-cô-la Oreo (M),VNCAT2025121001380258311,ĐÁ XAY/ SINH TỐ,89000,1,,,VNMOG2026010214381357793,TOPPINGS NƯỚC SIZE M,0,14,VNMOD20260509171133012746,🍑Thạch Dừa Vị Đào,15000,1
VNITE20251210013802077108,Sô-cô-la Oreo (M),VNCAT2025121001380258311,ĐÁ XAY/ SINH TỐ,89000,1,,,VNMOG2026010214381357793,TOPPINGS NƯỚC SIZE M,0,14,VNMOD20260509171133025336,🩶Hạt Chia,10000,1
VNITE20251210013802077108,Sô-cô-la Oreo (M),VNCAT2025121001380258311,ĐÁ XAY/ SINH TỐ,89000,1,,,VNMOG2026010214381357793,TOPPINGS NƯỚC SIZE M,0,14,VNMOD20260520121848024526,🍑Mochi Đào,30000,1
VNITE20251210013802077108,Sô-cô-la Oreo (M),VNCAT2025121001380258311,ĐÁ XAY/ SINH TỐ,89000,1,,,VNMOG2026010214381357793,TOPPINGS NƯỚC SIZE M,0,14,VNMOD20260102143813012309,⚪️Khúc Bạch,30000,1
VNITE20251210013802077108,Sô-cô-la Oreo (M),VNCAT2025121001380258311,ĐÁ XAY/ SINH TỐ,89000,1,,,VNMOG2026010214381357793,TOPPINGS NƯỚC SIZE M,0,14,VNMOD20260102143813021051,🖤Sương Sáo,15000,1
VNITE20251210013802077108,Sô-cô-la Oreo (M),VNCAT2025121001380258311,ĐÁ XAY/ SINH TỐ,89000,1,,,VNMOG2026010214381357793,TOPPINGS NƯỚC SIZE M,0,14,VNMOD20260102143813035207,🍵Thạch Matcha,15000,1
VNITE20251210013802077108,Sô-cô-la Oreo (M),VNCAT2025121001380258311,ĐÁ XAY/ SINH TỐ,89000,1,,,VNMOG2026010214381357793,TOPPINGS NƯỚC SIZE M,0,14,VNMOD20260102143813047639,🍀Thạch Nha Đam,20000,1
VNITE20251210013802077108,Sô-cô-la Oreo (M),VNCAT2025121001380258311,ĐÁ XAY/ SINH TỐ,89000,1,,,VNMOG2026010214381357793,TOPPINGS NƯỚC SIZE M,0,14,VNMOD20260102143813069685,🫧Trân Châu Trắng,15000,1
VNITE20251210013802077108,Sô-cô-la Oreo (M),VNCAT2025121001380258311,ĐÁ XAY/ SINH TỐ,89000,1,,,VNMOG2026010214381357793,TOPPINGS NƯỚC SIZE M,0,14,VNMOD20260128094817012683,💜Hạt Nổ Khoai Môn,30000,1
VNITE20251210013802077108,Sô-cô-la Oreo (M),VNCAT2025121001380258311,ĐÁ XAY/ SINH TỐ,89000,1,,,VNMOG2026010214381357793,TOPPINGS NƯỚC SIZE M,0,14,VNMOD20260102143813118751,🍮Kem Flan,50000,1
VNITE20251210013802077108,Sô-cô-la Oreo (M),VNCAT2025121001380258311,ĐÁ XAY/ SINH TỐ,89000,1,,,VNMOG2026010214381357793,TOPPINGS NƯỚC SIZE M,0,14,VNMOD20260102143813120730,🧂Kem Muối,15000,1
VNITE2026020716044911177,Heo Quay (1kg),VNCAT2026020715574739275,HEO QUAY ĐONG ĐẦY,1099000,1,,,VNMOG2026070803473211824,COMBO KHĂN ƯỚT & BAO TAY,1,1,VNMOD20260708034732010781,Không. Cám Ơn,0,1
VNITE2026020716044911177,Heo Quay (1kg),VNCAT2026020715574739275,HEO QUAY ĐONG ĐẦY,1099000,1,,,VNMOG2026070803473211824,COMBO KHĂN ƯỚT & BAO TAY,1,1,VNMOD20260708034732023117,🙌Combo Khăn Ướt  + Bao Tay,5000,1
VNITE2026020716044911177,Heo Quay (1kg),VNCAT2026020715574739275,HEO QUAY ĐONG ĐẦY,1099000,1,,,VNMOG2026063019195479132,GÓI TƯƠNG THÊM,0,4,VNMOD20260630191954016076,1 Gói Tương Cà Cholimex,3000,1
VNITE2026020716044911177,Heo Quay (1kg),VNCAT2026020715574739275,HEO QUAY ĐONG ĐẦY,1099000,1,,,VNMOG2026063019195479132,GÓI TƯƠNG THÊM,0,4,VNMOD20260630191954029712,1 Gói Tương Ớt Cholimex,3000,1
VNITE2026020716044911177,Heo Quay (1kg),VNCAT2026020715574739275,HEO QUAY ĐONG ĐẦY,1099000,1,,,VNMOG2026063019195479132,GÓI TƯƠNG THÊM,0,4,VNMOD20260630191954031348,2 Gói Tương Cà Cholimex,5000,1
VNITE2026020716044911177,Heo Quay (1kg),VNCAT2026020715574739275,HEO QUAY ĐONG ĐẦY,1099000,1,,,VNMOG2026063019195479132,GÓI TƯƠNG THÊM,0,4,VNMOD20260630191954042594,2 Gói Tương Ớt Cholimex,5000,1
VNITE2026020716044911177,Heo Quay (1kg),VNCAT2026020715574739275,HEO QUAY ĐONG ĐẦY,1099000,1,,,VNMOG2026022017410483937,SỐT KÈM THÊM,0,7,VNMOD20260531193050012723,🖤Sốt Tiêu Đen,30000,1
VNITE2026020716044911177,Heo Quay (1kg),VNCAT2026020715574739275,HEO QUAY ĐONG ĐẦY,1099000,1,,,VNMOG2026022017410483937,SỐT KÈM THÊM,0,7,VNMOD20260515170708010036,🌶️Sốt Ớt Mật Ong,10000,1
VNITE2026020716044911177,Heo Quay (1kg),VNCAT2026020715574739275,HEO QUAY ĐONG ĐẦY,1099000,1,,,VNMOG2026022017410483937,SỐT KÈM THÊM,0,7,VNMOD20260515165657017246,🍯Sốt BBQ,25000,1
VNITE2026020716044911177,Heo Quay (1kg),VNCAT2026020715574739275,HEO QUAY ĐONG ĐẦY,1099000,1,,,VNMOG2026022017410483937,SỐT KÈM THÊM,0,7,VNMOD20260310163342013292,🍄‍🟫Sốt Nấm Truffle,50000,1
VNITE2026020716044911177,Heo Quay (1kg),VNCAT2026020715574739275,HEO QUAY ĐONG ĐẦY,1099000,1,,,VNMOG2026022017410483937,SỐT KÈM THÊM,0,7,VNMOD20260317054657015610,🧡Sốt Đong Đầy,20000,1
VNITE2026020716044911177,Heo Quay (1kg),VNCAT2026020715574739275,HEO QUAY ĐONG ĐẦY,1099000,1,,,VNMOG2026022017410483937,SỐT KÈM THÊM,0,7,VNMOD20260222071411018874,🧀Sốt Phô Mai,20000,1
VNITE2026020716044911177,Heo Quay (1kg),VNCAT2026020715574739275,HEO QUAY ĐONG ĐẦY,1099000,1,,,VNMOG2026022017410483937,SỐT KÈM THÊM,0,7,VNMOD20260220174104019245,🧈Sốt Mayonnaise,10000,1
VNITE2026020716035776465,Heo Quay (500g),VNCAT2026020715574739275,HEO QUAY ĐONG ĐẦY,569000,1,,,VNMOG2026070803473211824,COMBO KHĂN ƯỚT & BAO TAY,1,1,VNMOD20260708034732010781,Không. Cám Ơn,0,1
VNITE2026020716035776465,Heo Quay (500g),VNCAT2026020715574739275,HEO QUAY ĐONG ĐẦY,569000,1,,,VNMOG2026070803473211824,COMBO KHĂN ƯỚT & BAO TAY,1,1,VNMOD20260708034732023117,🙌Combo Khăn Ướt  + Bao Tay,5000,1
VNITE2026020716035776465,Heo Quay (500g),VNCAT2026020715574739275,HEO QUAY ĐONG ĐẦY,569000,1,,,VNMOG2026063019195479132,GÓI TƯƠNG THÊM,0,4,VNMOD20260630191954016076,1 Gói Tương Cà Cholimex,3000,1
VNITE2026020716035776465,Heo Quay (500g),VNCAT2026020715574739275,HEO QUAY ĐONG ĐẦY,569000,1,,,VNMOG2026063019195479132,GÓI TƯƠNG THÊM,0,4,VNMOD20260630191954029712,1 Gói Tương Ớt Cholimex,3000,1
VNITE2026020716035776465,Heo Quay (500g),VNCAT2026020715574739275,HEO QUAY ĐONG ĐẦY,569000,1,,,VNMOG2026063019195479132,GÓI TƯƠNG THÊM,0,4,VNMOD20260630191954031348,2 Gói Tương Cà Cholimex,5000,1
VNITE2026020716035776465,Heo Quay (500g),VNCAT2026020715574739275,HEO QUAY ĐONG ĐẦY,569000,1,,,VNMOG2026063019195479132,GÓI TƯƠNG THÊM,0,4,VNMOD20260630191954042594,2 Gói Tương Ớt Cholimex,5000,1
VNITE2026020716035776465,Heo Quay (500g),VNCAT2026020715574739275,HEO QUAY ĐONG ĐẦY,569000,1,,,VNMOG2026022017410483937,SỐT KÈM THÊM,0,7,VNMOD20260531193050012723,🖤Sốt Tiêu Đen,30000,1
VNITE2026020716035776465,Heo Quay (500g),VNCAT2026020715574739275,HEO QUAY ĐONG ĐẦY,569000,1,,,VNMOG2026022017410483937,SỐT KÈM THÊM,0,7,VNMOD20260515170708010036,🌶️Sốt Ớt Mật Ong,10000,1
VNITE2026020716035776465,Heo Quay (500g),VNCAT2026020715574739275,HEO QUAY ĐONG ĐẦY,569000,1,,,VNMOG2026022017410483937,SỐT KÈM THÊM,0,7,VNMOD20260515165657017246,🍯Sốt BBQ,25000,1
VNITE2026020716035776465,Heo Quay (500g),VNCAT2026020715574739275,HEO QUAY ĐONG ĐẦY,569000,1,,,VNMOG2026022017410483937,SỐT KÈM THÊM,0,7,VNMOD20260310163342013292,🍄‍🟫Sốt Nấm Truffle,50000,1
VNITE2026020716035776465,Heo Quay (500g),VNCAT2026020715574739275,HEO QUAY ĐONG ĐẦY,569000,1,,,VNMOG2026022017410483937,SỐT KÈM THÊM,0,7,VNMOD20260317054657015610,🧡Sốt Đong Đầy,20000,1
VNITE2026020716035776465,Heo Quay (500g),VNCAT2026020715574739275,HEO QUAY ĐONG ĐẦY,569000,1,,,VNMOG2026022017410483937,SỐT KÈM THÊM,0,7,VNMOD20260222071411018874,🧀Sốt Phô Mai,20000,1
VNITE2026020716035776465,Heo Quay (500g),VNCAT2026020715574739275,HEO QUAY ĐONG ĐẦY,569000,1,,,VNMOG2026022017410483937,SỐT KÈM THÊM,0,7,VNMOD20260220174104019245,🧈Sốt Mayonnaise,10000,1
VNITE2026020716030697852,Heo Quay (300g),VNCAT2026020715574739275,HEO QUAY ĐONG ĐẦY,349000,1,,,VNMOG2026070803473211824,COMBO KHĂN ƯỚT & BAO TAY,1,1,VNMOD20260708034732010781,Không. Cám Ơn,0,1
VNITE2026020716030697852,Heo Quay (300g),VNCAT2026020715574739275,HEO QUAY ĐONG ĐẦY,349000,1,,,VNMOG2026070803473211824,COMBO KHĂN ƯỚT & BAO TAY,1,1,VNMOD20260708034732023117,🙌Combo Khăn Ướt  + Bao Tay,5000,1
VNITE2026020716030697852,Heo Quay (300g),VNCAT2026020715574739275,HEO QUAY ĐONG ĐẦY,349000,1,,,VNMOG2026063019195479132,GÓI TƯƠNG THÊM,0,4,VNMOD20260630191954016076,1 Gói Tương Cà Cholimex,3000,1
VNITE2026020716030697852,Heo Quay (300g),VNCAT2026020715574739275,HEO QUAY ĐONG ĐẦY,349000,1,,,VNMOG2026063019195479132,GÓI TƯƠNG THÊM,0,4,VNMOD20260630191954029712,1 Gói Tương Ớt Cholimex,3000,1
VNITE2026020716030697852,Heo Quay (300g),VNCAT2026020715574739275,HEO QUAY ĐONG ĐẦY,349000,1,,,VNMOG2026063019195479132,GÓI TƯƠNG THÊM,0,4,VNMOD20260630191954031348,2 Gói Tương Cà Cholimex,5000,1
VNITE2026020716030697852,Heo Quay (300g),VNCAT2026020715574739275,HEO QUAY ĐONG ĐẦY,349000,1,,,VNMOG2026063019195479132,GÓI TƯƠNG THÊM,0,4,VNMOD20260630191954042594,2 Gói Tương Ớt Cholimex,5000,1
VNITE2026020716030697852,Heo Quay (300g),VNCAT2026020715574739275,HEO QUAY ĐONG ĐẦY,349000,1,,,VNMOG2026022017410483937,SỐT KÈM THÊM,0,7,VNMOD20260531193050012723,🖤Sốt Tiêu Đen,30000,1
VNITE2026020716030697852,Heo Quay (300g),VNCAT2026020715574739275,HEO QUAY ĐONG ĐẦY,349000,1,,,VNMOG2026022017410483937,SỐT KÈM THÊM,0,7,VNMOD20260515170708010036,🌶️Sốt Ớt Mật Ong,10000,1
VNITE2026020716030697852,Heo Quay (300g),VNCAT2026020715574739275,HEO QUAY ĐONG ĐẦY,349000,1,,,VNMOG2026022017410483937,SỐT KÈM THÊM,0,7,VNMOD20260515165657017246,🍯Sốt BBQ,25000,1
VNITE2026020716030697852,Heo Quay (300g),VNCAT2026020715574739275,HEO QUAY ĐONG ĐẦY,349000,1,,,VNMOG2026022017410483937,SỐT KÈM THÊM,0,7,VNMOD20260310163342013292,🍄‍🟫Sốt Nấm Truffle,50000,1
VNITE2026020716030697852,Heo Quay (300g),VNCAT2026020715574739275,HEO QUAY ĐONG ĐẦY,349000,1,,,VNMOG2026022017410483937,SỐT KÈM THÊM,0,7,VNMOD20260317054657015610,🧡Sốt Đong Đầy,20000,1
VNITE2026020716030697852,Heo Quay (300g),VNCAT2026020715574739275,HEO QUAY ĐONG ĐẦY,349000,1,,,VNMOG2026022017410483937,SỐT KÈM THÊM,0,7,VNMOD20260222071411018874,🧀Sốt Phô Mai,20000,1
VNITE2026020716030697852,Heo Quay (300g),VNCAT2026020715574739275,HEO QUAY ĐONG ĐẦY,349000,1,,,VNMOG2026022017410483937,SỐT KÈM THÊM,0,7,VNMOD20260220174104019245,🧈Sốt Mayonnaise,10000,1
VNITE2026020716014335643,Heo Quay (100g),VNCAT2026020715574739275,HEO QUAY ĐONG ĐẦY,119000,1,,,VNMOG2026070803473211824,COMBO KHĂN ƯỚT & BAO TAY,1,1,VNMOD20260708034732010781,Không. Cám Ơn,0,1
VNITE2026020716014335643,Heo Quay (100g),VNCAT2026020715574739275,HEO QUAY ĐONG ĐẦY,119000,1,,,VNMOG2026070803473211824,COMBO KHĂN ƯỚT & BAO TAY,1,1,VNMOD20260708034732023117,🙌Combo Khăn Ướt  + Bao Tay,5000,1
VNITE2026020716014335643,Heo Quay (100g),VNCAT2026020715574739275,HEO QUAY ĐONG ĐẦY,119000,1,,,VNMOG2026063019195479132,GÓI TƯƠNG THÊM,0,4,VNMOD20260630191954016076,1 Gói Tương Cà Cholimex,3000,1
VNITE2026020716014335643,Heo Quay (100g),VNCAT2026020715574739275,HEO QUAY ĐONG ĐẦY,119000,1,,,VNMOG2026063019195479132,GÓI TƯƠNG THÊM,0,4,VNMOD20260630191954029712,1 Gói Tương Ớt Cholimex,3000,1
VNITE2026020716014335643,Heo Quay (100g),VNCAT2026020715574739275,HEO QUAY ĐONG ĐẦY,119000,1,,,VNMOG2026063019195479132,GÓI TƯƠNG THÊM,0,4,VNMOD20260630191954031348,2 Gói Tương Cà Cholimex,5000,1
VNITE2026020716014335643,Heo Quay (100g),VNCAT2026020715574739275,HEO QUAY ĐONG ĐẦY,119000,1,,,VNMOG2026063019195479132,GÓI TƯƠNG THÊM,0,4,VNMOD20260630191954042594,2 Gói Tương Ớt Cholimex,5000,1
VNITE2026020716014335643,Heo Quay (100g),VNCAT2026020715574739275,HEO QUAY ĐONG ĐẦY,119000,1,,,VNMOG2026022017410483937,SỐT KÈM THÊM,0,7,VNMOD20260531193050012723,🖤Sốt Tiêu Đen,30000,1
VNITE2026020716014335643,Heo Quay (100g),VNCAT2026020715574739275,HEO QUAY ĐONG ĐẦY,119000,1,,,VNMOG2026022017410483937,SỐT KÈM THÊM,0,7,VNMOD20260515170708010036,🌶️Sốt Ớt Mật Ong,10000,1
VNITE2026020716014335643,Heo Quay (100g),VNCAT2026020715574739275,HEO QUAY ĐONG ĐẦY,119000,1,,,VNMOG2026022017410483937,SỐT KÈM THÊM,0,7,VNMOD20260515165657017246,🍯Sốt BBQ,25000,1
VNITE2026020716014335643,Heo Quay (100g),VNCAT2026020715574739275,HEO QUAY ĐONG ĐẦY,119000,1,,,VNMOG2026022017410483937,SỐT KÈM THÊM,0,7,VNMOD20260310163342013292,🍄‍🟫Sốt Nấm Truffle,50000,1
VNITE2026020716014335643,Heo Quay (100g),VNCAT2026020715574739275,HEO QUAY ĐONG ĐẦY,119000,1,,,VNMOG2026022017410483937,SỐT KÈM THÊM,0,7,VNMOD20260317054657015610,🧡Sốt Đong Đầy,20000,1
VNITE2026020716014335643,Heo Quay (100g),VNCAT2026020715574739275,HEO QUAY ĐONG ĐẦY,119000,1,,,VNMOG2026022017410483937,SỐT KÈM THÊM,0,7,VNMOD20260222071411018874,🧀Sốt Phô Mai,20000,1
VNITE2026020716014335643,Heo Quay (100g),VNCAT2026020715574739275,HEO QUAY ĐONG ĐẦY,119000,1,,,VNMOG2026022017410483937,SỐT KÈM THÊM,0,7,VNMOD20260220174104019245,🧈Sốt Mayonnaise,10000,1
VNITE2026063018475288521,Kem Mây Cà Phê (L),VNCAT2026063018463912875,KEM MÂY BỒNG BỀNH,109000,1,,,VNMOG2026032921444032187,TĂNG SHOT CÀ PHÊ,0,2,VNMOD20260329214440017749,☕️☕️2 Shot,39000,1
VNITE2026063018475288521,Kem Mây Cà Phê (L),VNCAT2026063018463912875,KEM MÂY BỒNG BỀNH,109000,1,,,VNMOG2026032921444032187,TĂNG SHOT CÀ PHÊ,0,2,VNMOD20260329214440034957,☕️1 Shot,29000,1
VNITE2026063018475288521,Kem Mây Cà Phê (L),VNCAT2026063018463912875,KEM MÂY BỒNG BỀNH,109000,1,,,VNMOG2026020119173846534,ĐỂ TRỌN VỊ NGON (ĐỪNG CHỌN NHÉ),0,1,VNMOD20260201191738014297,Ngon nhất khi dùng trong 2 giờ đầu,0,1
VNITE2026063018475288521,Kem Mây Cà Phê (L),VNCAT2026063018463912875,KEM MÂY BỒNG BỀNH,109000,1,,,VNMOG2026020119173846534,ĐỂ TRỌN VỊ NGON (ĐỪNG CHỌN NHÉ),0,1,VNMOD20260201191738027869,Giữ lạnh khi chưa sử dụng,0,1
VNITE2026063018475288521,Kem Mây Cà Phê (L),VNCAT2026063018463912875,KEM MÂY BỒNG BỀNH,109000,1,,,VNMOG2026063019062792408,TOPPINGS NƯỚC SIZE L,0,14,VNMOD20260728120958018426,🫗Nhựa Đào,40000,1
VNITE2026063018475288521,Kem Mây Cà Phê (L),VNCAT2026063018463912875,KEM MÂY BỒNG BỀNH,109000,1,,,VNMOG2026063019062792408,TOPPINGS NƯỚC SIZE L,0,14,VNMOD20260728120958024241,🍄Nấm Tuyết,40000,1
VNITE2026063018475288521,Kem Mây Cà Phê (L),VNCAT2026063018463912875,KEM MÂY BỒNG BỀNH,109000,1,,,VNMOG2026063019062792408,TOPPINGS NƯỚC SIZE L,0,14,VNMOD20260728120958033950,🏐Nhãn Nhục,50000,1
VNITE2026063018475288521,Kem Mây Cà Phê (L),VNCAT2026063018463912875,KEM MÂY BỒNG BỀNH,109000,1,,,VNMOG2026063019062792408,TOPPINGS NƯỚC SIZE L,0,14,VNMOD20260630190628016741,🌼Vàng Lá,20000,1
VNITE2026063018475288521,Kem Mây Cà Phê (L),VNCAT2026063018463912875,KEM MÂY BỒNG BỀNH,109000,1,,,VNMOG2026063019062792408,TOPPINGS NƯỚC SIZE L,0,14,VNMOD20260630190628024121,🍭Kẹo Mút Xốp,20000,1
VNITE2026063018475288521,Kem Mây Cà Phê (L),VNCAT2026063018463912875,KEM MÂY BỒNG BỀNH,109000,1,,,VNMOG2026063019062792408,TOPPINGS NƯỚC SIZE L,0,14,VNMOD20260630190628033861,☕️Thạch Cafe,20000,1
VNITE2026063018475288521,Kem Mây Cà Phê (L),VNCAT2026063018463912875,KEM MÂY BỒNG BỀNH,109000,1,,,VNMOG2026063019062792408,TOPPINGS NƯỚC SIZE L,0,14,VNMOD20260630190628046181,🍑Thạch Dừa Vị Đào,20000,1
VNITE2026063018475288521,Kem Mây Cà Phê (L),VNCAT2026063018463912875,KEM MÂY BỒNG BỀNH,109000,1,,,VNMOG2026063019062792408,TOPPINGS NƯỚC SIZE L,0,14,VNMOD20260630190628057865,🩶Hạt Chia,15000,1
VNITE2026063018475288521,Kem Mây Cà Phê (L),VNCAT2026063018463912875,KEM MÂY BỒNG BỀNH,109000,1,,,VNMOG2026063019062792408,TOPPINGS NƯỚC SIZE L,0,14,VNMOD20260630190628062501,🍑Mochi Đào,30000,1
VNITE2026063018475288521,Kem Mây Cà Phê (L),VNCAT2026063018463912875,KEM MÂY BỒNG BỀNH,109000,1,,,VNMOG2026063019062792408,TOPPINGS NƯỚC SIZE L,0,14,VNMOD20260630190628075255,⚪️Khúc Bạch,35000,1
VNITE2026063018475288521,Kem Mây Cà Phê (L),VNCAT2026063018463912875,KEM MÂY BỒNG BỀNH,109000,1,,,VNMOG2026063019062792408,TOPPINGS NƯỚC SIZE L,0,14,VNMOD20260630190628086001,🖤Sương Sáo,20000,1
VNITE2026063018475288521,Kem Mây Cà Phê (L),VNCAT2026063018463912875,KEM MÂY BỒNG BỀNH,109000,1,,,VNMOG2026063019062792408,TOPPINGS NƯỚC SIZE L,0,14,VNMOD20260630190628097471,🍵Thạch Matcha,20000,1
VNITE2026063018475288521,Kem Mây Cà Phê (L),VNCAT2026063018463912875,KEM MÂY BỒNG BỀNH,109000,1,,,VNMOG2026063019062792408,TOPPINGS NƯỚC SIZE L,0,14,VNMOD20260630190628109200,🍀Thạch Nha Đam,25000,1
VNITE2026063018475288521,Kem Mây Cà Phê (L),VNCAT2026063018463912875,KEM MÂY BỒNG BỀNH,109000,1,,,VNMOG2026063019062792408,TOPPINGS NƯỚC SIZE L,0,14,VNMOD20260630190628119022,🧋Trân Châu Trắng,20000,1
VNITE2026063018475288521,Kem Mây Cà Phê (L),VNCAT2026063018463912875,KEM MÂY BỒNG BỀNH,109000,1,,,VNMOG2026063019062792408,TOPPINGS NƯỚC SIZE L,0,14,VNMOD20260630190628120791,💜Hạt Nổ Khoai Môn,40000,1
VNITE2026063018475288521,Kem Mây Cà Phê (L),VNCAT2026063018463912875,KEM MÂY BỒNG BỀNH,109000,1,,,VNMOG2026063019062792408,TOPPINGS NƯỚC SIZE L,0,14,VNMOD20260630190628134965,🍮Kem Flan,50000,1
VNITE2026063018475288521,Kem Mây Cà Phê (L),VNCAT2026063018463912875,KEM MÂY BỒNG BỀNH,109000,1,,,VNMOG2026063019062792408,TOPPINGS NƯỚC SIZE L,0,14,VNMOD20260630190628148911,🧂Kem Muối,20000,1
VNITE2026063018475288521,Kem Mây Cà Phê (L),VNCAT2026063018463912875,KEM MÂY BỒNG BỀNH,109000,1,,,VNMOG2026063018560291224,TRÂN CHÂU HẠT NỔ SIZE L,0,7,VNMOD20260630185602010509,🍈Trân Châu Nổ Dưa Lưới L,35000,1
VNITE2026063018475288521,Kem Mây Cà Phê (L),VNCAT2026063018463912875,KEM MÂY BỒNG BỀNH,109000,1,,,VNMOG2026063018560291224,TRÂN CHÂU HẠT NỔ SIZE L,0,7,VNMOD20260701203137011333,🍇Trân Châu Nổ Nho L,35000,1
VNITE2026063018475288521,Kem Mây Cà Phê (L),VNCAT2026063018463912875,KEM MÂY BỒNG BỀNH,109000,1,,,VNMOG2026063018560291224,TRÂN CHÂU HẠT NỔ SIZE L,0,7,VNMOD20260630185602024752,🫐Trân Châu Nổ Việt Quất L,35000,1
VNITE2026063018475288521,Kem Mây Cà Phê (L),VNCAT2026063018463912875,KEM MÂY BỒNG BỀNH,109000,1,,,VNMOG2026063018560291224,TRÂN CHÂU HẠT NỔ SIZE L,0,7,VNMOD20260630185602039482,🍓Trân Châu Nổ Dâu Tây L,35000,1
VNITE2026063018475288521,Kem Mây Cà Phê (L),VNCAT2026063018463912875,KEM MÂY BỒNG BỀNH,109000,1,,,VNMOG2026063018560291224,TRÂN CHÂU HẠT NỔ SIZE L,0,7,VNMOD20260701203137028578,🥝Trân Châu Nổ Kiwi L,35000,1
VNITE2026063018475288521,Kem Mây Cà Phê (L),VNCAT2026063018463912875,KEM MÂY BỒNG BỀNH,109000,1,,,VNMOG2026063018560291224,TRÂN CHÂU HẠT NỔ SIZE L,0,7,VNMOD20260630185602041378,🍑Trân Châu Nổ Đào L,35000,1
VNITE2026063018475288521,Kem Mây Cà Phê (L),VNCAT2026063018463912875,KEM MÂY BỒNG BỀNH,109000,1,,,VNMOG2026063018560291224,TRÂN CHÂU HẠT NỔ SIZE L,0,7,VNMOD20260630185602051732,🫙Trân Châu Nổ Sữa Chua L,35000,1
VNITE2026063018475288521,Kem Mây Cà Phê (L),VNCAT2026063018463912875,KEM MÂY BỒNG BỀNH,109000,1,,,VNMOG2026010213141935691,MỨC ĐƯỜNG,1,1,VNMOD20260102131419014497,0% Sugar Level,0,1
VNITE2026063018475288521,Kem Mây Cà Phê (L),VNCAT2026063018463912875,KEM MÂY BỒNG BỀNH,109000,1,,,VNMOG2026010213141935691,MỨC ĐƯỜNG,1,1,VNMOD20260102131419029122,25% Sugar Level,0,1
VNITE2026063018475288521,Kem Mây Cà Phê (L),VNCAT2026063018463912875,KEM MÂY BỒNG BỀNH,109000,1,,,VNMOG2026010213141935691,MỨC ĐƯỜNG,1,1,VNMOD20260102131419033486,50% Sugar Level,0,1
VNITE2026063018475288521,Kem Mây Cà Phê (L),VNCAT2026063018463912875,KEM MÂY BỒNG BỀNH,109000,1,,,VNMOG2026010213141935691,MỨC ĐƯỜNG,1,1,VNMOD20260102131419040560,75% Sugar Level,0,1
VNITE2026063018475288521,Kem Mây Cà Phê (L),VNCAT2026063018463912875,KEM MÂY BỒNG BỀNH,109000,1,,,VNMOG2026010213141935691,MỨC ĐƯỜNG,1,1,VNMOD20260102131419052459,100% Sugar Level,0,1
VNITE2026063018470348202,Kem Mây Cà Phê (M),VNCAT2026063018463912875,KEM MÂY BỒNG BỀNH,89000,1,,,VNMOG2026032921444032187,TĂNG SHOT CÀ PHÊ,0,2,VNMOD20260329214440017749,☕️☕️2 Shot,39000,1
VNITE2026063018470348202,Kem Mây Cà Phê (M),VNCAT2026063018463912875,KEM MÂY BỒNG BỀNH,89000,1,,,VNMOG2026032921444032187,TĂNG SHOT CÀ PHÊ,0,2,VNMOD20260329214440034957,☕️1 Shot,29000,1
VNITE2026063018470348202,Kem Mây Cà Phê (M),VNCAT2026063018463912875,KEM MÂY BỒNG BỀNH,89000,1,,,VNMOG2026020119173846534,ĐỂ TRỌN VỊ NGON (ĐỪNG CHỌN NHÉ),0,1,VNMOD20260201191738014297,Ngon nhất khi dùng trong 2 giờ đầu,0,1
VNITE2026063018470348202,Kem Mây Cà Phê (M),VNCAT2026063018463912875,KEM MÂY BỒNG BỀNH,89000,1,,,VNMOG2026020119173846534,ĐỂ TRỌN VỊ NGON (ĐỪNG CHỌN NHÉ),0,1,VNMOD20260201191738027869,Giữ lạnh khi chưa sử dụng,0,1
VNITE2026063018470348202,Kem Mây Cà Phê (M),VNCAT2026063018463912875,KEM MÂY BỒNG BỀNH,89000,1,,,VNMOG2026010214381357793,TOPPINGS NƯỚC SIZE M,0,14,VNMOD20260728120859016081,🏐Nhãn Nhục,40000,1
VNITE2026063018470348202,Kem Mây Cà Phê (M),VNCAT2026063018463912875,KEM MÂY BỒNG BỀNH,89000,1,,,VNMOG2026010214381357793,TOPPINGS NƯỚC SIZE M,0,14,VNMOD20260728120859024399,🍄Nấm Tuyết,30000,1
VNITE2026063018470348202,Kem Mây Cà Phê (M),VNCAT2026063018463912875,KEM MÂY BỒNG BỀNH,89000,1,,,VNMOG2026010214381357793,TOPPINGS NƯỚC SIZE M,0,14,VNMOD20260728120859035219,🫗Nhựa Đào,30000,1
VNITE2026063018470348202,Kem Mây Cà Phê (M),VNCAT2026063018463912875,KEM MÂY BỒNG BỀNH,89000,1,,,VNMOG2026010214381357793,TOPPINGS NƯỚC SIZE M,0,14,VNMOD20260525094214016070,🌼Vàng Lá,20000,1
VNITE2026063018470348202,Kem Mây Cà Phê (M),VNCAT2026063018463912875,KEM MÂY BỒNG BỀNH,89000,1,,,VNMOG2026010214381357793,TOPPINGS NƯỚC SIZE M,0,14,VNMOD20260525094214029352,🍭Kẹo Mút Xốp,20000,1
VNITE2026063018470348202,Kem Mây Cà Phê (M),VNCAT2026063018463912875,KEM MÂY BỒNG BỀNH,89000,1,,,VNMOG2026010214381357793,TOPPINGS NƯỚC SIZE M,0,14,VNMOD20260520121848014884,☕️Thạch Cafe,15000,1
VNITE2026063018470348202,Kem Mây Cà Phê (M),VNCAT2026063018463912875,KEM MÂY BỒNG BỀNH,89000,1,,,VNMOG2026010214381357793,TOPPINGS NƯỚC SIZE M,0,14,VNMOD20260509171133012746,🍑Thạch Dừa Vị Đào,15000,1
VNITE2026063018470348202,Kem Mây Cà Phê (M),VNCAT2026063018463912875,KEM MÂY BỒNG BỀNH,89000,1,,,VNMOG2026010214381357793,TOPPINGS NƯỚC SIZE M,0,14,VNMOD20260509171133025336,🩶Hạt Chia,10000,1
VNITE2026063018470348202,Kem Mây Cà Phê (M),VNCAT2026063018463912875,KEM MÂY BỒNG BỀNH,89000,1,,,VNMOG2026010214381357793,TOPPINGS NƯỚC SIZE M,0,14,VNMOD20260520121848024526,🍑Mochi Đào,30000,1
VNITE2026063018470348202,Kem Mây Cà Phê (M),VNCAT2026063018463912875,KEM MÂY BỒNG BỀNH,89000,1,,,VNMOG2026010214381357793,TOPPINGS NƯỚC SIZE M,0,14,VNMOD20260102143813012309,⚪️Khúc Bạch,30000,1
VNITE2026063018470348202,Kem Mây Cà Phê (M),VNCAT2026063018463912875,KEM MÂY BỒNG BỀNH,89000,1,,,VNMOG2026010214381357793,TOPPINGS NƯỚC SIZE M,0,14,VNMOD20260102143813021051,🖤Sương Sáo,15000,1
VNITE2026063018470348202,Kem Mây Cà Phê (M),VNCAT2026063018463912875,KEM MÂY BỒNG BỀNH,89000,1,,,VNMOG2026010214381357793,TOPPINGS NƯỚC SIZE M,0,14,VNMOD20260102143813035207,🍵Thạch Matcha,15000,1
VNITE2026063018470348202,Kem Mây Cà Phê (M),VNCAT2026063018463912875,KEM MÂY BỒNG BỀNH,89000,1,,,VNMOG2026010214381357793,TOPPINGS NƯỚC SIZE M,0,14,VNMOD20260102143813047639,🍀Thạch Nha Đam,20000,1
VNITE2026063018470348202,Kem Mây Cà Phê (M),VNCAT2026063018463912875,KEM MÂY BỒNG BỀNH,89000,1,,,VNMOG2026010214381357793,TOPPINGS NƯỚC SIZE M,0,14,VNMOD20260102143813069685,🫧Trân Châu Trắng,15000,1
VNITE2026063018470348202,Kem Mây Cà Phê (M),VNCAT2026063018463912875,KEM MÂY BỒNG BỀNH,89000,1,,,VNMOG2026010214381357793,TOPPINGS NƯỚC SIZE M,0,14,VNMOD20260128094817012683,💜Hạt Nổ Khoai Môn,30000,1
VNITE2026063018470348202,Kem Mây Cà Phê (M),VNCAT2026063018463912875,KEM MÂY BỒNG BỀNH,89000,1,,,VNMOG2026010214381357793,TOPPINGS NƯỚC SIZE M,0,14,VNMOD20260102143813118751,🍮Kem Flan,50000,1
VNITE2026063018470348202,Kem Mây Cà Phê (M),VNCAT2026063018463912875,KEM MÂY BỒNG BỀNH,89000,1,,,VNMOG2026010214381357793,TOPPINGS NƯỚC SIZE M,0,14,VNMOD20260102143813120730,🧂Kem Muối,15000,1
VNITE2026063018470348202,Kem Mây Cà Phê (M),VNCAT2026063018463912875,KEM MÂY BỒNG BỀNH,89000,1,,,VNMOG2026040205120434503,TRÂN CHÂU HẠT NỔ SIZE M,0,7,VNMOD20260509171054013175,🍈Trân Châu Nổ Dưa Lưới M,25000,1
VNITE2026063018470348202,Kem Mây Cà Phê (M),VNCAT2026063018463912875,KEM MÂY BỒNG BỀNH,89000,1,,,VNMOG2026040205120434503,TRÂN CHÂU HẠT NỔ SIZE M,0,7,VNMOD20260509171054029404,🥝Trân Châu Nổ Kiwi M,25000,1
VNITE2026063018470348202,Kem Mây Cà Phê (M),VNCAT2026063018463912875,KEM MÂY BỒNG BỀNH,89000,1,,,VNMOG2026040205120434503,TRÂN CHÂU HẠT NỔ SIZE M,0,7,VNMOD20260402051204015377,🍇Trân Châu Nổ Nho M,25000,1
VNITE2026063018470348202,Kem Mây Cà Phê (M),VNCAT2026063018463912875,KEM MÂY BỒNG BỀNH,89000,1,,,VNMOG2026040205120434503,TRÂN CHÂU HẠT NỔ SIZE M,0,7,VNMOD20260402051204027788,🫐Trân Châu Nổ Việt Quất M,25000,1
VNITE2026063018470348202,Kem Mây Cà Phê (M),VNCAT2026063018463912875,KEM MÂY BỒNG BỀNH,89000,1,,,VNMOG2026040205120434503,TRÂN CHÂU HẠT NỔ SIZE M,0,7,VNMOD20260402051204039633,🍓Trân Châu Nổ Dâu Tây M,25000,1
VNITE2026063018470348202,Kem Mây Cà Phê (M),VNCAT2026063018463912875,KEM MÂY BỒNG BỀNH,89000,1,,,VNMOG2026040205120434503,TRÂN CHÂU HẠT NỔ SIZE M,0,7,VNMOD20260402051204042483,🍑Trân Châu Nổ Đào M,25000,1
VNITE2026063018470348202,Kem Mây Cà Phê (M),VNCAT2026063018463912875,KEM MÂY BỒNG BỀNH,89000,1,,,VNMOG2026040205120434503,TRÂN CHÂU HẠT NỔ SIZE M,0,7,VNMOD20260402051204050121,🫙Trân Châu Nổ Sữa Chua M,25000,1
VNITE2026063018470348202,Kem Mây Cà Phê (M),VNCAT2026063018463912875,KEM MÂY BỒNG BỀNH,89000,1,,,VNMOG2026010213141935691,MỨC ĐƯỜNG,1,1,VNMOD20260102131419014497,0% Sugar Level,0,1
VNITE2026063018470348202,Kem Mây Cà Phê (M),VNCAT2026063018463912875,KEM MÂY BỒNG BỀNH,89000,1,,,VNMOG2026010213141935691,MỨC ĐƯỜNG,1,1,VNMOD20260102131419029122,25% Sugar Level,0,1
VNITE2026063018470348202,Kem Mây Cà Phê (M),VNCAT2026063018463912875,KEM MÂY BỒNG BỀNH,89000,1,,,VNMOG2026010213141935691,MỨC ĐƯỜNG,1,1,VNMOD20260102131419033486,50% Sugar Level,0,1
VNITE2026063018470348202,Kem Mây Cà Phê (M),VNCAT2026063018463912875,KEM MÂY BỒNG BỀNH,89000,1,,,VNMOG2026010213141935691,MỨC ĐƯỜNG,1,1,VNMOD20260102131419040560,75% Sugar Level,0,1
VNITE2026063018470348202,Kem Mây Cà Phê (M),VNCAT2026063018463912875,KEM MÂY BỒNG BỀNH,89000,1,,,VNMOG2026010213141935691,MỨC ĐƯỜNG,1,1,VNMOD20260102131419052459,100% Sugar Level,0,1
VNITE2026063018482107559,Kem Mây Matcha (L),VNCAT2026063018463912875,KEM MÂY BỒNG BỀNH,109000,1,,,VNMOG2026063019062792408,TOPPINGS NƯỚC SIZE L,0,14,VNMOD20260728120958018426,🫗Nhựa Đào,40000,1
VNITE2026063018482107559,Kem Mây Matcha (L),VNCAT2026063018463912875,KEM MÂY BỒNG BỀNH,109000,1,,,VNMOG2026063019062792408,TOPPINGS NƯỚC SIZE L,0,14,VNMOD20260728120958024241,🍄Nấm Tuyết,40000,1
VNITE2026063018482107559,Kem Mây Matcha (L),VNCAT2026063018463912875,KEM MÂY BỒNG BỀNH,109000,1,,,VNMOG2026063019062792408,TOPPINGS NƯỚC SIZE L,0,14,VNMOD20260728120958033950,🏐Nhãn Nhục,50000,1
VNITE2026063018482107559,Kem Mây Matcha (L),VNCAT2026063018463912875,KEM MÂY BỒNG BỀNH,109000,1,,,VNMOG2026063019062792408,TOPPINGS NƯỚC SIZE L,0,14,VNMOD20260630190628016741,🌼Vàng Lá,20000,1
VNITE2026063018482107559,Kem Mây Matcha (L),VNCAT2026063018463912875,KEM MÂY BỒNG BỀNH,109000,1,,,VNMOG2026063019062792408,TOPPINGS NƯỚC SIZE L,0,14,VNMOD20260630190628024121,🍭Kẹo Mút Xốp,20000,1
VNITE2026063018482107559,Kem Mây Matcha (L),VNCAT2026063018463912875,KEM MÂY BỒNG BỀNH,109000,1,,,VNMOG2026063019062792408,TOPPINGS NƯỚC SIZE L,0,14,VNMOD20260630190628033861,☕️Thạch Cafe,20000,1
VNITE2026063018482107559,Kem Mây Matcha (L),VNCAT2026063018463912875,KEM MÂY BỒNG BỀNH,109000,1,,,VNMOG2026063019062792408,TOPPINGS NƯỚC SIZE L,0,14,VNMOD20260630190628046181,🍑Thạch Dừa Vị Đào,20000,1
VNITE2026063018482107559,Kem Mây Matcha (L),VNCAT2026063018463912875,KEM MÂY BỒNG BỀNH,109000,1,,,VNMOG2026063019062792408,TOPPINGS NƯỚC SIZE L,0,14,VNMOD20260630190628057865,🩶Hạt Chia,15000,1
VNITE2026063018482107559,Kem Mây Matcha (L),VNCAT2026063018463912875,KEM MÂY BỒNG BỀNH,109000,1,,,VNMOG2026063019062792408,TOPPINGS NƯỚC SIZE L,0,14,VNMOD20260630190628062501,🍑Mochi Đào,30000,1
VNITE2026063018482107559,Kem Mây Matcha (L),VNCAT2026063018463912875,KEM MÂY BỒNG BỀNH,109000,1,,,VNMOG2026063019062792408,TOPPINGS NƯỚC SIZE L,0,14,VNMOD20260630190628075255,⚪️Khúc Bạch,35000,1
VNITE2026063018482107559,Kem Mây Matcha (L),VNCAT2026063018463912875,KEM MÂY BỒNG BỀNH,109000,1,,,VNMOG2026063019062792408,TOPPINGS NƯỚC SIZE L,0,14,VNMOD20260630190628086001,🖤Sương Sáo,20000,1
VNITE2026063018482107559,Kem Mây Matcha (L),VNCAT2026063018463912875,KEM MÂY BỒNG BỀNH,109000,1,,,VNMOG2026063019062792408,TOPPINGS NƯỚC SIZE L,0,14,VNMOD20260630190628097471,🍵Thạch Matcha,20000,1
VNITE2026063018482107559,Kem Mây Matcha (L),VNCAT2026063018463912875,KEM MÂY BỒNG BỀNH,109000,1,,,VNMOG2026063019062792408,TOPPINGS NƯỚC SIZE L,0,14,VNMOD20260630190628109200,🍀Thạch Nha Đam,25000,1
VNITE2026063018482107559,Kem Mây Matcha (L),VNCAT2026063018463912875,KEM MÂY BỒNG BỀNH,109000,1,,,VNMOG2026063019062792408,TOPPINGS NƯỚC SIZE L,0,14,VNMOD20260630190628119022,🧋Trân Châu Trắng,20000,1
VNITE2026063018482107559,Kem Mây Matcha (L),VNCAT2026063018463912875,KEM MÂY BỒNG BỀNH,109000,1,,,VNMOG2026063019062792408,TOPPINGS NƯỚC SIZE L,0,14,VNMOD20260630190628120791,💜Hạt Nổ Khoai Môn,40000,1
VNITE2026063018482107559,Kem Mây Matcha (L),VNCAT2026063018463912875,KEM MÂY BỒNG BỀNH,109000,1,,,VNMOG2026063019062792408,TOPPINGS NƯỚC SIZE L,0,14,VNMOD20260630190628134965,🍮Kem Flan,50000,1
VNITE2026063018482107559,Kem Mây Matcha (L),VNCAT2026063018463912875,KEM MÂY BỒNG BỀNH,109000,1,,,VNMOG2026063019062792408,TOPPINGS NƯỚC SIZE L,0,14,VNMOD20260630190628148911,🧂Kem Muối,20000,1
VNITE2026063018482107559,Kem Mây Matcha (L),VNCAT2026063018463912875,KEM MÂY BỒNG BỀNH,109000,1,,,VNMOG2026063018560291224,TRÂN CHÂU HẠT NỔ SIZE L,0,7,VNMOD20260630185602010509,🍈Trân Châu Nổ Dưa Lưới L,35000,1
VNITE2026063018482107559,Kem Mây Matcha (L),VNCAT2026063018463912875,KEM MÂY BỒNG BỀNH,109000,1,,,VNMOG2026063018560291224,TRÂN CHÂU HẠT NỔ SIZE L,0,7,VNMOD20260701203137011333,🍇Trân Châu Nổ Nho L,35000,1
VNITE2026063018482107559,Kem Mây Matcha (L),VNCAT2026063018463912875,KEM MÂY BỒNG BỀNH,109000,1,,,VNMOG2026063018560291224,TRÂN CHÂU HẠT NỔ SIZE L,0,7,VNMOD20260630185602024752,🫐Trân Châu Nổ Việt Quất L,35000,1
VNITE2026063018482107559,Kem Mây Matcha (L),VNCAT2026063018463912875,KEM MÂY BỒNG BỀNH,109000,1,,,VNMOG2026063018560291224,TRÂN CHÂU HẠT NỔ SIZE L,0,7,VNMOD20260630185602039482,🍓Trân Châu Nổ Dâu Tây L,35000,1
VNITE2026063018482107559,Kem Mây Matcha (L),VNCAT2026063018463912875,KEM MÂY BỒNG BỀNH,109000,1,,,VNMOG2026063018560291224,TRÂN CHÂU HẠT NỔ SIZE L,0,7,VNMOD20260701203137028578,🥝Trân Châu Nổ Kiwi L,35000,1
VNITE2026063018482107559,Kem Mây Matcha (L),VNCAT2026063018463912875,KEM MÂY BỒNG BỀNH,109000,1,,,VNMOG2026063018560291224,TRÂN CHÂU HẠT NỔ SIZE L,0,7,VNMOD20260630185602041378,🍑Trân Châu Nổ Đào L,35000,1
VNITE2026063018482107559,Kem Mây Matcha (L),VNCAT2026063018463912875,KEM MÂY BỒNG BỀNH,109000,1,,,VNMOG2026063018560291224,TRÂN CHÂU HẠT NỔ SIZE L,0,7,VNMOD20260630185602051732,🫙Trân Châu Nổ Sữa Chua L,35000,1
VNITE2026063018482107559,Kem Mây Matcha (L),VNCAT2026063018463912875,KEM MÂY BỒNG BỀNH,109000,1,,,VNMOG2026020119173846534,ĐỂ TRỌN VỊ NGON (ĐỪNG CHỌN NHÉ),0,1,VNMOD20260201191738014297,Ngon nhất khi dùng trong 2 giờ đầu,0,1
VNITE2026063018482107559,Kem Mây Matcha (L),VNCAT2026063018463912875,KEM MÂY BỒNG BỀNH,109000,1,,,VNMOG2026020119173846534,ĐỂ TRỌN VỊ NGON (ĐỪNG CHỌN NHÉ),0,1,VNMOD20260201191738027869,Giữ lạnh khi chưa sử dụng,0,1
VNITE2026063018482107559,Kem Mây Matcha (L),VNCAT2026063018463912875,KEM MÂY BỒNG BỀNH,109000,1,,,VNMOG2026010213141935691,MỨC ĐƯỜNG,1,1,VNMOD20260102131419014497,0% Sugar Level,0,1
VNITE2026063018482107559,Kem Mây Matcha (L),VNCAT2026063018463912875,KEM MÂY BỒNG BỀNH,109000,1,,,VNMOG2026010213141935691,MỨC ĐƯỜNG,1,1,VNMOD20260102131419029122,25% Sugar Level,0,1
VNITE2026063018482107559,Kem Mây Matcha (L),VNCAT2026063018463912875,KEM MÂY BỒNG BỀNH,109000,1,,,VNMOG2026010213141935691,MỨC ĐƯỜNG,1,1,VNMOD20260102131419033486,50% Sugar Level,0,1
VNITE2026063018482107559,Kem Mây Matcha (L),VNCAT2026063018463912875,KEM MÂY BỒNG BỀNH,109000,1,,,VNMOG2026010213141935691,MỨC ĐƯỜNG,1,1,VNMOD20260102131419040560,75% Sugar Level,0,1
VNITE2026063018482107559,Kem Mây Matcha (L),VNCAT2026063018463912875,KEM MÂY BỒNG BỀNH,109000,1,,,VNMOG2026010213141935691,MỨC ĐƯỜNG,1,1,VNMOD20260102131419052459,100% Sugar Level,0,1
VNITE2026063018481368975,Kem Mây Matcha (M),VNCAT2026063018463912875,KEM MÂY BỒNG BỀNH,89000,1,,,VNMOG2026040205120434503,TRÂN CHÂU HẠT NỔ SIZE M,0,7,VNMOD20260509171054013175,🍈Trân Châu Nổ Dưa Lưới M,25000,1
VNITE2026063018481368975,Kem Mây Matcha (M),VNCAT2026063018463912875,KEM MÂY BỒNG BỀNH,89000,1,,,VNMOG2026040205120434503,TRÂN CHÂU HẠT NỔ SIZE M,0,7,VNMOD20260509171054029404,🥝Trân Châu Nổ Kiwi M,25000,1
VNITE2026063018481368975,Kem Mây Matcha (M),VNCAT2026063018463912875,KEM MÂY BỒNG BỀNH,89000,1,,,VNMOG2026040205120434503,TRÂN CHÂU HẠT NỔ SIZE M,0,7,VNMOD20260402051204015377,🍇Trân Châu Nổ Nho M,25000,1
VNITE2026063018481368975,Kem Mây Matcha (M),VNCAT2026063018463912875,KEM MÂY BỒNG BỀNH,89000,1,,,VNMOG2026040205120434503,TRÂN CHÂU HẠT NỔ SIZE M,0,7,VNMOD20260402051204027788,🫐Trân Châu Nổ Việt Quất M,25000,1
VNITE2026063018481368975,Kem Mây Matcha (M),VNCAT2026063018463912875,KEM MÂY BỒNG BỀNH,89000,1,,,VNMOG2026040205120434503,TRÂN CHÂU HẠT NỔ SIZE M,0,7,VNMOD20260402051204039633,🍓Trân Châu Nổ Dâu Tây M,25000,1
VNITE2026063018481368975,Kem Mây Matcha (M),VNCAT2026063018463912875,KEM MÂY BỒNG BỀNH,89000,1,,,VNMOG2026040205120434503,TRÂN CHÂU HẠT NỔ SIZE M,0,7,VNMOD20260402051204042483,🍑Trân Châu Nổ Đào M,25000,1
VNITE2026063018481368975,Kem Mây Matcha (M),VNCAT2026063018463912875,KEM MÂY BỒNG BỀNH,89000,1,,,VNMOG2026040205120434503,TRÂN CHÂU HẠT NỔ SIZE M,0,7,VNMOD20260402051204050121,🫙Trân Châu Nổ Sữa Chua M,25000,1
VNITE2026063018481368975,Kem Mây Matcha (M),VNCAT2026063018463912875,KEM MÂY BỒNG BỀNH,89000,1,,,VNMOG2026010214381357793,TOPPINGS NƯỚC SIZE M,0,14,VNMOD20260728120859016081,🏐Nhãn Nhục,40000,1
VNITE2026063018481368975,Kem Mây Matcha (M),VNCAT2026063018463912875,KEM MÂY BỒNG BỀNH,89000,1,,,VNMOG2026010214381357793,TOPPINGS NƯỚC SIZE M,0,14,VNMOD20260728120859024399,🍄Nấm Tuyết,30000,1
VNITE2026063018481368975,Kem Mây Matcha (M),VNCAT2026063018463912875,KEM MÂY BỒNG BỀNH,89000,1,,,VNMOG2026010214381357793,TOPPINGS NƯỚC SIZE M,0,14,VNMOD20260728120859035219,🫗Nhựa Đào,30000,1
VNITE2026063018481368975,Kem Mây Matcha (M),VNCAT2026063018463912875,KEM MÂY BỒNG BỀNH,89000,1,,,VNMOG2026010214381357793,TOPPINGS NƯỚC SIZE M,0,14,VNMOD20260525094214016070,🌼Vàng Lá,20000,1
VNITE2026063018481368975,Kem Mây Matcha (M),VNCAT2026063018463912875,KEM MÂY BỒNG BỀNH,89000,1,,,VNMOG2026010214381357793,TOPPINGS NƯỚC SIZE M,0,14,VNMOD20260525094214029352,🍭Kẹo Mút Xốp,20000,1
VNITE2026063018481368975,Kem Mây Matcha (M),VNCAT2026063018463912875,KEM MÂY BỒNG BỀNH,89000,1,,,VNMOG2026010214381357793,TOPPINGS NƯỚC SIZE M,0,14,VNMOD20260520121848014884,☕️Thạch Cafe,15000,1
VNITE2026063018481368975,Kem Mây Matcha (M),VNCAT2026063018463912875,KEM MÂY BỒNG BỀNH,89000,1,,,VNMOG2026010214381357793,TOPPINGS NƯỚC SIZE M,0,14,VNMOD20260509171133012746,🍑Thạch Dừa Vị Đào,15000,1
VNITE2026063018481368975,Kem Mây Matcha (M),VNCAT2026063018463912875,KEM MÂY BỒNG BỀNH,89000,1,,,VNMOG2026010214381357793,TOPPINGS NƯỚC SIZE M,0,14,VNMOD20260509171133025336,🩶Hạt Chia,10000,1
VNITE2026063018481368975,Kem Mây Matcha (M),VNCAT2026063018463912875,KEM MÂY BỒNG BỀNH,89000,1,,,VNMOG2026010214381357793,TOPPINGS NƯỚC SIZE M,0,14,VNMOD20260520121848024526,🍑Mochi Đào,30000,1
VNITE2026063018481368975,Kem Mây Matcha (M),VNCAT2026063018463912875,KEM MÂY BỒNG BỀNH,89000,1,,,VNMOG2026010214381357793,TOPPINGS NƯỚC SIZE M,0,14,VNMOD20260102143813012309,⚪️Khúc Bạch,30000,1
VNITE2026063018481368975,Kem Mây Matcha (M),VNCAT2026063018463912875,KEM MÂY BỒNG BỀNH,89000,1,,,VNMOG2026010214381357793,TOPPINGS NƯỚC SIZE M,0,14,VNMOD20260102143813021051,🖤Sương Sáo,15000,1
VNITE2026063018481368975,Kem Mây Matcha (M),VNCAT2026063018463912875,KEM MÂY BỒNG BỀNH,89000,1,,,VNMOG2026010214381357793,TOPPINGS NƯỚC SIZE M,0,14,VNMOD20260102143813035207,🍵Thạch Matcha,15000,1
VNITE2026063018481368975,Kem Mây Matcha (M),VNCAT2026063018463912875,KEM MÂY BỒNG BỀNH,89000,1,,,VNMOG2026010214381357793,TOPPINGS NƯỚC SIZE M,0,14,VNMOD20260102143813047639,🍀Thạch Nha Đam,20000,1
VNITE2026063018481368975,Kem Mây Matcha (M),VNCAT2026063018463912875,KEM MÂY BỒNG BỀNH,89000,1,,,VNMOG2026010214381357793,TOPPINGS NƯỚC SIZE M,0,14,VNMOD20260102143813069685,🫧Trân Châu Trắng,15000,1
VNITE2026063018481368975,Kem Mây Matcha (M),VNCAT2026063018463912875,KEM MÂY BỒNG BỀNH,89000,1,,,VNMOG2026010214381357793,TOPPINGS NƯỚC SIZE M,0,14,VNMOD20260128094817012683,💜Hạt Nổ Khoai Môn,30000,1
VNITE2026063018481368975,Kem Mây Matcha (M),VNCAT2026063018463912875,KEM MÂY BỒNG BỀNH,89000,1,,,VNMOG2026010214381357793,TOPPINGS NƯỚC SIZE M,0,14,VNMOD20260102143813118751,🍮Kem Flan,50000,1
VNITE2026063018481368975,Kem Mây Matcha (M),VNCAT2026063018463912875,KEM MÂY BỒNG BỀNH,89000,1,,,VNMOG2026010214381357793,TOPPINGS NƯỚC SIZE M,0,14,VNMOD20260102143813120730,🧂Kem Muối,15000,1
VNITE2026063018481368975,Kem Mây Matcha (M),VNCAT2026063018463912875,KEM MÂY BỒNG BỀNH,89000,1,,,VNMOG2026020119173846534,ĐỂ TRỌN VỊ NGON (ĐỪNG CHỌN NHÉ),0,1,VNMOD20260201191738014297,Ngon nhất khi dùng trong 2 giờ đầu,0,1
VNITE2026063018481368975,Kem Mây Matcha (M),VNCAT2026063018463912875,KEM MÂY BỒNG BỀNH,89000,1,,,VNMOG2026020119173846534,ĐỂ TRỌN VỊ NGON (ĐỪNG CHỌN NHÉ),0,1,VNMOD20260201191738027869,Giữ lạnh khi chưa sử dụng,0,1
VNITE2026063018481368975,Kem Mây Matcha (M),VNCAT2026063018463912875,KEM MÂY BỒNG BỀNH,89000,1,,,VNMOG2026010213141935691,MỨC ĐƯỜNG,1,1,VNMOD20260102131419014497,0% Sugar Level,0,1
VNITE2026063018481368975,Kem Mây Matcha (M),VNCAT2026063018463912875,KEM MÂY BỒNG BỀNH,89000,1,,,VNMOG2026010213141935691,MỨC ĐƯỜNG,1,1,VNMOD20260102131419029122,25% Sugar Level,0,1
VNITE2026063018481368975,Kem Mây Matcha (M),VNCAT2026063018463912875,KEM MÂY BỒNG BỀNH,89000,1,,,VNMOG2026010213141935691,MỨC ĐƯỜNG,1,1,VNMOD20260102131419033486,50% Sugar Level,0,1
VNITE2026063018481368975,Kem Mây Matcha (M),VNCAT2026063018463912875,KEM MÂY BỒNG BỀNH,89000,1,,,VNMOG2026010213141935691,MỨC ĐƯỜNG,1,1,VNMOD20260102131419040560,75% Sugar Level,0,1
VNITE2026063018481368975,Kem Mây Matcha (M),VNCAT2026063018463912875,KEM MÂY BỒNG BỀNH,89000,1,,,VNMOG2026010213141935691,MỨC ĐƯỜNG,1,1,VNMOD20260102131419052459,100% Sugar Level,0,1
VNITE2026022017332943198,Khoai Tây Chiên,VNCAT2026022017285822620,KHOAI TÂY CHIÊN,79000,1,,,VNMOG2026070803473211824,COMBO KHĂN ƯỚT & BAO TAY,1,1,VNMOD20260708034732010781,Không. Cám Ơn,0,1
VNITE2026022017332943198,Khoai Tây Chiên,VNCAT2026022017285822620,KHOAI TÂY CHIÊN,79000,1,,,VNMOG2026070803473211824,COMBO KHĂN ƯỚT & BAO TAY,1,1,VNMOD20260708034732023117,🙌Combo Khăn Ướt  + Bao Tay,5000,1
VNITE2026022017332943198,Khoai Tây Chiên,VNCAT2026022017285822620,KHOAI TÂY CHIÊN,79000,1,,,VNMOG2026063019195479132,GÓI TƯƠNG THÊM,0,4,VNMOD20260630191954016076,1 Gói Tương Cà Cholimex,3000,1
VNITE2026022017332943198,Khoai Tây Chiên,VNCAT2026022017285822620,KHOAI TÂY CHIÊN,79000,1,,,VNMOG2026063019195479132,GÓI TƯƠNG THÊM,0,4,VNMOD20260630191954029712,1 Gói Tương Ớt Cholimex,3000,1
VNITE2026022017332943198,Khoai Tây Chiên,VNCAT2026022017285822620,KHOAI TÂY CHIÊN,79000,1,,,VNMOG2026063019195479132,GÓI TƯƠNG THÊM,0,4,VNMOD20260630191954031348,2 Gói Tương Cà Cholimex,5000,1
VNITE2026022017332943198,Khoai Tây Chiên,VNCAT2026022017285822620,KHOAI TÂY CHIÊN,79000,1,,,VNMOG2026063019195479132,GÓI TƯƠNG THÊM,0,4,VNMOD20260630191954042594,2 Gói Tương Ớt Cholimex,5000,1
VNITE2026022017332943198,Khoai Tây Chiên,VNCAT2026022017285822620,KHOAI TÂY CHIÊN,79000,1,,,VNMOG2026022017410483937,SỐT KÈM THÊM,0,7,VNMOD20260531193050012723,🖤Sốt Tiêu Đen,30000,1
VNITE2026022017332943198,Khoai Tây Chiên,VNCAT2026022017285822620,KHOAI TÂY CHIÊN,79000,1,,,VNMOG2026022017410483937,SỐT KÈM THÊM,0,7,VNMOD20260515170708010036,🌶️Sốt Ớt Mật Ong,10000,1
VNITE2026022017332943198,Khoai Tây Chiên,VNCAT2026022017285822620,KHOAI TÂY CHIÊN,79000,1,,,VNMOG2026022017410483937,SỐT KÈM THÊM,0,7,VNMOD20260515165657017246,🍯Sốt BBQ,25000,1
VNITE2026022017332943198,Khoai Tây Chiên,VNCAT2026022017285822620,KHOAI TÂY CHIÊN,79000,1,,,VNMOG2026022017410483937,SỐT KÈM THÊM,0,7,VNMOD20260310163342013292,🍄‍🟫Sốt Nấm Truffle,50000,1
VNITE2026022017332943198,Khoai Tây Chiên,VNCAT2026022017285822620,KHOAI TÂY CHIÊN,79000,1,,,VNMOG2026022017410483937,SỐT KÈM THÊM,0,7,VNMOD20260317054657015610,🧡Sốt Đong Đầy,20000,1
VNITE2026022017332943198,Khoai Tây Chiên,VNCAT2026022017285822620,KHOAI TÂY CHIÊN,79000,1,,,VNMOG2026022017410483937,SỐT KÈM THÊM,0,7,VNMOD20260222071411018874,🧀Sốt Phô Mai,20000,1
VNITE2026022017332943198,Khoai Tây Chiên,VNCAT2026022017285822620,KHOAI TÂY CHIÊN,79000,1,,,VNMOG2026022017410483937,SỐT KÈM THÊM,0,7,VNMOD20260220174104019245,🧈Sốt Mayonnaise,10000,1
VNITE2026022017332943198,Khoai Tây Chiên,VNCAT2026022017285822620,KHOAI TÂY CHIÊN,79000,1,,,VNMOG2026020119004290347,LƯU Ý (ĐỪNG CHỌN NHÉ),0,1,VNMOD20260201190042016954,Nên dùng trong 2 giờ sau khi nhận,0,1
VNITE2026022017332943198,Khoai Tây Chiên,VNCAT2026022017285822620,KHOAI TÂY CHIÊN,79000,1,,,VNMOG2026020119004290347,LƯU Ý (ĐỪNG CHỌN NHÉ),0,1,VNMOD20260201190042028503,Chất lượng có thể thay đổi nhẹ khi giao,0,1
VNITE2026022017381218670,Khoai Tây Chiên Truffle,VNCAT2026022017285822620,KHOAI TÂY CHIÊN,199000,1,,,VNMOG2026070803473211824,COMBO KHĂN ƯỚT & BAO TAY,1,1,VNMOD20260708034732010781,Không. Cám Ơn,0,1
VNITE2026022017381218670,Khoai Tây Chiên Truffle,VNCAT2026022017285822620,KHOAI TÂY CHIÊN,199000,1,,,VNMOG2026070803473211824,COMBO KHĂN ƯỚT & BAO TAY,1,1,VNMOD20260708034732023117,🙌Combo Khăn Ướt  + Bao Tay,5000,1
VNITE2026022017381218670,Khoai Tây Chiên Truffle,VNCAT2026022017285822620,KHOAI TÂY CHIÊN,199000,1,,,VNMOG2026063019195479132,GÓI TƯƠNG THÊM,0,4,VNMOD20260630191954016076,1 Gói Tương Cà Cholimex,3000,1
VNITE2026022017381218670,Khoai Tây Chiên Truffle,VNCAT2026022017285822620,KHOAI TÂY CHIÊN,199000,1,,,VNMOG2026063019195479132,GÓI TƯƠNG THÊM,0,4,VNMOD20260630191954029712,1 Gói Tương Ớt Cholimex,3000,1
VNITE2026022017381218670,Khoai Tây Chiên Truffle,VNCAT2026022017285822620,KHOAI TÂY CHIÊN,199000,1,,,VNMOG2026063019195479132,GÓI TƯƠNG THÊM,0,4,VNMOD20260630191954031348,2 Gói Tương Cà Cholimex,5000,1
VNITE2026022017381218670,Khoai Tây Chiên Truffle,VNCAT2026022017285822620,KHOAI TÂY CHIÊN,199000,1,,,VNMOG2026063019195479132,GÓI TƯƠNG THÊM,0,4,VNMOD20260630191954042594,2 Gói Tương Ớt Cholimex,5000,1
VNITE2026022017381218670,Khoai Tây Chiên Truffle,VNCAT2026022017285822620,KHOAI TÂY CHIÊN,199000,1,,,VNMOG2026022017410483937,SỐT KÈM THÊM,0,7,VNMOD20260531193050012723,🖤Sốt Tiêu Đen,30000,1
VNITE2026022017381218670,Khoai Tây Chiên Truffle,VNCAT2026022017285822620,KHOAI TÂY CHIÊN,199000,1,,,VNMOG2026022017410483937,SỐT KÈM THÊM,0,7,VNMOD20260515170708010036,🌶️Sốt Ớt Mật Ong,10000,1
VNITE2026022017381218670,Khoai Tây Chiên Truffle,VNCAT2026022017285822620,KHOAI TÂY CHIÊN,199000,1,,,VNMOG2026022017410483937,SỐT KÈM THÊM,0,7,VNMOD20260515165657017246,🍯Sốt BBQ,25000,1
VNITE2026022017381218670,Khoai Tây Chiên Truffle,VNCAT2026022017285822620,KHOAI TÂY CHIÊN,199000,1,,,VNMOG2026022017410483937,SỐT KÈM THÊM,0,7,VNMOD20260310163342013292,🍄‍🟫Sốt Nấm Truffle,50000,1
VNITE2026022017381218670,Khoai Tây Chiên Truffle,VNCAT2026022017285822620,KHOAI TÂY CHIÊN,199000,1,,,VNMOG2026022017410483937,SỐT KÈM THÊM,0,7,VNMOD20260317054657015610,🧡Sốt Đong Đầy,20000,1
VNITE2026022017381218670,Khoai Tây Chiên Truffle,VNCAT2026022017285822620,KHOAI TÂY CHIÊN,199000,1,,,VNMOG2026022017410483937,SỐT KÈM THÊM,0,7,VNMOD20260222071411018874,🧀Sốt Phô Mai,20000,1
VNITE2026022017381218670,Khoai Tây Chiên Truffle,VNCAT2026022017285822620,KHOAI TÂY CHIÊN,199000,1,,,VNMOG2026022017410483937,SỐT KÈM THÊM,0,7,VNMOD20260220174104019245,🧈Sốt Mayonnaise,10000,1
VNITE2026022017381218670,Khoai Tây Chiên Truffle,VNCAT2026022017285822620,KHOAI TÂY CHIÊN,199000,1,,,VNMOG2026020119004290347,LƯU Ý (ĐỪNG CHỌN NHÉ),0,1,VNMOD20260201190042016954,Nên dùng trong 2 giờ sau khi nhận,0,1
VNITE2026022017381218670,Khoai Tây Chiên Truffle,VNCAT2026022017285822620,KHOAI TÂY CHIÊN,199000,1,,,VNMOG2026020119004290347,LƯU Ý (ĐỪNG CHỌN NHÉ),0,1,VNMOD20260201190042028503,Chất lượng có thể thay đổi nhẹ khi giao,0,1
VNITE2026063018104032578,Matcha Dừa Dâu,VNCAT2025121001483667045,MATCHA,99000,1,,,VNMOG2026053119273172949,LOẠI SỮA,1,1,VNMOD20260531192731014737,🥛Sữa Tươi Không Đường,0,1
VNITE2026063018104032578,Matcha Dừa Dâu,VNCAT2025121001483667045,MATCHA,99000,1,,,VNMOG2026053119273172949,LOẠI SỮA,1,1,VNMOD20260531192731021617,🥤Sữa Yến Mạch Oatside,18000,1
VNITE2026063018104032578,Matcha Dừa Dâu,VNCAT2025121001483667045,MATCHA,99000,1,,,VNMOG2026010214381357793,TOPPINGS NƯỚC SIZE M,0,14,VNMOD20260728120859016081,🏐Nhãn Nhục,40000,1
VNITE2026063018104032578,Matcha Dừa Dâu,VNCAT2025121001483667045,MATCHA,99000,1,,,VNMOG2026010214381357793,TOPPINGS NƯỚC SIZE M,0,14,VNMOD20260728120859024399,🍄Nấm Tuyết,30000,1
VNITE2026063018104032578,Matcha Dừa Dâu,VNCAT2025121001483667045,MATCHA,99000,1,,,VNMOG2026010214381357793,TOPPINGS NƯỚC SIZE M,0,14,VNMOD20260728120859035219,🫗Nhựa Đào,30000,1
VNITE2026063018104032578,Matcha Dừa Dâu,VNCAT2025121001483667045,MATCHA,99000,1,,,VNMOG2026010214381357793,TOPPINGS NƯỚC SIZE M,0,14,VNMOD20260525094214016070,🌼Vàng Lá,20000,1
VNITE2026063018104032578,Matcha Dừa Dâu,VNCAT2025121001483667045,MATCHA,99000,1,,,VNMOG2026010214381357793,TOPPINGS NƯỚC SIZE M,0,14,VNMOD20260525094214029352,🍭Kẹo Mút Xốp,20000,1
VNITE2026063018104032578,Matcha Dừa Dâu,VNCAT2025121001483667045,MATCHA,99000,1,,,VNMOG2026010214381357793,TOPPINGS NƯỚC SIZE M,0,14,VNMOD20260520121848014884,☕️Thạch Cafe,15000,1
VNITE2026063018104032578,Matcha Dừa Dâu,VNCAT2025121001483667045,MATCHA,99000,1,,,VNMOG2026010214381357793,TOPPINGS NƯỚC SIZE M,0,14,VNMOD20260509171133012746,🍑Thạch Dừa Vị Đào,15000,1
VNITE2026063018104032578,Matcha Dừa Dâu,VNCAT2025121001483667045,MATCHA,99000,1,,,VNMOG2026010214381357793,TOPPINGS NƯỚC SIZE M,0,14,VNMOD20260509171133025336,🩶Hạt Chia,10000,1
VNITE2026063018104032578,Matcha Dừa Dâu,VNCAT2025121001483667045,MATCHA,99000,1,,,VNMOG2026010214381357793,TOPPINGS NƯỚC SIZE M,0,14,VNMOD20260520121848024526,🍑Mochi Đào,30000,1
VNITE2026063018104032578,Matcha Dừa Dâu,VNCAT2025121001483667045,MATCHA,99000,1,,,VNMOG2026010214381357793,TOPPINGS NƯỚC SIZE M,0,14,VNMOD20260102143813012309,⚪️Khúc Bạch,30000,1
VNITE2026063018104032578,Matcha Dừa Dâu,VNCAT2025121001483667045,MATCHA,99000,1,,,VNMOG2026010214381357793,TOPPINGS NƯỚC SIZE M,0,14,VNMOD20260102143813021051,🖤Sương Sáo,15000,1
VNITE2026063018104032578,Matcha Dừa Dâu,VNCAT2025121001483667045,MATCHA,99000,1,,,VNMOG2026010214381357793,TOPPINGS NƯỚC SIZE M,0,14,VNMOD20260102143813035207,🍵Thạch Matcha,15000,1
VNITE2026063018104032578,Matcha Dừa Dâu,VNCAT2025121001483667045,MATCHA,99000,1,,,VNMOG2026010214381357793,TOPPINGS NƯỚC SIZE M,0,14,VNMOD20260102143813047639,🍀Thạch Nha Đam,20000,1
VNITE2026063018104032578,Matcha Dừa Dâu,VNCAT2025121001483667045,MATCHA,99000,1,,,VNMOG2026010214381357793,TOPPINGS NƯỚC SIZE M,0,14,VNMOD20260102143813069685,🫧Trân Châu Trắng,15000,1
VNITE2026063018104032578,Matcha Dừa Dâu,VNCAT2025121001483667045,MATCHA,99000,1,,,VNMOG2026010214381357793,TOPPINGS NƯỚC SIZE M,0,14,VNMOD20260128094817012683,💜Hạt Nổ Khoai Môn,30000,1
VNITE2026063018104032578,Matcha Dừa Dâu,VNCAT2025121001483667045,MATCHA,99000,1,,,VNMOG2026010214381357793,TOPPINGS NƯỚC SIZE M,0,14,VNMOD20260102143813118751,🍮Kem Flan,50000,1
VNITE2026063018104032578,Matcha Dừa Dâu,VNCAT2025121001483667045,MATCHA,99000,1,,,VNMOG2026010214381357793,TOPPINGS NƯỚC SIZE M,0,14,VNMOD20260102143813120730,🧂Kem Muối,15000,1
VNITE2026063018104032578,Matcha Dừa Dâu,VNCAT2025121001483667045,MATCHA,99000,1,,,VNMOG2026020119173846534,ĐỂ TRỌN VỊ NGON (ĐỪNG CHỌN NHÉ),0,1,VNMOD20260201191738014297,Ngon nhất khi dùng trong 2 giờ đầu,0,1
VNITE2026063018104032578,Matcha Dừa Dâu,VNCAT2025121001483667045,MATCHA,99000,1,,,VNMOG2026020119173846534,ĐỂ TRỌN VỊ NGON (ĐỪNG CHỌN NHÉ),0,1,VNMOD20260201191738027869,Giữ lạnh khi chưa sử dụng,0,1
VNITE2026063018104032578,Matcha Dừa Dâu,VNCAT2025121001483667045,MATCHA,99000,1,,,VNMOG2026040205120434503,TRÂN CHÂU HẠT NỔ SIZE M,0,7,VNMOD20260509171054013175,🍈Trân Châu Nổ Dưa Lưới M,25000,1
VNITE2026063018104032578,Matcha Dừa Dâu,VNCAT2025121001483667045,MATCHA,99000,1,,,VNMOG2026040205120434503,TRÂN CHÂU HẠT NỔ SIZE M,0,7,VNMOD20260509171054029404,🥝Trân Châu Nổ Kiwi M,25000,1
VNITE2026063018104032578,Matcha Dừa Dâu,VNCAT2025121001483667045,MATCHA,99000,1,,,VNMOG2026040205120434503,TRÂN CHÂU HẠT NỔ SIZE M,0,7,VNMOD20260402051204015377,🍇Trân Châu Nổ Nho M,25000,1
VNITE2026063018104032578,Matcha Dừa Dâu,VNCAT2025121001483667045,MATCHA,99000,1,,,VNMOG2026040205120434503,TRÂN CHÂU HẠT NỔ SIZE M,0,7,VNMOD20260402051204027788,🫐Trân Châu Nổ Việt Quất M,25000,1
VNITE2026063018104032578,Matcha Dừa Dâu,VNCAT2025121001483667045,MATCHA,99000,1,,,VNMOG2026040205120434503,TRÂN CHÂU HẠT NỔ SIZE M,0,7,VNMOD20260402051204039633,🍓Trân Châu Nổ Dâu Tây M,25000,1
VNITE2026063018104032578,Matcha Dừa Dâu,VNCAT2025121001483667045,MATCHA,99000,1,,,VNMOG2026040205120434503,TRÂN CHÂU HẠT NỔ SIZE M,0,7,VNMOD20260402051204042483,🍑Trân Châu Nổ Đào M,25000,1
VNITE2026063018104032578,Matcha Dừa Dâu,VNCAT2025121001483667045,MATCHA,99000,1,,,VNMOG2026040205120434503,TRÂN CHÂU HẠT NỔ SIZE M,0,7,VNMOD20260402051204050121,🫙Trân Châu Nổ Sữa Chua M,25000,1
VNITE2026063018104032578,Matcha Dừa Dâu,VNCAT2025121001483667045,MATCHA,99000,1,,,VNMOG2026010213175723002,MỨC ĐÁ,1,1,VNMOD20260102131757039130,0% Đá,0,1
VNITE2026063018104032578,Matcha Dừa Dâu,VNCAT2025121001483667045,MATCHA,99000,1,,,VNMOG2026010213175723002,MỨC ĐÁ,1,1,VNMOD20260102131757021927,50% Đá,0,1
VNITE2026063018104032578,Matcha Dừa Dâu,VNCAT2025121001483667045,MATCHA,99000,1,,,VNMOG2026010213175723002,MỨC ĐÁ,1,1,VNMOD20260102131757017020,100% Đá,0,1
VNITE2026063018104032578,Matcha Dừa Dâu,VNCAT2025121001483667045,MATCHA,99000,1,,,VNMOG2026010213175723002,MỨC ĐÁ,1,1,VNMOD20260102131757048225,Đá Riêng Đựng Túi Zip,5000,1
VNITE2026063018102929161,Matcha Tiramisu,VNCAT2025121001483667045,MATCHA,99000,1,,,VNMOG2026053119273172949,LOẠI SỮA,1,1,VNMOD20260531192731014737,🥛Sữa Tươi Không Đường,0,1
VNITE2026063018102929161,Matcha Tiramisu,VNCAT2025121001483667045,MATCHA,99000,1,,,VNMOG2026053119273172949,LOẠI SỮA,1,1,VNMOD20260531192731021617,🥤Sữa Yến Mạch Oatside,18000,1
VNITE2026063018102929161,Matcha Tiramisu,VNCAT2025121001483667045,MATCHA,99000,1,,,VNMOG2026010214381357793,TOPPINGS NƯỚC SIZE M,0,14,VNMOD20260728120859016081,🏐Nhãn Nhục,40000,1
VNITE2026063018102929161,Matcha Tiramisu,VNCAT2025121001483667045,MATCHA,99000,1,,,VNMOG2026010214381357793,TOPPINGS NƯỚC SIZE M,0,14,VNMOD20260728120859024399,🍄Nấm Tuyết,30000,1
VNITE2026063018102929161,Matcha Tiramisu,VNCAT2025121001483667045,MATCHA,99000,1,,,VNMOG2026010214381357793,TOPPINGS NƯỚC SIZE M,0,14,VNMOD20260728120859035219,🫗Nhựa Đào,30000,1
VNITE2026063018102929161,Matcha Tiramisu,VNCAT2025121001483667045,MATCHA,99000,1,,,VNMOG2026010214381357793,TOPPINGS NƯỚC SIZE M,0,14,VNMOD20260525094214016070,🌼Vàng Lá,20000,1
VNITE2026063018102929161,Matcha Tiramisu,VNCAT2025121001483667045,MATCHA,99000,1,,,VNMOG2026010214381357793,TOPPINGS NƯỚC SIZE M,0,14,VNMOD20260525094214029352,🍭Kẹo Mút Xốp,20000,1
VNITE2026063018102929161,Matcha Tiramisu,VNCAT2025121001483667045,MATCHA,99000,1,,,VNMOG2026010214381357793,TOPPINGS NƯỚC SIZE M,0,14,VNMOD20260520121848014884,☕️Thạch Cafe,15000,1
VNITE2026063018102929161,Matcha Tiramisu,VNCAT2025121001483667045,MATCHA,99000,1,,,VNMOG2026010214381357793,TOPPINGS NƯỚC SIZE M,0,14,VNMOD20260509171133012746,🍑Thạch Dừa Vị Đào,15000,1
VNITE2026063018102929161,Matcha Tiramisu,VNCAT2025121001483667045,MATCHA,99000,1,,,VNMOG2026010214381357793,TOPPINGS NƯỚC SIZE M,0,14,VNMOD20260509171133025336,🩶Hạt Chia,10000,1
VNITE2026063018102929161,Matcha Tiramisu,VNCAT2025121001483667045,MATCHA,99000,1,,,VNMOG2026010214381357793,TOPPINGS NƯỚC SIZE M,0,14,VNMOD20260520121848024526,🍑Mochi Đào,30000,1
VNITE2026063018102929161,Matcha Tiramisu,VNCAT2025121001483667045,MATCHA,99000,1,,,VNMOG2026010214381357793,TOPPINGS NƯỚC SIZE M,0,14,VNMOD20260102143813012309,⚪️Khúc Bạch,30000,1
VNITE2026063018102929161,Matcha Tiramisu,VNCAT2025121001483667045,MATCHA,99000,1,,,VNMOG2026010214381357793,TOPPINGS NƯỚC SIZE M,0,14,VNMOD20260102143813021051,🖤Sương Sáo,15000,1
VNITE2026063018102929161,Matcha Tiramisu,VNCAT2025121001483667045,MATCHA,99000,1,,,VNMOG2026010214381357793,TOPPINGS NƯỚC SIZE M,0,14,VNMOD20260102143813035207,🍵Thạch Matcha,15000,1
VNITE2026063018102929161,Matcha Tiramisu,VNCAT2025121001483667045,MATCHA,99000,1,,,VNMOG2026010214381357793,TOPPINGS NƯỚC SIZE M,0,14,VNMOD20260102143813047639,🍀Thạch Nha Đam,20000,1
VNITE2026063018102929161,Matcha Tiramisu,VNCAT2025121001483667045,MATCHA,99000,1,,,VNMOG2026010214381357793,TOPPINGS NƯỚC SIZE M,0,14,VNMOD20260102143813069685,🫧Trân Châu Trắng,15000,1
VNITE2026063018102929161,Matcha Tiramisu,VNCAT2025121001483667045,MATCHA,99000,1,,,VNMOG2026010214381357793,TOPPINGS NƯỚC SIZE M,0,14,VNMOD20260128094817012683,💜Hạt Nổ Khoai Môn,30000,1
VNITE2026063018102929161,Matcha Tiramisu,VNCAT2025121001483667045,MATCHA,99000,1,,,VNMOG2026010214381357793,TOPPINGS NƯỚC SIZE M,0,14,VNMOD20260102143813118751,🍮Kem Flan,50000,1
VNITE2026063018102929161,Matcha Tiramisu,VNCAT2025121001483667045,MATCHA,99000,1,,,VNMOG2026010214381357793,TOPPINGS NƯỚC SIZE M,0,14,VNMOD20260102143813120730,🧂Kem Muối,15000,1
VNITE2026063018102929161,Matcha Tiramisu,VNCAT2025121001483667045,MATCHA,99000,1,,,VNMOG2026020119173846534,ĐỂ TRỌN VỊ NGON (ĐỪNG CHỌN NHÉ),0,1,VNMOD20260201191738014297,Ngon nhất khi dùng trong 2 giờ đầu,0,1
VNITE2026063018102929161,Matcha Tiramisu,VNCAT2025121001483667045,MATCHA,99000,1,,,VNMOG2026020119173846534,ĐỂ TRỌN VỊ NGON (ĐỪNG CHỌN NHÉ),0,1,VNMOD20260201191738027869,Giữ lạnh khi chưa sử dụng,0,1
VNITE2026063018102929161,Matcha Tiramisu,VNCAT2025121001483667045,MATCHA,99000,1,,,VNMOG2026040205120434503,TRÂN CHÂU HẠT NỔ SIZE M,0,7,VNMOD20260509171054013175,🍈Trân Châu Nổ Dưa Lưới M,25000,1
VNITE2026063018102929161,Matcha Tiramisu,VNCAT2025121001483667045,MATCHA,99000,1,,,VNMOG2026040205120434503,TRÂN CHÂU HẠT NỔ SIZE M,0,7,VNMOD20260509171054029404,🥝Trân Châu Nổ Kiwi M,25000,1
VNITE2026063018102929161,Matcha Tiramisu,VNCAT2025121001483667045,MATCHA,99000,1,,,VNMOG2026040205120434503,TRÂN CHÂU HẠT NỔ SIZE M,0,7,VNMOD20260402051204015377,🍇Trân Châu Nổ Nho M,25000,1
VNITE2026063018102929161,Matcha Tiramisu,VNCAT2025121001483667045,MATCHA,99000,1,,,VNMOG2026040205120434503,TRÂN CHÂU HẠT NỔ SIZE M,0,7,VNMOD20260402051204027788,🫐Trân Châu Nổ Việt Quất M,25000,1
VNITE2026063018102929161,Matcha Tiramisu,VNCAT2025121001483667045,MATCHA,99000,1,,,VNMOG2026040205120434503,TRÂN CHÂU HẠT NỔ SIZE M,0,7,VNMOD20260402051204039633,🍓Trân Châu Nổ Dâu Tây M,25000,1
VNITE2026063018102929161,Matcha Tiramisu,VNCAT2025121001483667045,MATCHA,99000,1,,,VNMOG2026040205120434503,TRÂN CHÂU HẠT NỔ SIZE M,0,7,VNMOD20260402051204042483,🍑Trân Châu Nổ Đào M,25000,1
VNITE2026063018102929161,Matcha Tiramisu,VNCAT2025121001483667045,MATCHA,99000,1,,,VNMOG2026040205120434503,TRÂN CHÂU HẠT NỔ SIZE M,0,7,VNMOD20260402051204050121,🫙Trân Châu Nổ Sữa Chua M,25000,1
VNITE2026063018102929161,Matcha Tiramisu,VNCAT2025121001483667045,MATCHA,99000,1,,,VNMOG2026010213175723002,MỨC ĐÁ,1,1,VNMOD20260102131757039130,0% Đá,0,1
VNITE2026063018102929161,Matcha Tiramisu,VNCAT2025121001483667045,MATCHA,99000,1,,,VNMOG2026010213175723002,MỨC ĐÁ,1,1,VNMOD20260102131757021927,50% Đá,0,1
VNITE2026063018102929161,Matcha Tiramisu,VNCAT2025121001483667045,MATCHA,99000,1,,,VNMOG2026010213175723002,MỨC ĐÁ,1,1,VNMOD20260102131757017020,100% Đá,0,1
VNITE2026063018102929161,Matcha Tiramisu,VNCAT2025121001483667045,MATCHA,99000,1,,,VNMOG2026010213175723002,MỨC ĐÁ,1,1,VNMOD20260102131757048225,Đá Riêng Đựng Túi Zip,5000,1
VNITE20251210014836127984,Mochi Matcha,VNCAT2025121001483667045,MATCHA,79000,1,,,VNMOG2026040205120434503,TRÂN CHÂU HẠT NỔ SIZE M,0,7,VNMOD20260509171054013175,🍈Trân Châu Nổ Dưa Lưới M,25000,1
VNITE20251210014836127984,Mochi Matcha,VNCAT2025121001483667045,MATCHA,79000,1,,,VNMOG2026040205120434503,TRÂN CHÂU HẠT NỔ SIZE M,0,7,VNMOD20260509171054029404,🥝Trân Châu Nổ Kiwi M,25000,1
VNITE20251210014836127984,Mochi Matcha,VNCAT2025121001483667045,MATCHA,79000,1,,,VNMOG2026040205120434503,TRÂN CHÂU HẠT NỔ SIZE M,0,7,VNMOD20260402051204015377,🍇Trân Châu Nổ Nho M,25000,1
VNITE20251210014836127984,Mochi Matcha,VNCAT2025121001483667045,MATCHA,79000,1,,,VNMOG2026040205120434503,TRÂN CHÂU HẠT NỔ SIZE M,0,7,VNMOD20260402051204027788,🫐Trân Châu Nổ Việt Quất M,25000,1
VNITE20251210014836127984,Mochi Matcha,VNCAT2025121001483667045,MATCHA,79000,1,,,VNMOG2026040205120434503,TRÂN CHÂU HẠT NỔ SIZE M,0,7,VNMOD20260402051204039633,🍓Trân Châu Nổ Dâu Tây M,25000,1
VNITE20251210014836127984,Mochi Matcha,VNCAT2025121001483667045,MATCHA,79000,1,,,VNMOG2026040205120434503,TRÂN CHÂU HẠT NỔ SIZE M,0,7,VNMOD20260402051204042483,🍑Trân Châu Nổ Đào M,25000,1
VNITE20251210014836127984,Mochi Matcha,VNCAT2025121001483667045,MATCHA,79000,1,,,VNMOG2026040205120434503,TRÂN CHÂU HẠT NỔ SIZE M,0,7,VNMOD20260402051204050121,🫙Trân Châu Nổ Sữa Chua M,25000,1
VNITE20251210014836127984,Mochi Matcha,VNCAT2025121001483667045,MATCHA,79000,1,,,VNMOG2026020119173846534,ĐỂ TRỌN VỊ NGON (ĐỪNG CHỌN NHÉ),0,1,VNMOD20260201191738014297,Ngon nhất khi dùng trong 2 giờ đầu,0,1
VNITE20251210014836127984,Mochi Matcha,VNCAT2025121001483667045,MATCHA,79000,1,,,VNMOG2026020119173846534,ĐỂ TRỌN VỊ NGON (ĐỪNG CHỌN NHÉ),0,1,VNMOD20260201191738027869,Giữ lạnh khi chưa sử dụng,0,1
VNITE20251210014836127984,Mochi Matcha,VNCAT2025121001483667045,MATCHA,79000,1,,,VNMOG2026053119273172949,LOẠI SỮA,1,1,VNMOD20260531192731014737,🥛Sữa Tươi Không Đường,0,1
VNITE20251210014836127984,Mochi Matcha,VNCAT2025121001483667045,MATCHA,79000,1,,,VNMOG2026053119273172949,LOẠI SỮA,1,1,VNMOD20260531192731021617,🥤Sữa Yến Mạch Oatside,18000,1
VNITE20251210014836127984,Mochi Matcha,VNCAT2025121001483667045,MATCHA,79000,1,,,VNMOG2026010213175723002,MỨC ĐÁ,1,1,VNMOD20260102131757039130,0% Đá,0,1
VNITE20251210014836127984,Mochi Matcha,VNCAT2025121001483667045,MATCHA,79000,1,,,VNMOG2026010213175723002,MỨC ĐÁ,1,1,VNMOD20260102131757021927,50% Đá,0,1
VNITE20251210014836127984,Mochi Matcha,VNCAT2025121001483667045,MATCHA,79000,1,,,VNMOG2026010213175723002,MỨC ĐÁ,1,1,VNMOD20260102131757017020,100% Đá,0,1
VNITE20251210014836127984,Mochi Matcha,VNCAT2025121001483667045,MATCHA,79000,1,,,VNMOG2026010213175723002,MỨC ĐÁ,1,1,VNMOD20260102131757048225,Đá Riêng Đựng Túi Zip,5000,1
VNITE20251210014836127984,Mochi Matcha,VNCAT2025121001483667045,MATCHA,79000,1,,,VNMOG2026010214381357793,TOPPINGS NƯỚC SIZE M,0,14,VNMOD20260728120859016081,🏐Nhãn Nhục,40000,1
VNITE20251210014836127984,Mochi Matcha,VNCAT2025121001483667045,MATCHA,79000,1,,,VNMOG2026010214381357793,TOPPINGS NƯỚC SIZE M,0,14,VNMOD20260728120859024399,🍄Nấm Tuyết,30000,1
VNITE20251210014836127984,Mochi Matcha,VNCAT2025121001483667045,MATCHA,79000,1,,,VNMOG2026010214381357793,TOPPINGS NƯỚC SIZE M,0,14,VNMOD20260728120859035219,🫗Nhựa Đào,30000,1
VNITE20251210014836127984,Mochi Matcha,VNCAT2025121001483667045,MATCHA,79000,1,,,VNMOG2026010214381357793,TOPPINGS NƯỚC SIZE M,0,14,VNMOD20260525094214016070,🌼Vàng Lá,20000,1
VNITE20251210014836127984,Mochi Matcha,VNCAT2025121001483667045,MATCHA,79000,1,,,VNMOG2026010214381357793,TOPPINGS NƯỚC SIZE M,0,14,VNMOD20260525094214029352,🍭Kẹo Mút Xốp,20000,1
VNITE20251210014836127984,Mochi Matcha,VNCAT2025121001483667045,MATCHA,79000,1,,,VNMOG2026010214381357793,TOPPINGS NƯỚC SIZE M,0,14,VNMOD20260520121848014884,☕️Thạch Cafe,15000,1
VNITE20251210014836127984,Mochi Matcha,VNCAT2025121001483667045,MATCHA,79000,1,,,VNMOG2026010214381357793,TOPPINGS NƯỚC SIZE M,0,14,VNMOD20260509171133012746,🍑Thạch Dừa Vị Đào,15000,1
VNITE20251210014836127984,Mochi Matcha,VNCAT2025121001483667045,MATCHA,79000,1,,,VNMOG2026010214381357793,TOPPINGS NƯỚC SIZE M,0,14,VNMOD20260509171133025336,🩶Hạt Chia,10000,1
VNITE20251210014836127984,Mochi Matcha,VNCAT2025121001483667045,MATCHA,79000,1,,,VNMOG2026010214381357793,TOPPINGS NƯỚC SIZE M,0,14,VNMOD20260520121848024526,🍑Mochi Đào,30000,1
VNITE20251210014836127984,Mochi Matcha,VNCAT2025121001483667045,MATCHA,79000,1,,,VNMOG2026010214381357793,TOPPINGS NƯỚC SIZE M,0,14,VNMOD20260102143813012309,⚪️Khúc Bạch,30000,1
VNITE20251210014836127984,Mochi Matcha,VNCAT2025121001483667045,MATCHA,79000,1,,,VNMOG2026010214381357793,TOPPINGS NƯỚC SIZE M,0,14,VNMOD20260102143813021051,🖤Sương Sáo,15000,1
VNITE20251210014836127984,Mochi Matcha,VNCAT2025121001483667045,MATCHA,79000,1,,,VNMOG2026010214381357793,TOPPINGS NƯỚC SIZE M,0,14,VNMOD20260102143813035207,🍵Thạch Matcha,15000,1
VNITE20251210014836127984,Mochi Matcha,VNCAT2025121001483667045,MATCHA,79000,1,,,VNMOG2026010214381357793,TOPPINGS NƯỚC SIZE M,0,14,VNMOD20260102143813047639,🍀Thạch Nha Đam,20000,1
VNITE20251210014836127984,Mochi Matcha,VNCAT2025121001483667045,MATCHA,79000,1,,,VNMOG2026010214381357793,TOPPINGS NƯỚC SIZE M,0,14,VNMOD20260102143813069685,🫧Trân Châu Trắng,15000,1
VNITE20251210014836127984,Mochi Matcha,VNCAT2025121001483667045,MATCHA,79000,1,,,VNMOG2026010214381357793,TOPPINGS NƯỚC SIZE M,0,14,VNMOD20260128094817012683,💜Hạt Nổ Khoai Môn,30000,1
VNITE20251210014836127984,Mochi Matcha,VNCAT2025121001483667045,MATCHA,79000,1,,,VNMOG2026010214381357793,TOPPINGS NƯỚC SIZE M,0,14,VNMOD20260102143813118751,🍮Kem Flan,50000,1
VNITE20251210014836127984,Mochi Matcha,VNCAT2025121001483667045,MATCHA,79000,1,,,VNMOG2026010214381357793,TOPPINGS NƯỚC SIZE M,0,14,VNMOD20260102143813120730,🧂Kem Muối,15000,1
VNITE20251210014836134023,Matcha Đá Xay,VNCAT2025121001483667045,MATCHA,89000,1,,,VNMOG2026040205120434503,TRÂN CHÂU HẠT NỔ SIZE M,0,7,VNMOD20260509171054013175,🍈Trân Châu Nổ Dưa Lưới M,25000,1
VNITE20251210014836134023,Matcha Đá Xay,VNCAT2025121001483667045,MATCHA,89000,1,,,VNMOG2026040205120434503,TRÂN CHÂU HẠT NỔ SIZE M,0,7,VNMOD20260509171054029404,🥝Trân Châu Nổ Kiwi M,25000,1
VNITE20251210014836134023,Matcha Đá Xay,VNCAT2025121001483667045,MATCHA,89000,1,,,VNMOG2026040205120434503,TRÂN CHÂU HẠT NỔ SIZE M,0,7,VNMOD20260402051204015377,🍇Trân Châu Nổ Nho M,25000,1
VNITE20251210014836134023,Matcha Đá Xay,VNCAT2025121001483667045,MATCHA,89000,1,,,VNMOG2026040205120434503,TRÂN CHÂU HẠT NỔ SIZE M,0,7,VNMOD20260402051204027788,🫐Trân Châu Nổ Việt Quất M,25000,1
VNITE20251210014836134023,Matcha Đá Xay,VNCAT2025121001483667045,MATCHA,89000,1,,,VNMOG2026040205120434503,TRÂN CHÂU HẠT NỔ SIZE M,0,7,VNMOD20260402051204039633,🍓Trân Châu Nổ Dâu Tây M,25000,1
VNITE20251210014836134023,Matcha Đá Xay,VNCAT2025121001483667045,MATCHA,89000,1,,,VNMOG2026040205120434503,TRÂN CHÂU HẠT NỔ SIZE M,0,7,VNMOD20260402051204042483,🍑Trân Châu Nổ Đào M,25000,1
VNITE20251210014836134023,Matcha Đá Xay,VNCAT2025121001483667045,MATCHA,89000,1,,,VNMOG2026040205120434503,TRÂN CHÂU HẠT NỔ SIZE M,0,7,VNMOD20260402051204050121,🫙Trân Châu Nổ Sữa Chua M,25000,1
VNITE20251210014836134023,Matcha Đá Xay,VNCAT2025121001483667045,MATCHA,89000,1,,,VNMOG2026020119173846534,ĐỂ TRỌN VỊ NGON (ĐỪNG CHỌN NHÉ),0,1,VNMOD20260201191738014297,Ngon nhất khi dùng trong 2 giờ đầu,0,1
VNITE20251210014836134023,Matcha Đá Xay,VNCAT2025121001483667045,MATCHA,89000,1,,,VNMOG2026020119173846534,ĐỂ TRỌN VỊ NGON (ĐỪNG CHỌN NHÉ),0,1,VNMOD20260201191738027869,Giữ lạnh khi chưa sử dụng,0,1
VNITE20251210014836134023,Matcha Đá Xay,VNCAT2025121001483667045,MATCHA,89000,1,,,VNMOG2026010214381357793,TOPPINGS NƯỚC SIZE M,0,14,VNMOD20260728120859016081,🏐Nhãn Nhục,40000,1
VNITE20251210014836134023,Matcha Đá Xay,VNCAT2025121001483667045,MATCHA,89000,1,,,VNMOG2026010214381357793,TOPPINGS NƯỚC SIZE M,0,14,VNMOD20260728120859024399,🍄Nấm Tuyết,30000,1
VNITE20251210014836134023,Matcha Đá Xay,VNCAT2025121001483667045,MATCHA,89000,1,,,VNMOG2026010214381357793,TOPPINGS NƯỚC SIZE M,0,14,VNMOD20260728120859035219,🫗Nhựa Đào,30000,1
VNITE20251210014836134023,Matcha Đá Xay,VNCAT2025121001483667045,MATCHA,89000,1,,,VNMOG2026010214381357793,TOPPINGS NƯỚC SIZE M,0,14,VNMOD20260525094214016070,🌼Vàng Lá,20000,1
VNITE20251210014836134023,Matcha Đá Xay,VNCAT2025121001483667045,MATCHA,89000,1,,,VNMOG2026010214381357793,TOPPINGS NƯỚC SIZE M,0,14,VNMOD20260525094214029352,🍭Kẹo Mút Xốp,20000,1
VNITE20251210014836134023,Matcha Đá Xay,VNCAT2025121001483667045,MATCHA,89000,1,,,VNMOG2026010214381357793,TOPPINGS NƯỚC SIZE M,0,14,VNMOD20260520121848014884,☕️Thạch Cafe,15000,1
VNITE20251210014836134023,Matcha Đá Xay,VNCAT2025121001483667045,MATCHA,89000,1,,,VNMOG2026010214381357793,TOPPINGS NƯỚC SIZE M,0,14,VNMOD20260509171133012746,🍑Thạch Dừa Vị Đào,15000,1
VNITE20251210014836134023,Matcha Đá Xay,VNCAT2025121001483667045,MATCHA,89000,1,,,VNMOG2026010214381357793,TOPPINGS NƯỚC SIZE M,0,14,VNMOD20260509171133025336,🩶Hạt Chia,10000,1
VNITE20251210014836134023,Matcha Đá Xay,VNCAT2025121001483667045,MATCHA,89000,1,,,VNMOG2026010214381357793,TOPPINGS NƯỚC SIZE M,0,14,VNMOD20260520121848024526,🍑Mochi Đào,30000,1
VNITE20251210014836134023,Matcha Đá Xay,VNCAT2025121001483667045,MATCHA,89000,1,,,VNMOG2026010214381357793,TOPPINGS NƯỚC SIZE M,0,14,VNMOD20260102143813012309,⚪️Khúc Bạch,30000,1
VNITE20251210014836134023,Matcha Đá Xay,VNCAT2025121001483667045,MATCHA,89000,1,,,VNMOG2026010214381357793,TOPPINGS NƯỚC SIZE M,0,14,VNMOD20260102143813021051,🖤Sương Sáo,15000,1
VNITE20251210014836134023,Matcha Đá Xay,VNCAT2025121001483667045,MATCHA,89000,1,,,VNMOG2026010214381357793,TOPPINGS NƯỚC SIZE M,0,14,VNMOD20260102143813035207,🍵Thạch Matcha,15000,1
VNITE20251210014836134023,Matcha Đá Xay,VNCAT2025121001483667045,MATCHA,89000,1,,,VNMOG2026010214381357793,TOPPINGS NƯỚC SIZE M,0,14,VNMOD20260102143813047639,🍀Thạch Nha Đam,20000,1
VNITE20251210014836134023,Matcha Đá Xay,VNCAT2025121001483667045,MATCHA,89000,1,,,VNMOG2026010214381357793,TOPPINGS NƯỚC SIZE M,0,14,VNMOD20260102143813069685,🫧Trân Châu Trắng,15000,1
VNITE20251210014836134023,Matcha Đá Xay,VNCAT2025121001483667045,MATCHA,89000,1,,,VNMOG2026010214381357793,TOPPINGS NƯỚC SIZE M,0,14,VNMOD20260128094817012683,💜Hạt Nổ Khoai Môn,30000,1
VNITE20251210014836134023,Matcha Đá Xay,VNCAT2025121001483667045,MATCHA,89000,1,,,VNMOG2026010214381357793,TOPPINGS NƯỚC SIZE M,0,14,VNMOD20260102143813118751,🍮Kem Flan,50000,1
VNITE20251210014836134023,Matcha Đá Xay,VNCAT2025121001483667045,MATCHA,89000,1,,,VNMOG2026010214381357793,TOPPINGS NƯỚC SIZE M,0,14,VNMOD20260102143813120730,🧂Kem Muối,15000,1
VNITE20251210014836163674,Matcha Đậu Đỏ,VNCAT2025121001483667045,MATCHA,141000,1,,,VNMOG2026053119273172949,LOẠI SỮA,1,1,VNMOD20260531192731014737,🥛Sữa Tươi Không Đường,0,1
VNITE20251210014836163674,Matcha Đậu Đỏ,VNCAT2025121001483667045,MATCHA,141000,1,,,VNMOG2026053119273172949,LOẠI SỮA,1,1,VNMOD20260531192731021617,🥤Sữa Yến Mạch Oatside,18000,1
VNITE20251210014836163674,Matcha Đậu Đỏ,VNCAT2025121001483667045,MATCHA,141000,1,,,VNMOG2026040205120434503,TRÂN CHÂU HẠT NỔ SIZE M,0,7,VNMOD20260509171054013175,🍈Trân Châu Nổ Dưa Lưới M,25000,1
VNITE20251210014836163674,Matcha Đậu Đỏ,VNCAT2025121001483667045,MATCHA,141000,1,,,VNMOG2026040205120434503,TRÂN CHÂU HẠT NỔ SIZE M,0,7,VNMOD20260509171054029404,🥝Trân Châu Nổ Kiwi M,25000,1
VNITE20251210014836163674,Matcha Đậu Đỏ,VNCAT2025121001483667045,MATCHA,141000,1,,,VNMOG2026040205120434503,TRÂN CHÂU HẠT NỔ SIZE M,0,7,VNMOD20260402051204015377,🍇Trân Châu Nổ Nho M,25000,1
VNITE20251210014836163674,Matcha Đậu Đỏ,VNCAT2025121001483667045,MATCHA,141000,1,,,VNMOG2026040205120434503,TRÂN CHÂU HẠT NỔ SIZE M,0,7,VNMOD20260402051204027788,🫐Trân Châu Nổ Việt Quất M,25000,1
VNITE20251210014836163674,Matcha Đậu Đỏ,VNCAT2025121001483667045,MATCHA,141000,1,,,VNMOG2026040205120434503,TRÂN CHÂU HẠT NỔ SIZE M,0,7,VNMOD20260402051204039633,🍓Trân Châu Nổ Dâu Tây M,25000,1
VNITE20251210014836163674,Matcha Đậu Đỏ,VNCAT2025121001483667045,MATCHA,141000,1,,,VNMOG2026040205120434503,TRÂN CHÂU HẠT NỔ SIZE M,0,7,VNMOD20260402051204042483,🍑Trân Châu Nổ Đào M,25000,1
VNITE20251210014836163674,Matcha Đậu Đỏ,VNCAT2025121001483667045,MATCHA,141000,1,,,VNMOG2026040205120434503,TRÂN CHÂU HẠT NỔ SIZE M,0,7,VNMOD20260402051204050121,🫙Trân Châu Nổ Sữa Chua M,25000,1
VNITE20251210014836163674,Matcha Đậu Đỏ,VNCAT2025121001483667045,MATCHA,141000,1,,,VNMOG2026020119173846534,ĐỂ TRỌN VỊ NGON (ĐỪNG CHỌN NHÉ),0,1,VNMOD20260201191738014297,Ngon nhất khi dùng trong 2 giờ đầu,0,1
VNITE20251210014836163674,Matcha Đậu Đỏ,VNCAT2025121001483667045,MATCHA,141000,1,,,VNMOG2026020119173846534,ĐỂ TRỌN VỊ NGON (ĐỪNG CHỌN NHÉ),0,1,VNMOD20260201191738027869,Giữ lạnh khi chưa sử dụng,0,1
VNITE20251210014836163674,Matcha Đậu Đỏ,VNCAT2025121001483667045,MATCHA,141000,1,,,VNMOG2026010213175723002,MỨC ĐÁ,1,1,VNMOD20260102131757039130,0% Đá,0,1
VNITE20251210014836163674,Matcha Đậu Đỏ,VNCAT2025121001483667045,MATCHA,141000,1,,,VNMOG2026010213175723002,MỨC ĐÁ,1,1,VNMOD20260102131757021927,50% Đá,0,1
VNITE20251210014836163674,Matcha Đậu Đỏ,VNCAT2025121001483667045,MATCHA,141000,1,,,VNMOG2026010213175723002,MỨC ĐÁ,1,1,VNMOD20260102131757017020,100% Đá,0,1
VNITE20251210014836163674,Matcha Đậu Đỏ,VNCAT2025121001483667045,MATCHA,141000,1,,,VNMOG2026010213175723002,MỨC ĐÁ,1,1,VNMOD20260102131757048225,Đá Riêng Đựng Túi Zip,5000,1
VNITE20251210014836163674,Matcha Đậu Đỏ,VNCAT2025121001483667045,MATCHA,141000,1,,,VNMOG2026010214381357793,TOPPINGS NƯỚC SIZE M,0,14,VNMOD20260728120859016081,🏐Nhãn Nhục,40000,1
VNITE20251210014836163674,Matcha Đậu Đỏ,VNCAT2025121001483667045,MATCHA,141000,1,,,VNMOG2026010214381357793,TOPPINGS NƯỚC SIZE M,0,14,VNMOD20260728120859024399,🍄Nấm Tuyết,30000,1
VNITE20251210014836163674,Matcha Đậu Đỏ,VNCAT2025121001483667045,MATCHA,141000,1,,,VNMOG2026010214381357793,TOPPINGS NƯỚC SIZE M,0,14,VNMOD20260728120859035219,🫗Nhựa Đào,30000,1
VNITE20251210014836163674,Matcha Đậu Đỏ,VNCAT2025121001483667045,MATCHA,141000,1,,,VNMOG2026010214381357793,TOPPINGS NƯỚC SIZE M,0,14,VNMOD20260525094214016070,🌼Vàng Lá,20000,1
VNITE20251210014836163674,Matcha Đậu Đỏ,VNCAT2025121001483667045,MATCHA,141000,1,,,VNMOG2026010214381357793,TOPPINGS NƯỚC SIZE M,0,14,VNMOD20260525094214029352,🍭Kẹo Mút Xốp,20000,1
VNITE20251210014836163674,Matcha Đậu Đỏ,VNCAT2025121001483667045,MATCHA,141000,1,,,VNMOG2026010214381357793,TOPPINGS NƯỚC SIZE M,0,14,VNMOD20260520121848014884,☕️Thạch Cafe,15000,1
VNITE20251210014836163674,Matcha Đậu Đỏ,VNCAT2025121001483667045,MATCHA,141000,1,,,VNMOG2026010214381357793,TOPPINGS NƯỚC SIZE M,0,14,VNMOD20260509171133012746,🍑Thạch Dừa Vị Đào,15000,1
VNITE20251210014836163674,Matcha Đậu Đỏ,VNCAT2025121001483667045,MATCHA,141000,1,,,VNMOG2026010214381357793,TOPPINGS NƯỚC SIZE M,0,14,VNMOD20260509171133025336,🩶Hạt Chia,10000,1
VNITE20251210014836163674,Matcha Đậu Đỏ,VNCAT2025121001483667045,MATCHA,141000,1,,,VNMOG2026010214381357793,TOPPINGS NƯỚC SIZE M,0,14,VNMOD20260520121848024526,🍑Mochi Đào,30000,1
VNITE20251210014836163674,Matcha Đậu Đỏ,VNCAT2025121001483667045,MATCHA,141000,1,,,VNMOG2026010214381357793,TOPPINGS NƯỚC SIZE M,0,14,VNMOD20260102143813012309,⚪️Khúc Bạch,30000,1
VNITE20251210014836163674,Matcha Đậu Đỏ,VNCAT2025121001483667045,MATCHA,141000,1,,,VNMOG2026010214381357793,TOPPINGS NƯỚC SIZE M,0,14,VNMOD20260102143813021051,🖤Sương Sáo,15000,1
VNITE20251210014836163674,Matcha Đậu Đỏ,VNCAT2025121001483667045,MATCHA,141000,1,,,VNMOG2026010214381357793,TOPPINGS NƯỚC SIZE M,0,14,VNMOD20260102143813035207,🍵Thạch Matcha,15000,1
VNITE20251210014836163674,Matcha Đậu Đỏ,VNCAT2025121001483667045,MATCHA,141000,1,,,VNMOG2026010214381357793,TOPPINGS NƯỚC SIZE M,0,14,VNMOD20260102143813047639,🍀Thạch Nha Đam,20000,1
VNITE20251210014836163674,Matcha Đậu Đỏ,VNCAT2025121001483667045,MATCHA,141000,1,,,VNMOG2026010214381357793,TOPPINGS NƯỚC SIZE M,0,14,VNMOD20260102143813069685,🫧Trân Châu Trắng,15000,1
VNITE20251210014836163674,Matcha Đậu Đỏ,VNCAT2025121001483667045,MATCHA,141000,1,,,VNMOG2026010214381357793,TOPPINGS NƯỚC SIZE M,0,14,VNMOD20260128094817012683,💜Hạt Nổ Khoai Môn,30000,1
VNITE20251210014836163674,Matcha Đậu Đỏ,VNCAT2025121001483667045,MATCHA,141000,1,,,VNMOG2026010214381357793,TOPPINGS NƯỚC SIZE M,0,14,VNMOD20260102143813118751,🍮Kem Flan,50000,1
VNITE20251210014836163674,Matcha Đậu Đỏ,VNCAT2025121001483667045,MATCHA,141000,1,,,VNMOG2026010214381357793,TOPPINGS NƯỚC SIZE M,0,14,VNMOD20260102143813120730,🧂Kem Muối,15000,1
VNITE20251210014836156566,Matcha Gạo Rang Lá Dứa,VNCAT2025121001483667045,MATCHA,69000,1,,,VNMOG2026020119173846534,ĐỂ TRỌN VỊ NGON (ĐỪNG CHỌN NHÉ),0,1,VNMOD20260201191738014297,Ngon nhất khi dùng trong 2 giờ đầu,0,1
VNITE20251210014836156566,Matcha Gạo Rang Lá Dứa,VNCAT2025121001483667045,MATCHA,69000,1,,,VNMOG2026020119173846534,ĐỂ TRỌN VỊ NGON (ĐỪNG CHỌN NHÉ),0,1,VNMOD20260201191738027869,Giữ lạnh khi chưa sử dụng,0,1
VNITE20251210014836156566,Matcha Gạo Rang Lá Dứa,VNCAT2025121001483667045,MATCHA,69000,1,,,VNMOG2026040205120434503,TRÂN CHÂU HẠT NỔ SIZE M,0,7,VNMOD20260509171054013175,🍈Trân Châu Nổ Dưa Lưới M,25000,1
VNITE20251210014836156566,Matcha Gạo Rang Lá Dứa,VNCAT2025121001483667045,MATCHA,69000,1,,,VNMOG2026040205120434503,TRÂN CHÂU HẠT NỔ SIZE M,0,7,VNMOD20260509171054029404,🥝Trân Châu Nổ Kiwi M,25000,1
VNITE20251210014836156566,Matcha Gạo Rang Lá Dứa,VNCAT2025121001483667045,MATCHA,69000,1,,,VNMOG2026040205120434503,TRÂN CHÂU HẠT NỔ SIZE M,0,7,VNMOD20260402051204015377,🍇Trân Châu Nổ Nho M,25000,1
VNITE20251210014836156566,Matcha Gạo Rang Lá Dứa,VNCAT2025121001483667045,MATCHA,69000,1,,,VNMOG2026040205120434503,TRÂN CHÂU HẠT NỔ SIZE M,0,7,VNMOD20260402051204027788,🫐Trân Châu Nổ Việt Quất M,25000,1
VNITE20251210014836156566,Matcha Gạo Rang Lá Dứa,VNCAT2025121001483667045,MATCHA,69000,1,,,VNMOG2026040205120434503,TRÂN CHÂU HẠT NỔ SIZE M,0,7,VNMOD20260402051204039633,🍓Trân Châu Nổ Dâu Tây M,25000,1
VNITE20251210014836156566,Matcha Gạo Rang Lá Dứa,VNCAT2025121001483667045,MATCHA,69000,1,,,VNMOG2026040205120434503,TRÂN CHÂU HẠT NỔ SIZE M,0,7,VNMOD20260402051204042483,🍑Trân Châu Nổ Đào M,25000,1
VNITE20251210014836156566,Matcha Gạo Rang Lá Dứa,VNCAT2025121001483667045,MATCHA,69000,1,,,VNMOG2026040205120434503,TRÂN CHÂU HẠT NỔ SIZE M,0,7,VNMOD20260402051204050121,🫙Trân Châu Nổ Sữa Chua M,25000,1
VNITE20251210014836156566,Matcha Gạo Rang Lá Dứa,VNCAT2025121001483667045,MATCHA,69000,1,,,VNMOG2026010213175723002,MỨC ĐÁ,1,1,VNMOD20260102131757039130,0% Đá,0,1
VNITE20251210014836156566,Matcha Gạo Rang Lá Dứa,VNCAT2025121001483667045,MATCHA,69000,1,,,VNMOG2026010213175723002,MỨC ĐÁ,1,1,VNMOD20260102131757021927,50% Đá,0,1
VNITE20251210014836156566,Matcha Gạo Rang Lá Dứa,VNCAT2025121001483667045,MATCHA,69000,1,,,VNMOG2026010213175723002,MỨC ĐÁ,1,1,VNMOD20260102131757017020,100% Đá,0,1
VNITE20251210014836156566,Matcha Gạo Rang Lá Dứa,VNCAT2025121001483667045,MATCHA,69000,1,,,VNMOG2026010213175723002,MỨC ĐÁ,1,1,VNMOD20260102131757048225,Đá Riêng Đựng Túi Zip,5000,1
VNITE20251210014836156566,Matcha Gạo Rang Lá Dứa,VNCAT2025121001483667045,MATCHA,69000,1,,,VNMOG2026010214381357793,TOPPINGS NƯỚC SIZE M,0,14,VNMOD20260728120859016081,🏐Nhãn Nhục,40000,1
VNITE20251210014836156566,Matcha Gạo Rang Lá Dứa,VNCAT2025121001483667045,MATCHA,69000,1,,,VNMOG2026010214381357793,TOPPINGS NƯỚC SIZE M,0,14,VNMOD20260728120859024399,🍄Nấm Tuyết,30000,1
VNITE20251210014836156566,Matcha Gạo Rang Lá Dứa,VNCAT2025121001483667045,MATCHA,69000,1,,,VNMOG2026010214381357793,TOPPINGS NƯỚC SIZE M,0,14,VNMOD20260728120859035219,🫗Nhựa Đào,30000,1
VNITE20251210014836156566,Matcha Gạo Rang Lá Dứa,VNCAT2025121001483667045,MATCHA,69000,1,,,VNMOG2026010214381357793,TOPPINGS NƯỚC SIZE M,0,14,VNMOD20260525094214016070,🌼Vàng Lá,20000,1
VNITE20251210014836156566,Matcha Gạo Rang Lá Dứa,VNCAT2025121001483667045,MATCHA,69000,1,,,VNMOG2026010214381357793,TOPPINGS NƯỚC SIZE M,0,14,VNMOD20260525094214029352,🍭Kẹo Mút Xốp,20000,1
VNITE20251210014836156566,Matcha Gạo Rang Lá Dứa,VNCAT2025121001483667045,MATCHA,69000,1,,,VNMOG2026010214381357793,TOPPINGS NƯỚC SIZE M,0,14,VNMOD20260520121848014884,☕️Thạch Cafe,15000,1
VNITE20251210014836156566,Matcha Gạo Rang Lá Dứa,VNCAT2025121001483667045,MATCHA,69000,1,,,VNMOG2026010214381357793,TOPPINGS NƯỚC SIZE M,0,14,VNMOD20260509171133012746,🍑Thạch Dừa Vị Đào,15000,1
VNITE20251210014836156566,Matcha Gạo Rang Lá Dứa,VNCAT2025121001483667045,MATCHA,69000,1,,,VNMOG2026010214381357793,TOPPINGS NƯỚC SIZE M,0,14,VNMOD20260509171133025336,🩶Hạt Chia,10000,1
VNITE20251210014836156566,Matcha Gạo Rang Lá Dứa,VNCAT2025121001483667045,MATCHA,69000,1,,,VNMOG2026010214381357793,TOPPINGS NƯỚC SIZE M,0,14,VNMOD20260520121848024526,🍑Mochi Đào,30000,1
VNITE20251210014836156566,Matcha Gạo Rang Lá Dứa,VNCAT2025121001483667045,MATCHA,69000,1,,,VNMOG2026010214381357793,TOPPINGS NƯỚC SIZE M,0,14,VNMOD20260102143813012309,⚪️Khúc Bạch,30000,1
VNITE20251210014836156566,Matcha Gạo Rang Lá Dứa,VNCAT2025121001483667045,MATCHA,69000,1,,,VNMOG2026010214381357793,TOPPINGS NƯỚC SIZE M,0,14,VNMOD20260102143813021051,🖤Sương Sáo,15000,1
VNITE20251210014836156566,Matcha Gạo Rang Lá Dứa,VNCAT2025121001483667045,MATCHA,69000,1,,,VNMOG2026010214381357793,TOPPINGS NƯỚC SIZE M,0,14,VNMOD20260102143813035207,🍵Thạch Matcha,15000,1
VNITE20251210014836156566,Matcha Gạo Rang Lá Dứa,VNCAT2025121001483667045,MATCHA,69000,1,,,VNMOG2026010214381357793,TOPPINGS NƯỚC SIZE M,0,14,VNMOD20260102143813047639,🍀Thạch Nha Đam,20000,1
VNITE20251210014836156566,Matcha Gạo Rang Lá Dứa,VNCAT2025121001483667045,MATCHA,69000,1,,,VNMOG2026010214381357793,TOPPINGS NƯỚC SIZE M,0,14,VNMOD20260102143813069685,🫧Trân Châu Trắng,15000,1
VNITE20251210014836156566,Matcha Gạo Rang Lá Dứa,VNCAT2025121001483667045,MATCHA,69000,1,,,VNMOG2026010214381357793,TOPPINGS NƯỚC SIZE M,0,14,VNMOD20260128094817012683,💜Hạt Nổ Khoai Môn,30000,1
VNITE20251210014836156566,Matcha Gạo Rang Lá Dứa,VNCAT2025121001483667045,MATCHA,69000,1,,,VNMOG2026010214381357793,TOPPINGS NƯỚC SIZE M,0,14,VNMOD20260102143813118751,🍮Kem Flan,50000,1
VNITE20251210014836156566,Matcha Gạo Rang Lá Dứa,VNCAT2025121001483667045,MATCHA,69000,1,,,VNMOG2026010214381357793,TOPPINGS NƯỚC SIZE M,0,14,VNMOD20260102143813120730,🧂Kem Muối,15000,1
VNITE20251210014836117542,Matcha Latte,VNCAT2025121001483667045,MATCHA,69000,1,,,VNMOG2026053119273172949,LOẠI SỮA,1,1,VNMOD20260531192731014737,🥛Sữa Tươi Không Đường,0,1
VNITE20251210014836117542,Matcha Latte,VNCAT2025121001483667045,MATCHA,69000,1,,,VNMOG2026053119273172949,LOẠI SỮA,1,1,VNMOD20260531192731021617,🥤Sữa Yến Mạch Oatside,18000,1
VNITE20251210014836117542,Matcha Latte,VNCAT2025121001483667045,MATCHA,69000,1,,,VNMOG2026040205120434503,TRÂN CHÂU HẠT NỔ SIZE M,0,7,VNMOD20260509171054013175,🍈Trân Châu Nổ Dưa Lưới M,25000,1
VNITE20251210014836117542,Matcha Latte,VNCAT2025121001483667045,MATCHA,69000,1,,,VNMOG2026040205120434503,TRÂN CHÂU HẠT NỔ SIZE M,0,7,VNMOD20260509171054029404,🥝Trân Châu Nổ Kiwi M,25000,1
VNITE20251210014836117542,Matcha Latte,VNCAT2025121001483667045,MATCHA,69000,1,,,VNMOG2026040205120434503,TRÂN CHÂU HẠT NỔ SIZE M,0,7,VNMOD20260402051204015377,🍇Trân Châu Nổ Nho M,25000,1
VNITE20251210014836117542,Matcha Latte,VNCAT2025121001483667045,MATCHA,69000,1,,,VNMOG2026040205120434503,TRÂN CHÂU HẠT NỔ SIZE M,0,7,VNMOD20260402051204027788,🫐Trân Châu Nổ Việt Quất M,25000,1
VNITE20251210014836117542,Matcha Latte,VNCAT2025121001483667045,MATCHA,69000,1,,,VNMOG2026040205120434503,TRÂN CHÂU HẠT NỔ SIZE M,0,7,VNMOD20260402051204039633,🍓Trân Châu Nổ Dâu Tây M,25000,1
VNITE20251210014836117542,Matcha Latte,VNCAT2025121001483667045,MATCHA,69000,1,,,VNMOG2026040205120434503,TRÂN CHÂU HẠT NỔ SIZE M,0,7,VNMOD20260402051204042483,🍑Trân Châu Nổ Đào M,25000,1
VNITE20251210014836117542,Matcha Latte,VNCAT2025121001483667045,MATCHA,69000,1,,,VNMOG2026040205120434503,TRÂN CHÂU HẠT NỔ SIZE M,0,7,VNMOD20260402051204050121,🫙Trân Châu Nổ Sữa Chua M,25000,1
VNITE20251210014836117542,Matcha Latte,VNCAT2025121001483667045,MATCHA,69000,1,,,VNMOG2026020119173846534,ĐỂ TRỌN VỊ NGON (ĐỪNG CHỌN NHÉ),0,1,VNMOD20260201191738014297,Ngon nhất khi dùng trong 2 giờ đầu,0,1
VNITE20251210014836117542,Matcha Latte,VNCAT2025121001483667045,MATCHA,69000,1,,,VNMOG2026020119173846534,ĐỂ TRỌN VỊ NGON (ĐỪNG CHỌN NHÉ),0,1,VNMOD20260201191738027869,Giữ lạnh khi chưa sử dụng,0,1
VNITE20251210014836117542,Matcha Latte,VNCAT2025121001483667045,MATCHA,69000,1,,,VNMOG2026010213175723002,MỨC ĐÁ,1,1,VNMOD20260102131757039130,0% Đá,0,1
VNITE20251210014836117542,Matcha Latte,VNCAT2025121001483667045,MATCHA,69000,1,,,VNMOG2026010213175723002,MỨC ĐÁ,1,1,VNMOD20260102131757021927,50% Đá,0,1
VNITE20251210014836117542,Matcha Latte,VNCAT2025121001483667045,MATCHA,69000,1,,,VNMOG2026010213175723002,MỨC ĐÁ,1,1,VNMOD20260102131757017020,100% Đá,0,1
VNITE20251210014836117542,Matcha Latte,VNCAT2025121001483667045,MATCHA,69000,1,,,VNMOG2026010213175723002,MỨC ĐÁ,1,1,VNMOD20260102131757048225,Đá Riêng Đựng Túi Zip,5000,1
VNITE20251210014836117542,Matcha Latte,VNCAT2025121001483667045,MATCHA,69000,1,,,VNMOG2026010214381357793,TOPPINGS NƯỚC SIZE M,0,14,VNMOD20260728120859016081,🏐Nhãn Nhục,40000,1
VNITE20251210014836117542,Matcha Latte,VNCAT2025121001483667045,MATCHA,69000,1,,,VNMOG2026010214381357793,TOPPINGS NƯỚC SIZE M,0,14,VNMOD20260728120859024399,🍄Nấm Tuyết,30000,1
VNITE20251210014836117542,Matcha Latte,VNCAT2025121001483667045,MATCHA,69000,1,,,VNMOG2026010214381357793,TOPPINGS NƯỚC SIZE M,0,14,VNMOD20260728120859035219,🫗Nhựa Đào,30000,1
VNITE20251210014836117542,Matcha Latte,VNCAT2025121001483667045,MATCHA,69000,1,,,VNMOG2026010214381357793,TOPPINGS NƯỚC SIZE M,0,14,VNMOD20260525094214016070,🌼Vàng Lá,20000,1
VNITE20251210014836117542,Matcha Latte,VNCAT2025121001483667045,MATCHA,69000,1,,,VNMOG2026010214381357793,TOPPINGS NƯỚC SIZE M,0,14,VNMOD20260525094214029352,🍭Kẹo Mút Xốp,20000,1
VNITE20251210014836117542,Matcha Latte,VNCAT2025121001483667045,MATCHA,69000,1,,,VNMOG2026010214381357793,TOPPINGS NƯỚC SIZE M,0,14,VNMOD20260520121848014884,☕️Thạch Cafe,15000,1
VNITE20251210014836117542,Matcha Latte,VNCAT2025121001483667045,MATCHA,69000,1,,,VNMOG2026010214381357793,TOPPINGS NƯỚC SIZE M,0,14,VNMOD20260509171133012746,🍑Thạch Dừa Vị Đào,15000,1
VNITE20251210014836117542,Matcha Latte,VNCAT2025121001483667045,MATCHA,69000,1,,,VNMOG2026010214381357793,TOPPINGS NƯỚC SIZE M,0,14,VNMOD20260509171133025336,🩶Hạt Chia,10000,1
VNITE20251210014836117542,Matcha Latte,VNCAT2025121001483667045,MATCHA,69000,1,,,VNMOG2026010214381357793,TOPPINGS NƯỚC SIZE M,0,14,VNMOD20260520121848024526,🍑Mochi Đào,30000,1
VNITE20251210014836117542,Matcha Latte,VNCAT2025121001483667045,MATCHA,69000,1,,,VNMOG2026010214381357793,TOPPINGS NƯỚC SIZE M,0,14,VNMOD20260102143813012309,⚪️Khúc Bạch,30000,1
VNITE20251210014836117542,Matcha Latte,VNCAT2025121001483667045,MATCHA,69000,1,,,VNMOG2026010214381357793,TOPPINGS NƯỚC SIZE M,0,14,VNMOD20260102143813021051,🖤Sương Sáo,15000,1
VNITE20251210014836117542,Matcha Latte,VNCAT2025121001483667045,MATCHA,69000,1,,,VNMOG2026010214381357793,TOPPINGS NƯỚC SIZE M,0,14,VNMOD20260102143813035207,🍵Thạch Matcha,15000,1
VNITE20251210014836117542,Matcha Latte,VNCAT2025121001483667045,MATCHA,69000,1,,,VNMOG2026010214381357793,TOPPINGS NƯỚC SIZE M,0,14,VNMOD20260102143813047639,🍀Thạch Nha Đam,20000,1
VNITE20251210014836117542,Matcha Latte,VNCAT2025121001483667045,MATCHA,69000,1,,,VNMOG2026010214381357793,TOPPINGS NƯỚC SIZE M,0,14,VNMOD20260102143813069685,🫧Trân Châu Trắng,15000,1
VNITE20251210014836117542,Matcha Latte,VNCAT2025121001483667045,MATCHA,69000,1,,,VNMOG2026010214381357793,TOPPINGS NƯỚC SIZE M,0,14,VNMOD20260128094817012683,💜Hạt Nổ Khoai Môn,30000,1
VNITE20251210014836117542,Matcha Latte,VNCAT2025121001483667045,MATCHA,69000,1,,,VNMOG2026010214381357793,TOPPINGS NƯỚC SIZE M,0,14,VNMOD20260102143813118751,🍮Kem Flan,50000,1
VNITE20251210014836117542,Matcha Latte,VNCAT2025121001483667045,MATCHA,69000,1,,,VNMOG2026010214381357793,TOPPINGS NƯỚC SIZE M,0,14,VNMOD20260102143813120730,🧂Kem Muối,15000,1
VNITE2026063018243927312,Nước Ép Táo-Thơm-Gừng (M),VNCAT2025121001483664914,NƯỚC ÉP TƯƠI,69000,1,,,VNMOG2026070821531067287,MỨC ĐÁ NƯỚC ÉP,1,1,VNMOD20260708215310010757,100% Đá,0,1
VNITE2026063018243927312,Nước Ép Táo-Thơm-Gừng (M),VNCAT2025121001483664914,NƯỚC ÉP TƯƠI,69000,1,,,VNMOG2026070821531067287,MỨC ĐÁ NƯỚC ÉP,1,1,VNMOD20260708215310026221,50% Đá,0,1
VNITE2026063018243927312,Nước Ép Táo-Thơm-Gừng (M),VNCAT2025121001483664914,NƯỚC ÉP TƯƠI,69000,1,,,VNMOG2026070821531067287,MỨC ĐÁ NƯỚC ÉP,1,1,VNMOD20260708215310039134,0% Đá (Đầy cốc nước ép),60000,1
VNITE2026063018243927312,Nước Ép Táo-Thơm-Gừng (M),VNCAT2025121001483664914,NƯỚC ÉP TƯƠI,69000,1,,,VNMOG2026070821531067287,MỨC ĐÁ NƯỚC ÉP,1,1,VNMOD20260708215310045870,Đá Riêng Đựng Túi Zip,5000,1
VNITE2026063018243927312,Nước Ép Táo-Thơm-Gừng (M),VNCAT2025121001483664914,NƯỚC ÉP TƯƠI,69000,1,,,VNMOG2026010214381357793,TOPPINGS NƯỚC SIZE M,0,14,VNMOD20260728120859016081,🏐Nhãn Nhục,40000,1
VNITE2026063018243927312,Nước Ép Táo-Thơm-Gừng (M),VNCAT2025121001483664914,NƯỚC ÉP TƯƠI,69000,1,,,VNMOG2026010214381357793,TOPPINGS NƯỚC SIZE M,0,14,VNMOD20260728120859024399,🍄Nấm Tuyết,30000,1
VNITE2026063018243927312,Nước Ép Táo-Thơm-Gừng (M),VNCAT2025121001483664914,NƯỚC ÉP TƯƠI,69000,1,,,VNMOG2026010214381357793,TOPPINGS NƯỚC SIZE M,0,14,VNMOD20260728120859035219,🫗Nhựa Đào,30000,1
VNITE2026063018243927312,Nước Ép Táo-Thơm-Gừng (M),VNCAT2025121001483664914,NƯỚC ÉP TƯƠI,69000,1,,,VNMOG2026010214381357793,TOPPINGS NƯỚC SIZE M,0,14,VNMOD20260525094214016070,🌼Vàng Lá,20000,1
VNITE2026063018243927312,Nước Ép Táo-Thơm-Gừng (M),VNCAT2025121001483664914,NƯỚC ÉP TƯƠI,69000,1,,,VNMOG2026010214381357793,TOPPINGS NƯỚC SIZE M,0,14,VNMOD20260525094214029352,🍭Kẹo Mút Xốp,20000,1
VNITE2026063018243927312,Nước Ép Táo-Thơm-Gừng (M),VNCAT2025121001483664914,NƯỚC ÉP TƯƠI,69000,1,,,VNMOG2026010214381357793,TOPPINGS NƯỚC SIZE M,0,14,VNMOD20260520121848014884,☕️Thạch Cafe,15000,1
VNITE2026063018243927312,Nước Ép Táo-Thơm-Gừng (M),VNCAT2025121001483664914,NƯỚC ÉP TƯƠI,69000,1,,,VNMOG2026010214381357793,TOPPINGS NƯỚC SIZE M,0,14,VNMOD20260509171133012746,🍑Thạch Dừa Vị Đào,15000,1
VNITE2026063018243927312,Nước Ép Táo-Thơm-Gừng (M),VNCAT2025121001483664914,NƯỚC ÉP TƯƠI,69000,1,,,VNMOG2026010214381357793,TOPPINGS NƯỚC SIZE M,0,14,VNMOD20260509171133025336,🩶Hạt Chia,10000,1
VNITE2026063018243927312,Nước Ép Táo-Thơm-Gừng (M),VNCAT2025121001483664914,NƯỚC ÉP TƯƠI,69000,1,,,VNMOG2026010214381357793,TOPPINGS NƯỚC SIZE M,0,14,VNMOD20260520121848024526,🍑Mochi Đào,30000,1
VNITE2026063018243927312,Nước Ép Táo-Thơm-Gừng (M),VNCAT2025121001483664914,NƯỚC ÉP TƯƠI,69000,1,,,VNMOG2026010214381357793,TOPPINGS NƯỚC SIZE M,0,14,VNMOD20260102143813012309,⚪️Khúc Bạch,30000,1
VNITE2026063018243927312,Nước Ép Táo-Thơm-Gừng (M),VNCAT2025121001483664914,NƯỚC ÉP TƯƠI,69000,1,,,VNMOG2026010214381357793,TOPPINGS NƯỚC SIZE M,0,14,VNMOD20260102143813021051,🖤Sương Sáo,15000,1
VNITE2026063018243927312,Nước Ép Táo-Thơm-Gừng (M),VNCAT2025121001483664914,NƯỚC ÉP TƯƠI,69000,1,,,VNMOG2026010214381357793,TOPPINGS NƯỚC SIZE M,0,14,VNMOD20260102143813035207,🍵Thạch Matcha,15000,1
VNITE2026063018243927312,Nước Ép Táo-Thơm-Gừng (M),VNCAT2025121001483664914,NƯỚC ÉP TƯƠI,69000,1,,,VNMOG2026010214381357793,TOPPINGS NƯỚC SIZE M,0,14,VNMOD20260102143813047639,🍀Thạch Nha Đam,20000,1
VNITE2026063018243927312,Nước Ép Táo-Thơm-Gừng (M),VNCAT2025121001483664914,NƯỚC ÉP TƯƠI,69000,1,,,VNMOG2026010214381357793,TOPPINGS NƯỚC SIZE M,0,14,VNMOD20260102143813069685,🫧Trân Châu Trắng,15000,1
VNITE2026063018243927312,Nước Ép Táo-Thơm-Gừng (M),VNCAT2025121001483664914,NƯỚC ÉP TƯƠI,69000,1,,,VNMOG2026010214381357793,TOPPINGS NƯỚC SIZE M,0,14,VNMOD20260128094817012683,💜Hạt Nổ Khoai Môn,30000,1
VNITE2026063018243927312,Nước Ép Táo-Thơm-Gừng (M),VNCAT2025121001483664914,NƯỚC ÉP TƯƠI,69000,1,,,VNMOG2026010214381357793,TOPPINGS NƯỚC SIZE M,0,14,VNMOD20260102143813118751,🍮Kem Flan,50000,1
VNITE2026063018243927312,Nước Ép Táo-Thơm-Gừng (M),VNCAT2025121001483664914,NƯỚC ÉP TƯƠI,69000,1,,,VNMOG2026010214381357793,TOPPINGS NƯỚC SIZE M,0,14,VNMOD20260102143813120730,🧂Kem Muối,15000,1
VNITE2026063018243927312,Nước Ép Táo-Thơm-Gừng (M),VNCAT2025121001483664914,NƯỚC ÉP TƯƠI,69000,1,,,VNMOG2026040205120434503,TRÂN CHÂU HẠT NỔ SIZE M,0,7,VNMOD20260509171054013175,🍈Trân Châu Nổ Dưa Lưới M,25000,1
VNITE2026063018243927312,Nước Ép Táo-Thơm-Gừng (M),VNCAT2025121001483664914,NƯỚC ÉP TƯƠI,69000,1,,,VNMOG2026040205120434503,TRÂN CHÂU HẠT NỔ SIZE M,0,7,VNMOD20260509171054029404,🥝Trân Châu Nổ Kiwi M,25000,1
VNITE2026063018243927312,Nước Ép Táo-Thơm-Gừng (M),VNCAT2025121001483664914,NƯỚC ÉP TƯƠI,69000,1,,,VNMOG2026040205120434503,TRÂN CHÂU HẠT NỔ SIZE M,0,7,VNMOD20260402051204015377,🍇Trân Châu Nổ Nho M,25000,1
VNITE2026063018243927312,Nước Ép Táo-Thơm-Gừng (M),VNCAT2025121001483664914,NƯỚC ÉP TƯƠI,69000,1,,,VNMOG2026040205120434503,TRÂN CHÂU HẠT NỔ SIZE M,0,7,VNMOD20260402051204027788,🫐Trân Châu Nổ Việt Quất M,25000,1
VNITE2026063018243927312,Nước Ép Táo-Thơm-Gừng (M),VNCAT2025121001483664914,NƯỚC ÉP TƯƠI,69000,1,,,VNMOG2026040205120434503,TRÂN CHÂU HẠT NỔ SIZE M,0,7,VNMOD20260402051204039633,🍓Trân Châu Nổ Dâu Tây M,25000,1
VNITE2026063018243927312,Nước Ép Táo-Thơm-Gừng (M),VNCAT2025121001483664914,NƯỚC ÉP TƯƠI,69000,1,,,VNMOG2026040205120434503,TRÂN CHÂU HẠT NỔ SIZE M,0,7,VNMOD20260402051204042483,🍑Trân Châu Nổ Đào M,25000,1
VNITE2026063018243927312,Nước Ép Táo-Thơm-Gừng (M),VNCAT2025121001483664914,NƯỚC ÉP TƯƠI,69000,1,,,VNMOG2026040205120434503,TRÂN CHÂU HẠT NỔ SIZE M,0,7,VNMOD20260402051204050121,🫙Trân Châu Nổ Sữa Chua M,25000,1
VNITE2026063018243927312,Nước Ép Táo-Thơm-Gừng (M),VNCAT2025121001483664914,NƯỚC ÉP TƯƠI,69000,1,,,VNMOG2026063019181553559,ĐƯỜNG NƯỚC ÉP,1,1,VNMOD20260630191815017504,0% đường,0,1
VNITE2026063018243927312,Nước Ép Táo-Thơm-Gừng (M),VNCAT2025121001483664914,NƯỚC ÉP TƯƠI,69000,1,,,VNMOG2026063019181553559,ĐƯỜNG NƯỚC ÉP,1,1,VNMOD20260630191815024315,Hũ Đường Nước Riêng,0,1
VNITE2026063018243927312,Nước Ép Táo-Thơm-Gừng (M),VNCAT2025121001483664914,NƯỚC ÉP TƯƠI,69000,1,,,VNMOG2026063019181553559,ĐƯỜNG NƯỚC ÉP,1,1,VNMOD20260630191815033508,Đường Ăn Kiêng,5000,1
VNITE2026063018244910819,Nước Ép Táo-Thơm-Gừng (L),VNCAT2025121001483664914,NƯỚC ÉP TƯƠI,89000,1,,,VNMOG2026063019062792408,TOPPINGS NƯỚC SIZE L,0,14,VNMOD20260728120958018426,🫗Nhựa Đào,40000,1
VNITE2026063018244910819,Nước Ép Táo-Thơm-Gừng (L),VNCAT2025121001483664914,NƯỚC ÉP TƯƠI,89000,1,,,VNMOG2026063019062792408,TOPPINGS NƯỚC SIZE L,0,14,VNMOD20260728120958024241,🍄Nấm Tuyết,40000,1
VNITE2026063018244910819,Nước Ép Táo-Thơm-Gừng (L),VNCAT2025121001483664914,NƯỚC ÉP TƯƠI,89000,1,,,VNMOG2026063019062792408,TOPPINGS NƯỚC SIZE L,0,14,VNMOD20260728120958033950,🏐Nhãn Nhục,50000,1
VNITE2026063018244910819,Nước Ép Táo-Thơm-Gừng (L),VNCAT2025121001483664914,NƯỚC ÉP TƯƠI,89000,1,,,VNMOG2026063019062792408,TOPPINGS NƯỚC SIZE L,0,14,VNMOD20260630190628016741,🌼Vàng Lá,20000,1
VNITE2026063018244910819,Nước Ép Táo-Thơm-Gừng (L),VNCAT2025121001483664914,NƯỚC ÉP TƯƠI,89000,1,,,VNMOG2026063019062792408,TOPPINGS NƯỚC SIZE L,0,14,VNMOD20260630190628024121,🍭Kẹo Mút Xốp,20000,1
VNITE2026063018244910819,Nước Ép Táo-Thơm-Gừng (L),VNCAT2025121001483664914,NƯỚC ÉP TƯƠI,89000,1,,,VNMOG2026063019062792408,TOPPINGS NƯỚC SIZE L,0,14,VNMOD20260630190628033861,☕️Thạch Cafe,20000,1
VNITE2026063018244910819,Nước Ép Táo-Thơm-Gừng (L),VNCAT2025121001483664914,NƯỚC ÉP TƯƠI,89000,1,,,VNMOG2026063019062792408,TOPPINGS NƯỚC SIZE L,0,14,VNMOD20260630190628046181,🍑Thạch Dừa Vị Đào,20000,1
VNITE2026063018244910819,Nước Ép Táo-Thơm-Gừng (L),VNCAT2025121001483664914,NƯỚC ÉP TƯƠI,89000,1,,,VNMOG2026063019062792408,TOPPINGS NƯỚC SIZE L,0,14,VNMOD20260630190628057865,🩶Hạt Chia,15000,1
VNITE2026063018244910819,Nước Ép Táo-Thơm-Gừng (L),VNCAT2025121001483664914,NƯỚC ÉP TƯƠI,89000,1,,,VNMOG2026063019062792408,TOPPINGS NƯỚC SIZE L,0,14,VNMOD20260630190628062501,🍑Mochi Đào,30000,1
VNITE2026063018244910819,Nước Ép Táo-Thơm-Gừng (L),VNCAT2025121001483664914,NƯỚC ÉP TƯƠI,89000,1,,,VNMOG2026063019062792408,TOPPINGS NƯỚC SIZE L,0,14,VNMOD20260630190628075255,⚪️Khúc Bạch,35000,1
VNITE2026063018244910819,Nước Ép Táo-Thơm-Gừng (L),VNCAT2025121001483664914,NƯỚC ÉP TƯƠI,89000,1,,,VNMOG2026063019062792408,TOPPINGS NƯỚC SIZE L,0,14,VNMOD20260630190628086001,🖤Sương Sáo,20000,1
VNITE2026063018244910819,Nước Ép Táo-Thơm-Gừng (L),VNCAT2025121001483664914,NƯỚC ÉP TƯƠI,89000,1,,,VNMOG2026063019062792408,TOPPINGS NƯỚC SIZE L,0,14,VNMOD20260630190628097471,🍵Thạch Matcha,20000,1
VNITE2026063018244910819,Nước Ép Táo-Thơm-Gừng (L),VNCAT2025121001483664914,NƯỚC ÉP TƯƠI,89000,1,,,VNMOG2026063019062792408,TOPPINGS NƯỚC SIZE L,0,14,VNMOD20260630190628109200,🍀Thạch Nha Đam,25000,1
VNITE2026063018244910819,Nước Ép Táo-Thơm-Gừng (L),VNCAT2025121001483664914,NƯỚC ÉP TƯƠI,89000,1,,,VNMOG2026063019062792408,TOPPINGS NƯỚC SIZE L,0,14,VNMOD20260630190628119022,🧋Trân Châu Trắng,20000,1
VNITE2026063018244910819,Nước Ép Táo-Thơm-Gừng (L),VNCAT2025121001483664914,NƯỚC ÉP TƯƠI,89000,1,,,VNMOG2026063019062792408,TOPPINGS NƯỚC SIZE L,0,14,VNMOD20260630190628120791,💜Hạt Nổ Khoai Môn,40000,1
VNITE2026063018244910819,Nước Ép Táo-Thơm-Gừng (L),VNCAT2025121001483664914,NƯỚC ÉP TƯƠI,89000,1,,,VNMOG2026063019062792408,TOPPINGS NƯỚC SIZE L,0,14,VNMOD20260630190628134965,🍮Kem Flan,50000,1
VNITE2026063018244910819,Nước Ép Táo-Thơm-Gừng (L),VNCAT2025121001483664914,NƯỚC ÉP TƯƠI,89000,1,,,VNMOG2026063019062792408,TOPPINGS NƯỚC SIZE L,0,14,VNMOD20260630190628148911,🧂Kem Muối,20000,1
VNITE2026063018244910819,Nước Ép Táo-Thơm-Gừng (L),VNCAT2025121001483664914,NƯỚC ÉP TƯƠI,89000,1,,,VNMOG2026063018560291224,TRÂN CHÂU HẠT NỔ SIZE L,0,7,VNMOD20260630185602010509,🍈Trân Châu Nổ Dưa Lưới L,35000,1
VNITE2026063018244910819,Nước Ép Táo-Thơm-Gừng (L),VNCAT2025121001483664914,NƯỚC ÉP TƯƠI,89000,1,,,VNMOG2026063018560291224,TRÂN CHÂU HẠT NỔ SIZE L,0,7,VNMOD20260701203137011333,🍇Trân Châu Nổ Nho L,35000,1
VNITE2026063018244910819,Nước Ép Táo-Thơm-Gừng (L),VNCAT2025121001483664914,NƯỚC ÉP TƯƠI,89000,1,,,VNMOG2026063018560291224,TRÂN CHÂU HẠT NỔ SIZE L,0,7,VNMOD20260630185602024752,🫐Trân Châu Nổ Việt Quất L,35000,1
VNITE2026063018244910819,Nước Ép Táo-Thơm-Gừng (L),VNCAT2025121001483664914,NƯỚC ÉP TƯƠI,89000,1,,,VNMOG2026063018560291224,TRÂN CHÂU HẠT NỔ SIZE L,0,7,VNMOD20260630185602039482,🍓Trân Châu Nổ Dâu Tây L,35000,1
VNITE2026063018244910819,Nước Ép Táo-Thơm-Gừng (L),VNCAT2025121001483664914,NƯỚC ÉP TƯƠI,89000,1,,,VNMOG2026063018560291224,TRÂN CHÂU HẠT NỔ SIZE L,0,7,VNMOD20260701203137028578,🥝Trân Châu Nổ Kiwi L,35000,1
VNITE2026063018244910819,Nước Ép Táo-Thơm-Gừng (L),VNCAT2025121001483664914,NƯỚC ÉP TƯƠI,89000,1,,,VNMOG2026063018560291224,TRÂN CHÂU HẠT NỔ SIZE L,0,7,VNMOD20260630185602041378,🍑Trân Châu Nổ Đào L,35000,1
VNITE2026063018244910819,Nước Ép Táo-Thơm-Gừng (L),VNCAT2025121001483664914,NƯỚC ÉP TƯƠI,89000,1,,,VNMOG2026063018560291224,TRÂN CHÂU HẠT NỔ SIZE L,0,7,VNMOD20260630185602051732,🫙Trân Châu Nổ Sữa Chua L,35000,1
VNITE2026063018244910819,Nước Ép Táo-Thơm-Gừng (L),VNCAT2025121001483664914,NƯỚC ÉP TƯƠI,89000,1,,,VNMOG2026070821565218046,MỨC ĐÁ NƯỚC ÉP,1,1,VNMOD20260708215652010796,100% Đá,0,1
VNITE2026063018244910819,Nước Ép Táo-Thơm-Gừng (L),VNCAT2025121001483664914,NƯỚC ÉP TƯƠI,89000,1,,,VNMOG2026070821565218046,MỨC ĐÁ NƯỚC ÉP,1,1,VNMOD20260708215652028792,50% Đá,0,1
VNITE2026063018244910819,Nước Ép Táo-Thơm-Gừng (L),VNCAT2025121001483664914,NƯỚC ÉP TƯƠI,89000,1,,,VNMOG2026070821565218046,MỨC ĐÁ NƯỚC ÉP,1,1,VNMOD20260708215652036647,0% Đá (Đầy Cốc Nước Ép),80000,1
VNITE2026063018244910819,Nước Ép Táo-Thơm-Gừng (L),VNCAT2025121001483664914,NƯỚC ÉP TƯƠI,89000,1,,,VNMOG2026070821565218046,MỨC ĐÁ NƯỚC ÉP,1,1,VNMOD20260708215652040879,Đá Riêng Đựng Túi Zip,5000,1
VNITE2026063018244910819,Nước Ép Táo-Thơm-Gừng (L),VNCAT2025121001483664914,NƯỚC ÉP TƯƠI,89000,1,,,VNMOG2026063019181553559,ĐƯỜNG NƯỚC ÉP,1,1,VNMOD20260630191815017504,0% đường,0,1
VNITE2026063018244910819,Nước Ép Táo-Thơm-Gừng (L),VNCAT2025121001483664914,NƯỚC ÉP TƯƠI,89000,1,,,VNMOG2026063019181553559,ĐƯỜNG NƯỚC ÉP,1,1,VNMOD20260630191815024315,Hũ Đường Nước Riêng,0,1
VNITE2026063018244910819,Nước Ép Táo-Thơm-Gừng (L),VNCAT2025121001483664914,NƯỚC ÉP TƯƠI,89000,1,,,VNMOG2026063019181553559,ĐƯỜNG NƯỚC ÉP,1,1,VNMOD20260630191815033508,Đường Ăn Kiêng,5000,1
VNITE2026063018191880818,Nước Ép Cam Tươi (M),VNCAT2025121001483664914,NƯỚC ÉP TƯƠI,59000,1,,,VNMOG2026040205120434503,TRÂN CHÂU HẠT NỔ SIZE M,0,7,VNMOD20260509171054013175,🍈Trân Châu Nổ Dưa Lưới M,25000,1
VNITE2026063018191880818,Nước Ép Cam Tươi (M),VNCAT2025121001483664914,NƯỚC ÉP TƯƠI,59000,1,,,VNMOG2026040205120434503,TRÂN CHÂU HẠT NỔ SIZE M,0,7,VNMOD20260509171054029404,🥝Trân Châu Nổ Kiwi M,25000,1
VNITE2026063018191880818,Nước Ép Cam Tươi (M),VNCAT2025121001483664914,NƯỚC ÉP TƯƠI,59000,1,,,VNMOG2026040205120434503,TRÂN CHÂU HẠT NỔ SIZE M,0,7,VNMOD20260402051204015377,🍇Trân Châu Nổ Nho M,25000,1
VNITE2026063018191880818,Nước Ép Cam Tươi (M),VNCAT2025121001483664914,NƯỚC ÉP TƯƠI,59000,1,,,VNMOG2026040205120434503,TRÂN CHÂU HẠT NỔ SIZE M,0,7,VNMOD20260402051204027788,🫐Trân Châu Nổ Việt Quất M,25000,1
VNITE2026063018191880818,Nước Ép Cam Tươi (M),VNCAT2025121001483664914,NƯỚC ÉP TƯƠI,59000,1,,,VNMOG2026040205120434503,TRÂN CHÂU HẠT NỔ SIZE M,0,7,VNMOD20260402051204039633,🍓Trân Châu Nổ Dâu Tây M,25000,1
VNITE2026063018191880818,Nước Ép Cam Tươi (M),VNCAT2025121001483664914,NƯỚC ÉP TƯƠI,59000,1,,,VNMOG2026040205120434503,TRÂN CHÂU HẠT NỔ SIZE M,0,7,VNMOD20260402051204042483,🍑Trân Châu Nổ Đào M,25000,1
VNITE2026063018191880818,Nước Ép Cam Tươi (M),VNCAT2025121001483664914,NƯỚC ÉP TƯƠI,59000,1,,,VNMOG2026040205120434503,TRÂN CHÂU HẠT NỔ SIZE M,0,7,VNMOD20260402051204050121,🫙Trân Châu Nổ Sữa Chua M,25000,1
VNITE2026063018191880818,Nước Ép Cam Tươi (M),VNCAT2025121001483664914,NƯỚC ÉP TƯƠI,59000,1,,,VNMOG2026070821512540385,MỨC ĐÁ NƯỚC ÉP,1,1,VNMOD20260708215125014328,100% Đá,0,1
VNITE2026063018191880818,Nước Ép Cam Tươi (M),VNCAT2025121001483664914,NƯỚC ÉP TƯƠI,59000,1,,,VNMOG2026070821512540385,MỨC ĐÁ NƯỚC ÉP,1,1,VNMOD20260708215125020601,50% Đá,0,1
VNITE2026063018191880818,Nước Ép Cam Tươi (M),VNCAT2025121001483664914,NƯỚC ÉP TƯƠI,59000,1,,,VNMOG2026070821512540385,MỨC ĐÁ NƯỚC ÉP,1,1,VNMOD20260708215125038161,0% Đá (Đầy cốc nước ép),50000,1
VNITE2026063018191880818,Nước Ép Cam Tươi (M),VNCAT2025121001483664914,NƯỚC ÉP TƯƠI,59000,1,,,VNMOG2026070821512540385,MỨC ĐÁ NƯỚC ÉP,1,1,VNMOD20260708215355011665,Đá Riêng Đựng Túi Zip,5000,1
VNITE2026063018191880818,Nước Ép Cam Tươi (M),VNCAT2025121001483664914,NƯỚC ÉP TƯƠI,59000,1,,,VNMOG2026010214381357793,TOPPINGS NƯỚC SIZE M,0,14,VNMOD20260728120859016081,🏐Nhãn Nhục,40000,1
VNITE2026063018191880818,Nước Ép Cam Tươi (M),VNCAT2025121001483664914,NƯỚC ÉP TƯƠI,59000,1,,,VNMOG2026010214381357793,TOPPINGS NƯỚC SIZE M,0,14,VNMOD20260728120859024399,🍄Nấm Tuyết,30000,1
VNITE2026063018191880818,Nước Ép Cam Tươi (M),VNCAT2025121001483664914,NƯỚC ÉP TƯƠI,59000,1,,,VNMOG2026010214381357793,TOPPINGS NƯỚC SIZE M,0,14,VNMOD20260728120859035219,🫗Nhựa Đào,30000,1
VNITE2026063018191880818,Nước Ép Cam Tươi (M),VNCAT2025121001483664914,NƯỚC ÉP TƯƠI,59000,1,,,VNMOG2026010214381357793,TOPPINGS NƯỚC SIZE M,0,14,VNMOD20260525094214016070,🌼Vàng Lá,20000,1
VNITE2026063018191880818,Nước Ép Cam Tươi (M),VNCAT2025121001483664914,NƯỚC ÉP TƯƠI,59000,1,,,VNMOG2026010214381357793,TOPPINGS NƯỚC SIZE M,0,14,VNMOD20260525094214029352,🍭Kẹo Mút Xốp,20000,1
VNITE2026063018191880818,Nước Ép Cam Tươi (M),VNCAT2025121001483664914,NƯỚC ÉP TƯƠI,59000,1,,,VNMOG2026010214381357793,TOPPINGS NƯỚC SIZE M,0,14,VNMOD20260520121848014884,☕️Thạch Cafe,15000,1
VNITE2026063018191880818,Nước Ép Cam Tươi (M),VNCAT2025121001483664914,NƯỚC ÉP TƯƠI,59000,1,,,VNMOG2026010214381357793,TOPPINGS NƯỚC SIZE M,0,14,VNMOD20260509171133012746,🍑Thạch Dừa Vị Đào,15000,1
VNITE2026063018191880818,Nước Ép Cam Tươi (M),VNCAT2025121001483664914,NƯỚC ÉP TƯƠI,59000,1,,,VNMOG2026010214381357793,TOPPINGS NƯỚC SIZE M,0,14,VNMOD20260509171133025336,🩶Hạt Chia,10000,1
VNITE2026063018191880818,Nước Ép Cam Tươi (M),VNCAT2025121001483664914,NƯỚC ÉP TƯƠI,59000,1,,,VNMOG2026010214381357793,TOPPINGS NƯỚC SIZE M,0,14,VNMOD20260520121848024526,🍑Mochi Đào,30000,1
VNITE2026063018191880818,Nước Ép Cam Tươi (M),VNCAT2025121001483664914,NƯỚC ÉP TƯƠI,59000,1,,,VNMOG2026010214381357793,TOPPINGS NƯỚC SIZE M,0,14,VNMOD20260102143813012309,⚪️Khúc Bạch,30000,1
VNITE2026063018191880818,Nước Ép Cam Tươi (M),VNCAT2025121001483664914,NƯỚC ÉP TƯƠI,59000,1,,,VNMOG2026010214381357793,TOPPINGS NƯỚC SIZE M,0,14,VNMOD20260102143813021051,🖤Sương Sáo,15000,1
VNITE2026063018191880818,Nước Ép Cam Tươi (M),VNCAT2025121001483664914,NƯỚC ÉP TƯƠI,59000,1,,,VNMOG2026010214381357793,TOPPINGS NƯỚC SIZE M,0,14,VNMOD20260102143813035207,🍵Thạch Matcha,15000,1
VNITE2026063018191880818,Nước Ép Cam Tươi (M),VNCAT2025121001483664914,NƯỚC ÉP TƯƠI,59000,1,,,VNMOG2026010214381357793,TOPPINGS NƯỚC SIZE M,0,14,VNMOD20260102143813047639,🍀Thạch Nha Đam,20000,1
VNITE2026063018191880818,Nước Ép Cam Tươi (M),VNCAT2025121001483664914,NƯỚC ÉP TƯƠI,59000,1,,,VNMOG2026010214381357793,TOPPINGS NƯỚC SIZE M,0,14,VNMOD20260102143813069685,🫧Trân Châu Trắng,15000,1
VNITE2026063018191880818,Nước Ép Cam Tươi (M),VNCAT2025121001483664914,NƯỚC ÉP TƯƠI,59000,1,,,VNMOG2026010214381357793,TOPPINGS NƯỚC SIZE M,0,14,VNMOD20260128094817012683,💜Hạt Nổ Khoai Môn,30000,1
VNITE2026063018191880818,Nước Ép Cam Tươi (M),VNCAT2025121001483664914,NƯỚC ÉP TƯƠI,59000,1,,,VNMOG2026010214381357793,TOPPINGS NƯỚC SIZE M,0,14,VNMOD20260102143813118751,🍮Kem Flan,50000,1
VNITE2026063018191880818,Nước Ép Cam Tươi (M),VNCAT2025121001483664914,NƯỚC ÉP TƯƠI,59000,1,,,VNMOG2026010214381357793,TOPPINGS NƯỚC SIZE M,0,14,VNMOD20260102143813120730,🧂Kem Muối,15000,1
VNITE2026063018191880818,Nước Ép Cam Tươi (M),VNCAT2025121001483664914,NƯỚC ÉP TƯƠI,59000,1,,,VNMOG2026063019181553559,ĐƯỜNG NƯỚC ÉP,1,1,VNMOD20260630191815017504,0% đường,0,1
VNITE2026063018191880818,Nước Ép Cam Tươi (M),VNCAT2025121001483664914,NƯỚC ÉP TƯƠI,59000,1,,,VNMOG2026063019181553559,ĐƯỜNG NƯỚC ÉP,1,1,VNMOD20260630191815024315,Hũ Đường Nước Riêng,0,1
VNITE2026063018191880818,Nước Ép Cam Tươi (M),VNCAT2025121001483664914,NƯỚC ÉP TƯƠI,59000,1,,,VNMOG2026063019181553559,ĐƯỜNG NƯỚC ÉP,1,1,VNMOD20260630191815033508,Đường Ăn Kiêng,5000,1
VNITE2026063018194500768,Nước Ép Cam Tươi (L),VNCAT2025121001483664914,NƯỚC ÉP TƯƠI,79000,1,,,VNMOG2026063018560291224,TRÂN CHÂU HẠT NỔ SIZE L,0,7,VNMOD20260630185602010509,🍈Trân Châu Nổ Dưa Lưới L,35000,1
VNITE2026063018194500768,Nước Ép Cam Tươi (L),VNCAT2025121001483664914,NƯỚC ÉP TƯƠI,79000,1,,,VNMOG2026063018560291224,TRÂN CHÂU HẠT NỔ SIZE L,0,7,VNMOD20260701203137011333,🍇Trân Châu Nổ Nho L,35000,1
VNITE2026063018194500768,Nước Ép Cam Tươi (L),VNCAT2025121001483664914,NƯỚC ÉP TƯƠI,79000,1,,,VNMOG2026063018560291224,TRÂN CHÂU HẠT NỔ SIZE L,0,7,VNMOD20260630185602024752,🫐Trân Châu Nổ Việt Quất L,35000,1
VNITE2026063018194500768,Nước Ép Cam Tươi (L),VNCAT2025121001483664914,NƯỚC ÉP TƯƠI,79000,1,,,VNMOG2026063018560291224,TRÂN CHÂU HẠT NỔ SIZE L,0,7,VNMOD20260630185602039482,🍓Trân Châu Nổ Dâu Tây L,35000,1
VNITE2026063018194500768,Nước Ép Cam Tươi (L),VNCAT2025121001483664914,NƯỚC ÉP TƯƠI,79000,1,,,VNMOG2026063018560291224,TRÂN CHÂU HẠT NỔ SIZE L,0,7,VNMOD20260701203137028578,🥝Trân Châu Nổ Kiwi L,35000,1
VNITE2026063018194500768,Nước Ép Cam Tươi (L),VNCAT2025121001483664914,NƯỚC ÉP TƯƠI,79000,1,,,VNMOG2026063018560291224,TRÂN CHÂU HẠT NỔ SIZE L,0,7,VNMOD20260630185602041378,🍑Trân Châu Nổ Đào L,35000,1
VNITE2026063018194500768,Nước Ép Cam Tươi (L),VNCAT2025121001483664914,NƯỚC ÉP TƯƠI,79000,1,,,VNMOG2026063018560291224,TRÂN CHÂU HẠT NỔ SIZE L,0,7,VNMOD20260630185602051732,🫙Trân Châu Nổ Sữa Chua L,35000,1
VNITE2026063018194500768,Nước Ép Cam Tươi (L),VNCAT2025121001483664914,NƯỚC ÉP TƯƠI,79000,1,,,VNMOG2026070821551572731,MỨC ĐÁ NƯỚC ÉP,1,1,VNMOD20260708215515017944,100% Đá,0,1
VNITE2026063018194500768,Nước Ép Cam Tươi (L),VNCAT2025121001483664914,NƯỚC ÉP TƯƠI,79000,1,,,VNMOG2026070821551572731,MỨC ĐÁ NƯỚC ÉP,1,1,VNMOD20260708215515029168,50% Đá,0,1
VNITE2026063018194500768,Nước Ép Cam Tươi (L),VNCAT2025121001483664914,NƯỚC ÉP TƯƠI,79000,1,,,VNMOG2026070821551572731,MỨC ĐÁ NƯỚC ÉP,1,1,VNMOD20260708215515034384,0% Đá (Đầy Cốc Nước Ép),70000,1
VNITE2026063018194500768,Nước Ép Cam Tươi (L),VNCAT2025121001483664914,NƯỚC ÉP TƯƠI,79000,1,,,VNMOG2026070821551572731,MỨC ĐÁ NƯỚC ÉP,1,1,VNMOD20260708215515046340,Đá Riêng Đựng Túi Zip,5000,1
VNITE2026063018194500768,Nước Ép Cam Tươi (L),VNCAT2025121001483664914,NƯỚC ÉP TƯƠI,79000,1,,,VNMOG2026063019062792408,TOPPINGS NƯỚC SIZE L,0,14,VNMOD20260728120958018426,🫗Nhựa Đào,40000,1
VNITE2026063018194500768,Nước Ép Cam Tươi (L),VNCAT2025121001483664914,NƯỚC ÉP TƯƠI,79000,1,,,VNMOG2026063019062792408,TOPPINGS NƯỚC SIZE L,0,14,VNMOD20260728120958024241,🍄Nấm Tuyết,40000,1
VNITE2026063018194500768,Nước Ép Cam Tươi (L),VNCAT2025121001483664914,NƯỚC ÉP TƯƠI,79000,1,,,VNMOG2026063019062792408,TOPPINGS NƯỚC SIZE L,0,14,VNMOD20260728120958033950,🏐Nhãn Nhục,50000,1
VNITE2026063018194500768,Nước Ép Cam Tươi (L),VNCAT2025121001483664914,NƯỚC ÉP TƯƠI,79000,1,,,VNMOG2026063019062792408,TOPPINGS NƯỚC SIZE L,0,14,VNMOD20260630190628016741,🌼Vàng Lá,20000,1
VNITE2026063018194500768,Nước Ép Cam Tươi (L),VNCAT2025121001483664914,NƯỚC ÉP TƯƠI,79000,1,,,VNMOG2026063019062792408,TOPPINGS NƯỚC SIZE L,0,14,VNMOD20260630190628024121,🍭Kẹo Mút Xốp,20000,1
VNITE2026063018194500768,Nước Ép Cam Tươi (L),VNCAT2025121001483664914,NƯỚC ÉP TƯƠI,79000,1,,,VNMOG2026063019062792408,TOPPINGS NƯỚC SIZE L,0,14,VNMOD20260630190628033861,☕️Thạch Cafe,20000,1
VNITE2026063018194500768,Nước Ép Cam Tươi (L),VNCAT2025121001483664914,NƯỚC ÉP TƯƠI,79000,1,,,VNMOG2026063019062792408,TOPPINGS NƯỚC SIZE L,0,14,VNMOD20260630190628046181,🍑Thạch Dừa Vị Đào,20000,1
VNITE2026063018194500768,Nước Ép Cam Tươi (L),VNCAT2025121001483664914,NƯỚC ÉP TƯƠI,79000,1,,,VNMOG2026063019062792408,TOPPINGS NƯỚC SIZE L,0,14,VNMOD20260630190628057865,🩶Hạt Chia,15000,1
VNITE2026063018194500768,Nước Ép Cam Tươi (L),VNCAT2025121001483664914,NƯỚC ÉP TƯƠI,79000,1,,,VNMOG2026063019062792408,TOPPINGS NƯỚC SIZE L,0,14,VNMOD20260630190628062501,🍑Mochi Đào,30000,1
VNITE2026063018194500768,Nước Ép Cam Tươi (L),VNCAT2025121001483664914,NƯỚC ÉP TƯƠI,79000,1,,,VNMOG2026063019062792408,TOPPINGS NƯỚC SIZE L,0,14,VNMOD20260630190628075255,⚪️Khúc Bạch,35000,1
VNITE2026063018194500768,Nước Ép Cam Tươi (L),VNCAT2025121001483664914,NƯỚC ÉP TƯƠI,79000,1,,,VNMOG2026063019062792408,TOPPINGS NƯỚC SIZE L,0,14,VNMOD20260630190628086001,🖤Sương Sáo,20000,1
VNITE2026063018194500768,Nước Ép Cam Tươi (L),VNCAT2025121001483664914,NƯỚC ÉP TƯƠI,79000,1,,,VNMOG2026063019062792408,TOPPINGS NƯỚC SIZE L,0,14,VNMOD20260630190628097471,🍵Thạch Matcha,20000,1
VNITE2026063018194500768,Nước Ép Cam Tươi (L),VNCAT2025121001483664914,NƯỚC ÉP TƯƠI,79000,1,,,VNMOG2026063019062792408,TOPPINGS NƯỚC SIZE L,0,14,VNMOD20260630190628109200,🍀Thạch Nha Đam,25000,1
VNITE2026063018194500768,Nước Ép Cam Tươi (L),VNCAT2025121001483664914,NƯỚC ÉP TƯƠI,79000,1,,,VNMOG2026063019062792408,TOPPINGS NƯỚC SIZE L,0,14,VNMOD20260630190628119022,🧋Trân Châu Trắng,20000,1
VNITE2026063018194500768,Nước Ép Cam Tươi (L),VNCAT2025121001483664914,NƯỚC ÉP TƯƠI,79000,1,,,VNMOG2026063019062792408,TOPPINGS NƯỚC SIZE L,0,14,VNMOD20260630190628120791,💜Hạt Nổ Khoai Môn,40000,1
VNITE2026063018194500768,Nước Ép Cam Tươi (L),VNCAT2025121001483664914,NƯỚC ÉP TƯƠI,79000,1,,,VNMOG2026063019062792408,TOPPINGS NƯỚC SIZE L,0,14,VNMOD20260630190628134965,🍮Kem Flan,50000,1
VNITE2026063018194500768,Nước Ép Cam Tươi (L),VNCAT2025121001483664914,NƯỚC ÉP TƯƠI,79000,1,,,VNMOG2026063019062792408,TOPPINGS NƯỚC SIZE L,0,14,VNMOD20260630190628148911,🧂Kem Muối,20000,1
VNITE2026063018194500768,Nước Ép Cam Tươi (L),VNCAT2025121001483664914,NƯỚC ÉP TƯƠI,79000,1,,,VNMOG2026063019181553559,ĐƯỜNG NƯỚC ÉP,1,1,VNMOD20260630191815017504,0% đường,0,1
VNITE2026063018194500768,Nước Ép Cam Tươi (L),VNCAT2025121001483664914,NƯỚC ÉP TƯƠI,79000,1,,,VNMOG2026063019181553559,ĐƯỜNG NƯỚC ÉP,1,1,VNMOD20260630191815024315,Hũ Đường Nước Riêng,0,1
VNITE2026063018194500768,Nước Ép Cam Tươi (L),VNCAT2025121001483664914,NƯỚC ÉP TƯƠI,79000,1,,,VNMOG2026063019181553559,ĐƯỜNG NƯỚC ÉP,1,1,VNMOD20260630191815033508,Đường Ăn Kiêng,5000,1
VNITE2026063018201740420,Nước Ép Cà Rốt Tươi (M),VNCAT2025121001483664914,NƯỚC ÉP TƯƠI,69000,1,,,VNMOG2026010214381357793,TOPPINGS NƯỚC SIZE M,0,14,VNMOD20260728120859016081,🏐Nhãn Nhục,40000,1
VNITE2026063018201740420,Nước Ép Cà Rốt Tươi (M),VNCAT2025121001483664914,NƯỚC ÉP TƯƠI,69000,1,,,VNMOG2026010214381357793,TOPPINGS NƯỚC SIZE M,0,14,VNMOD20260728120859024399,🍄Nấm Tuyết,30000,1
VNITE2026063018201740420,Nước Ép Cà Rốt Tươi (M),VNCAT2025121001483664914,NƯỚC ÉP TƯƠI,69000,1,,,VNMOG2026010214381357793,TOPPINGS NƯỚC SIZE M,0,14,VNMOD20260728120859035219,🫗Nhựa Đào,30000,1
VNITE2026063018201740420,Nước Ép Cà Rốt Tươi (M),VNCAT2025121001483664914,NƯỚC ÉP TƯƠI,69000,1,,,VNMOG2026010214381357793,TOPPINGS NƯỚC SIZE M,0,14,VNMOD20260525094214016070,🌼Vàng Lá,20000,1
VNITE2026063018201740420,Nước Ép Cà Rốt Tươi (M),VNCAT2025121001483664914,NƯỚC ÉP TƯƠI,69000,1,,,VNMOG2026010214381357793,TOPPINGS NƯỚC SIZE M,0,14,VNMOD20260525094214029352,🍭Kẹo Mút Xốp,20000,1
VNITE2026063018201740420,Nước Ép Cà Rốt Tươi (M),VNCAT2025121001483664914,NƯỚC ÉP TƯƠI,69000,1,,,VNMOG2026010214381357793,TOPPINGS NƯỚC SIZE M,0,14,VNMOD20260520121848014884,☕️Thạch Cafe,15000,1
VNITE2026063018201740420,Nước Ép Cà Rốt Tươi (M),VNCAT2025121001483664914,NƯỚC ÉP TƯƠI,69000,1,,,VNMOG2026010214381357793,TOPPINGS NƯỚC SIZE M,0,14,VNMOD20260509171133012746,🍑Thạch Dừa Vị Đào,15000,1
VNITE2026063018201740420,Nước Ép Cà Rốt Tươi (M),VNCAT2025121001483664914,NƯỚC ÉP TƯƠI,69000,1,,,VNMOG2026010214381357793,TOPPINGS NƯỚC SIZE M,0,14,VNMOD20260509171133025336,🩶Hạt Chia,10000,1
VNITE2026063018201740420,Nước Ép Cà Rốt Tươi (M),VNCAT2025121001483664914,NƯỚC ÉP TƯƠI,69000,1,,,VNMOG2026010214381357793,TOPPINGS NƯỚC SIZE M,0,14,VNMOD20260520121848024526,🍑Mochi Đào,30000,1
VNITE2026063018201740420,Nước Ép Cà Rốt Tươi (M),VNCAT2025121001483664914,NƯỚC ÉP TƯƠI,69000,1,,,VNMOG2026010214381357793,TOPPINGS NƯỚC SIZE M,0,14,VNMOD20260102143813012309,⚪️Khúc Bạch,30000,1
VNITE2026063018201740420,Nước Ép Cà Rốt Tươi (M),VNCAT2025121001483664914,NƯỚC ÉP TƯƠI,69000,1,,,VNMOG2026010214381357793,TOPPINGS NƯỚC SIZE M,0,14,VNMOD20260102143813021051,🖤Sương Sáo,15000,1
VNITE2026063018201740420,Nước Ép Cà Rốt Tươi (M),VNCAT2025121001483664914,NƯỚC ÉP TƯƠI,69000,1,,,VNMOG2026010214381357793,TOPPINGS NƯỚC SIZE M,0,14,VNMOD20260102143813035207,🍵Thạch Matcha,15000,1
VNITE2026063018201740420,Nước Ép Cà Rốt Tươi (M),VNCAT2025121001483664914,NƯỚC ÉP TƯƠI,69000,1,,,VNMOG2026010214381357793,TOPPINGS NƯỚC SIZE M,0,14,VNMOD20260102143813047639,🍀Thạch Nha Đam,20000,1
VNITE2026063018201740420,Nước Ép Cà Rốt Tươi (M),VNCAT2025121001483664914,NƯỚC ÉP TƯƠI,69000,1,,,VNMOG2026010214381357793,TOPPINGS NƯỚC SIZE M,0,14,VNMOD20260102143813069685,🫧Trân Châu Trắng,15000,1
VNITE2026063018201740420,Nước Ép Cà Rốt Tươi (M),VNCAT2025121001483664914,NƯỚC ÉP TƯƠI,69000,1,,,VNMOG2026010214381357793,TOPPINGS NƯỚC SIZE M,0,14,VNMOD20260128094817012683,💜Hạt Nổ Khoai Môn,30000,1
VNITE2026063018201740420,Nước Ép Cà Rốt Tươi (M),VNCAT2025121001483664914,NƯỚC ÉP TƯƠI,69000,1,,,VNMOG2026010214381357793,TOPPINGS NƯỚC SIZE M,0,14,VNMOD20260102143813118751,🍮Kem Flan,50000,1
VNITE2026063018201740420,Nước Ép Cà Rốt Tươi (M),VNCAT2025121001483664914,NƯỚC ÉP TƯƠI,69000,1,,,VNMOG2026010214381357793,TOPPINGS NƯỚC SIZE M,0,14,VNMOD20260102143813120730,🧂Kem Muối,15000,1
VNITE2026063018201740420,Nước Ép Cà Rốt Tươi (M),VNCAT2025121001483664914,NƯỚC ÉP TƯƠI,69000,1,,,VNMOG2026040205120434503,TRÂN CHÂU HẠT NỔ SIZE M,0,7,VNMOD20260509171054013175,🍈Trân Châu Nổ Dưa Lưới M,25000,1
VNITE2026063018201740420,Nước Ép Cà Rốt Tươi (M),VNCAT2025121001483664914,NƯỚC ÉP TƯƠI,69000,1,,,VNMOG2026040205120434503,TRÂN CHÂU HẠT NỔ SIZE M,0,7,VNMOD20260509171054029404,🥝Trân Châu Nổ Kiwi M,25000,1
VNITE2026063018201740420,Nước Ép Cà Rốt Tươi (M),VNCAT2025121001483664914,NƯỚC ÉP TƯƠI,69000,1,,,VNMOG2026040205120434503,TRÂN CHÂU HẠT NỔ SIZE M,0,7,VNMOD20260402051204015377,🍇Trân Châu Nổ Nho M,25000,1
VNITE2026063018201740420,Nước Ép Cà Rốt Tươi (M),VNCAT2025121001483664914,NƯỚC ÉP TƯƠI,69000,1,,,VNMOG2026040205120434503,TRÂN CHÂU HẠT NỔ SIZE M,0,7,VNMOD20260402051204027788,🫐Trân Châu Nổ Việt Quất M,25000,1
VNITE2026063018201740420,Nước Ép Cà Rốt Tươi (M),VNCAT2025121001483664914,NƯỚC ÉP TƯƠI,69000,1,,,VNMOG2026040205120434503,TRÂN CHÂU HẠT NỔ SIZE M,0,7,VNMOD20260402051204039633,🍓Trân Châu Nổ Dâu Tây M,25000,1
VNITE2026063018201740420,Nước Ép Cà Rốt Tươi (M),VNCAT2025121001483664914,NƯỚC ÉP TƯƠI,69000,1,,,VNMOG2026040205120434503,TRÂN CHÂU HẠT NỔ SIZE M,0,7,VNMOD20260402051204042483,🍑Trân Châu Nổ Đào M,25000,1
VNITE2026063018201740420,Nước Ép Cà Rốt Tươi (M),VNCAT2025121001483664914,NƯỚC ÉP TƯƠI,69000,1,,,VNMOG2026040205120434503,TRÂN CHÂU HẠT NỔ SIZE M,0,7,VNMOD20260402051204050121,🫙Trân Châu Nổ Sữa Chua M,25000,1
VNITE2026063018201740420,Nước Ép Cà Rốt Tươi (M),VNCAT2025121001483664914,NƯỚC ÉP TƯƠI,69000,1,,,VNMOG2026070821531067287,MỨC ĐÁ NƯỚC ÉP,1,1,VNMOD20260708215310010757,100% Đá,0,1
VNITE2026063018201740420,Nước Ép Cà Rốt Tươi (M),VNCAT2025121001483664914,NƯỚC ÉP TƯƠI,69000,1,,,VNMOG2026070821531067287,MỨC ĐÁ NƯỚC ÉP,1,1,VNMOD20260708215310026221,50% Đá,0,1
VNITE2026063018201740420,Nước Ép Cà Rốt Tươi (M),VNCAT2025121001483664914,NƯỚC ÉP TƯƠI,69000,1,,,VNMOG2026070821531067287,MỨC ĐÁ NƯỚC ÉP,1,1,VNMOD20260708215310039134,0% Đá (Đầy cốc nước ép),60000,1
VNITE2026063018201740420,Nước Ép Cà Rốt Tươi (M),VNCAT2025121001483664914,NƯỚC ÉP TƯƠI,69000,1,,,VNMOG2026070821531067287,MỨC ĐÁ NƯỚC ÉP,1,1,VNMOD20260708215310045870,Đá Riêng Đựng Túi Zip,5000,1
VNITE2026063018201740420,Nước Ép Cà Rốt Tươi (M),VNCAT2025121001483664914,NƯỚC ÉP TƯƠI,69000,1,,,VNMOG2026063019181553559,ĐƯỜNG NƯỚC ÉP,1,1,VNMOD20260630191815017504,0% đường,0,1
VNITE2026063018201740420,Nước Ép Cà Rốt Tươi (M),VNCAT2025121001483664914,NƯỚC ÉP TƯƠI,69000,1,,,VNMOG2026063019181553559,ĐƯỜNG NƯỚC ÉP,1,1,VNMOD20260630191815024315,Hũ Đường Nước Riêng,0,1
VNITE2026063018201740420,Nước Ép Cà Rốt Tươi (M),VNCAT2025121001483664914,NƯỚC ÉP TƯƠI,69000,1,,,VNMOG2026063019181553559,ĐƯỜNG NƯỚC ÉP,1,1,VNMOD20260630191815033508,Đường Ăn Kiêng,5000,1
VNITE2026063018203917748,Nước Ép Cà Rốt Tươi (L),VNCAT2025121001483664914,NƯỚC ÉP TƯƠI,89000,1,,,VNMOG2026063019062792408,TOPPINGS NƯỚC SIZE L,0,14,VNMOD20260728120958018426,🫗Nhựa Đào,40000,1
VNITE2026063018203917748,Nước Ép Cà Rốt Tươi (L),VNCAT2025121001483664914,NƯỚC ÉP TƯƠI,89000,1,,,VNMOG2026063019062792408,TOPPINGS NƯỚC SIZE L,0,14,VNMOD20260728120958024241,🍄Nấm Tuyết,40000,1
VNITE2026063018203917748,Nước Ép Cà Rốt Tươi (L),VNCAT2025121001483664914,NƯỚC ÉP TƯƠI,89000,1,,,VNMOG2026063019062792408,TOPPINGS NƯỚC SIZE L,0,14,VNMOD20260728120958033950,🏐Nhãn Nhục,50000,1
VNITE2026063018203917748,Nước Ép Cà Rốt Tươi (L),VNCAT2025121001483664914,NƯỚC ÉP TƯƠI,89000,1,,,VNMOG2026063019062792408,TOPPINGS NƯỚC SIZE L,0,14,VNMOD20260630190628016741,🌼Vàng Lá,20000,1
VNITE2026063018203917748,Nước Ép Cà Rốt Tươi (L),VNCAT2025121001483664914,NƯỚC ÉP TƯƠI,89000,1,,,VNMOG2026063019062792408,TOPPINGS NƯỚC SIZE L,0,14,VNMOD20260630190628024121,🍭Kẹo Mút Xốp,20000,1
VNITE2026063018203917748,Nước Ép Cà Rốt Tươi (L),VNCAT2025121001483664914,NƯỚC ÉP TƯƠI,89000,1,,,VNMOG2026063019062792408,TOPPINGS NƯỚC SIZE L,0,14,VNMOD20260630190628033861,☕️Thạch Cafe,20000,1
VNITE2026063018203917748,Nước Ép Cà Rốt Tươi (L),VNCAT2025121001483664914,NƯỚC ÉP TƯƠI,89000,1,,,VNMOG2026063019062792408,TOPPINGS NƯỚC SIZE L,0,14,VNMOD20260630190628046181,🍑Thạch Dừa Vị Đào,20000,1
VNITE2026063018203917748,Nước Ép Cà Rốt Tươi (L),VNCAT2025121001483664914,NƯỚC ÉP TƯƠI,89000,1,,,VNMOG2026063019062792408,TOPPINGS NƯỚC SIZE L,0,14,VNMOD20260630190628057865,🩶Hạt Chia,15000,1
VNITE2026063018203917748,Nước Ép Cà Rốt Tươi (L),VNCAT2025121001483664914,NƯỚC ÉP TƯƠI,89000,1,,,VNMOG2026063019062792408,TOPPINGS NƯỚC SIZE L,0,14,VNMOD20260630190628062501,🍑Mochi Đào,30000,1
VNITE2026063018203917748,Nước Ép Cà Rốt Tươi (L),VNCAT2025121001483664914,NƯỚC ÉP TƯƠI,89000,1,,,VNMOG2026063019062792408,TOPPINGS NƯỚC SIZE L,0,14,VNMOD20260630190628075255,⚪️Khúc Bạch,35000,1
VNITE2026063018203917748,Nước Ép Cà Rốt Tươi (L),VNCAT2025121001483664914,NƯỚC ÉP TƯƠI,89000,1,,,VNMOG2026063019062792408,TOPPINGS NƯỚC SIZE L,0,14,VNMOD20260630190628086001,🖤Sương Sáo,20000,1
VNITE2026063018203917748,Nước Ép Cà Rốt Tươi (L),VNCAT2025121001483664914,NƯỚC ÉP TƯƠI,89000,1,,,VNMOG2026063019062792408,TOPPINGS NƯỚC SIZE L,0,14,VNMOD20260630190628097471,🍵Thạch Matcha,20000,1
VNITE2026063018203917748,Nước Ép Cà Rốt Tươi (L),VNCAT2025121001483664914,NƯỚC ÉP TƯƠI,89000,1,,,VNMOG2026063019062792408,TOPPINGS NƯỚC SIZE L,0,14,VNMOD20260630190628109200,🍀Thạch Nha Đam,25000,1
VNITE2026063018203917748,Nước Ép Cà Rốt Tươi (L),VNCAT2025121001483664914,NƯỚC ÉP TƯƠI,89000,1,,,VNMOG2026063019062792408,TOPPINGS NƯỚC SIZE L,0,14,VNMOD20260630190628119022,🧋Trân Châu Trắng,20000,1
VNITE2026063018203917748,Nước Ép Cà Rốt Tươi (L),VNCAT2025121001483664914,NƯỚC ÉP TƯƠI,89000,1,,,VNMOG2026063019062792408,TOPPINGS NƯỚC SIZE L,0,14,VNMOD20260630190628120791,💜Hạt Nổ Khoai Môn,40000,1
VNITE2026063018203917748,Nước Ép Cà Rốt Tươi (L),VNCAT2025121001483664914,NƯỚC ÉP TƯƠI,89000,1,,,VNMOG2026063019062792408,TOPPINGS NƯỚC SIZE L,0,14,VNMOD20260630190628134965,🍮Kem Flan,50000,1
VNITE2026063018203917748,Nước Ép Cà Rốt Tươi (L),VNCAT2025121001483664914,NƯỚC ÉP TƯƠI,89000,1,,,VNMOG2026063019062792408,TOPPINGS NƯỚC SIZE L,0,14,VNMOD20260630190628148911,🧂Kem Muối,20000,1
VNITE2026063018203917748,Nước Ép Cà Rốt Tươi (L),VNCAT2025121001483664914,NƯỚC ÉP TƯƠI,89000,1,,,VNMOG2026063018560291224,TRÂN CHÂU HẠT NỔ SIZE L,0,7,VNMOD20260630185602010509,🍈Trân Châu Nổ Dưa Lưới L,35000,1
VNITE2026063018203917748,Nước Ép Cà Rốt Tươi (L),VNCAT2025121001483664914,NƯỚC ÉP TƯƠI,89000,1,,,VNMOG2026063018560291224,TRÂN CHÂU HẠT NỔ SIZE L,0,7,VNMOD20260701203137011333,🍇Trân Châu Nổ Nho L,35000,1
VNITE2026063018203917748,Nước Ép Cà Rốt Tươi (L),VNCAT2025121001483664914,NƯỚC ÉP TƯƠI,89000,1,,,VNMOG2026063018560291224,TRÂN CHÂU HẠT NỔ SIZE L,0,7,VNMOD20260630185602024752,🫐Trân Châu Nổ Việt Quất L,35000,1
VNITE2026063018203917748,Nước Ép Cà Rốt Tươi (L),VNCAT2025121001483664914,NƯỚC ÉP TƯƠI,89000,1,,,VNMOG2026063018560291224,TRÂN CHÂU HẠT NỔ SIZE L,0,7,VNMOD20260630185602039482,🍓Trân Châu Nổ Dâu Tây L,35000,1
VNITE2026063018203917748,Nước Ép Cà Rốt Tươi (L),VNCAT2025121001483664914,NƯỚC ÉP TƯƠI,89000,1,,,VNMOG2026063018560291224,TRÂN CHÂU HẠT NỔ SIZE L,0,7,VNMOD20260701203137028578,🥝Trân Châu Nổ Kiwi L,35000,1
VNITE2026063018203917748,Nước Ép Cà Rốt Tươi (L),VNCAT2025121001483664914,NƯỚC ÉP TƯƠI,89000,1,,,VNMOG2026063018560291224,TRÂN CHÂU HẠT NỔ SIZE L,0,7,VNMOD20260630185602041378,🍑Trân Châu Nổ Đào L,35000,1
VNITE2026063018203917748,Nước Ép Cà Rốt Tươi (L),VNCAT2025121001483664914,NƯỚC ÉP TƯƠI,89000,1,,,VNMOG2026063018560291224,TRÂN CHÂU HẠT NỔ SIZE L,0,7,VNMOD20260630185602051732,🫙Trân Châu Nổ Sữa Chua L,35000,1
VNITE2026063018203917748,Nước Ép Cà Rốt Tươi (L),VNCAT2025121001483664914,NƯỚC ÉP TƯƠI,89000,1,,,VNMOG2026070821565218046,MỨC ĐÁ NƯỚC ÉP,1,1,VNMOD20260708215652010796,100% Đá,0,1
VNITE2026063018203917748,Nước Ép Cà Rốt Tươi (L),VNCAT2025121001483664914,NƯỚC ÉP TƯƠI,89000,1,,,VNMOG2026070821565218046,MỨC ĐÁ NƯỚC ÉP,1,1,VNMOD20260708215652028792,50% Đá,0,1
VNITE2026063018203917748,Nước Ép Cà Rốt Tươi (L),VNCAT2025121001483664914,NƯỚC ÉP TƯƠI,89000,1,,,VNMOG2026070821565218046,MỨC ĐÁ NƯỚC ÉP,1,1,VNMOD20260708215652036647,0% Đá (Đầy Cốc Nước Ép),80000,1
VNITE2026063018203917748,Nước Ép Cà Rốt Tươi (L),VNCAT2025121001483664914,NƯỚC ÉP TƯƠI,89000,1,,,VNMOG2026070821565218046,MỨC ĐÁ NƯỚC ÉP,1,1,VNMOD20260708215652040879,Đá Riêng Đựng Túi Zip,5000,1
VNITE2026063018203917748,Nước Ép Cà Rốt Tươi (L),VNCAT2025121001483664914,NƯỚC ÉP TƯƠI,89000,1,,,VNMOG2026063019181553559,ĐƯỜNG NƯỚC ÉP,1,1,VNMOD20260630191815017504,0% đường,0,1
VNITE2026063018203917748,Nước Ép Cà Rốt Tươi (L),VNCAT2025121001483664914,NƯỚC ÉP TƯƠI,89000,1,,,VNMOG2026063019181553559,ĐƯỜNG NƯỚC ÉP,1,1,VNMOD20260630191815024315,Hũ Đường Nước Riêng,0,1
VNITE2026063018203917748,Nước Ép Cà Rốt Tươi (L),VNCAT2025121001483664914,NƯỚC ÉP TƯƠI,89000,1,,,VNMOG2026063019181553559,ĐƯỜNG NƯỚC ÉP,1,1,VNMOD20260630191815033508,Đường Ăn Kiêng,5000,1
VNITE2026063018210595781,Nước Ép Ổi Hồng (M),VNCAT2025121001483664914,NƯỚC ÉP TƯƠI,59000,1,,,VNMOG2026070821512540385,MỨC ĐÁ NƯỚC ÉP,1,1,VNMOD20260708215125014328,100% Đá,0,1
VNITE2026063018210595781,Nước Ép Ổi Hồng (M),VNCAT2025121001483664914,NƯỚC ÉP TƯƠI,59000,1,,,VNMOG2026070821512540385,MỨC ĐÁ NƯỚC ÉP,1,1,VNMOD20260708215125020601,50% Đá,0,1
VNITE2026063018210595781,Nước Ép Ổi Hồng (M),VNCAT2025121001483664914,NƯỚC ÉP TƯƠI,59000,1,,,VNMOG2026070821512540385,MỨC ĐÁ NƯỚC ÉP,1,1,VNMOD20260708215125038161,0% Đá (Đầy cốc nước ép),50000,1
VNITE2026063018210595781,Nước Ép Ổi Hồng (M),VNCAT2025121001483664914,NƯỚC ÉP TƯƠI,59000,1,,,VNMOG2026070821512540385,MỨC ĐÁ NƯỚC ÉP,1,1,VNMOD20260708215355011665,Đá Riêng Đựng Túi Zip,5000,1
VNITE2026063018210595781,Nước Ép Ổi Hồng (M),VNCAT2025121001483664914,NƯỚC ÉP TƯƠI,59000,1,,,VNMOG2026040205120434503,TRÂN CHÂU HẠT NỔ SIZE M,0,7,VNMOD20260509171054013175,🍈Trân Châu Nổ Dưa Lưới M,25000,1
VNITE2026063018210595781,Nước Ép Ổi Hồng (M),VNCAT2025121001483664914,NƯỚC ÉP TƯƠI,59000,1,,,VNMOG2026040205120434503,TRÂN CHÂU HẠT NỔ SIZE M,0,7,VNMOD20260509171054029404,🥝Trân Châu Nổ Kiwi M,25000,1
VNITE2026063018210595781,Nước Ép Ổi Hồng (M),VNCAT2025121001483664914,NƯỚC ÉP TƯƠI,59000,1,,,VNMOG2026040205120434503,TRÂN CHÂU HẠT NỔ SIZE M,0,7,VNMOD20260402051204015377,🍇Trân Châu Nổ Nho M,25000,1
VNITE2026063018210595781,Nước Ép Ổi Hồng (M),VNCAT2025121001483664914,NƯỚC ÉP TƯƠI,59000,1,,,VNMOG2026040205120434503,TRÂN CHÂU HẠT NỔ SIZE M,0,7,VNMOD20260402051204027788,🫐Trân Châu Nổ Việt Quất M,25000,1
VNITE2026063018210595781,Nước Ép Ổi Hồng (M),VNCAT2025121001483664914,NƯỚC ÉP TƯƠI,59000,1,,,VNMOG2026040205120434503,TRÂN CHÂU HẠT NỔ SIZE M,0,7,VNMOD20260402051204039633,🍓Trân Châu Nổ Dâu Tây M,25000,1
VNITE2026063018210595781,Nước Ép Ổi Hồng (M),VNCAT2025121001483664914,NƯỚC ÉP TƯƠI,59000,1,,,VNMOG2026040205120434503,TRÂN CHÂU HẠT NỔ SIZE M,0,7,VNMOD20260402051204042483,🍑Trân Châu Nổ Đào M,25000,1
VNITE2026063018210595781,Nước Ép Ổi Hồng (M),VNCAT2025121001483664914,NƯỚC ÉP TƯƠI,59000,1,,,VNMOG2026040205120434503,TRÂN CHÂU HẠT NỔ SIZE M,0,7,VNMOD20260402051204050121,🫙Trân Châu Nổ Sữa Chua M,25000,1
VNITE2026063018210595781,Nước Ép Ổi Hồng (M),VNCAT2025121001483664914,NƯỚC ÉP TƯƠI,59000,1,,,VNMOG2026010214381357793,TOPPINGS NƯỚC SIZE M,0,14,VNMOD20260728120859016081,🏐Nhãn Nhục,40000,1
VNITE2026063018210595781,Nước Ép Ổi Hồng (M),VNCAT2025121001483664914,NƯỚC ÉP TƯƠI,59000,1,,,VNMOG2026010214381357793,TOPPINGS NƯỚC SIZE M,0,14,VNMOD20260728120859024399,🍄Nấm Tuyết,30000,1
VNITE2026063018210595781,Nước Ép Ổi Hồng (M),VNCAT2025121001483664914,NƯỚC ÉP TƯƠI,59000,1,,,VNMOG2026010214381357793,TOPPINGS NƯỚC SIZE M,0,14,VNMOD20260728120859035219,🫗Nhựa Đào,30000,1
VNITE2026063018210595781,Nước Ép Ổi Hồng (M),VNCAT2025121001483664914,NƯỚC ÉP TƯƠI,59000,1,,,VNMOG2026010214381357793,TOPPINGS NƯỚC SIZE M,0,14,VNMOD20260525094214016070,🌼Vàng Lá,20000,1
VNITE2026063018210595781,Nước Ép Ổi Hồng (M),VNCAT2025121001483664914,NƯỚC ÉP TƯƠI,59000,1,,,VNMOG2026010214381357793,TOPPINGS NƯỚC SIZE M,0,14,VNMOD20260525094214029352,🍭Kẹo Mút Xốp,20000,1
VNITE2026063018210595781,Nước Ép Ổi Hồng (M),VNCAT2025121001483664914,NƯỚC ÉP TƯƠI,59000,1,,,VNMOG2026010214381357793,TOPPINGS NƯỚC SIZE M,0,14,VNMOD20260520121848014884,☕️Thạch Cafe,15000,1
VNITE2026063018210595781,Nước Ép Ổi Hồng (M),VNCAT2025121001483664914,NƯỚC ÉP TƯƠI,59000,1,,,VNMOG2026010214381357793,TOPPINGS NƯỚC SIZE M,0,14,VNMOD20260509171133012746,🍑Thạch Dừa Vị Đào,15000,1
VNITE2026063018210595781,Nước Ép Ổi Hồng (M),VNCAT2025121001483664914,NƯỚC ÉP TƯƠI,59000,1,,,VNMOG2026010214381357793,TOPPINGS NƯỚC SIZE M,0,14,VNMOD20260509171133025336,🩶Hạt Chia,10000,1
VNITE2026063018210595781,Nước Ép Ổi Hồng (M),VNCAT2025121001483664914,NƯỚC ÉP TƯƠI,59000,1,,,VNMOG2026010214381357793,TOPPINGS NƯỚC SIZE M,0,14,VNMOD20260520121848024526,🍑Mochi Đào,30000,1
VNITE2026063018210595781,Nước Ép Ổi Hồng (M),VNCAT2025121001483664914,NƯỚC ÉP TƯƠI,59000,1,,,VNMOG2026010214381357793,TOPPINGS NƯỚC SIZE M,0,14,VNMOD20260102143813012309,⚪️Khúc Bạch,30000,1
VNITE2026063018210595781,Nước Ép Ổi Hồng (M),VNCAT2025121001483664914,NƯỚC ÉP TƯƠI,59000,1,,,VNMOG2026010214381357793,TOPPINGS NƯỚC SIZE M,0,14,VNMOD20260102143813021051,🖤Sương Sáo,15000,1
VNITE2026063018210595781,Nước Ép Ổi Hồng (M),VNCAT2025121001483664914,NƯỚC ÉP TƯƠI,59000,1,,,VNMOG2026010214381357793,TOPPINGS NƯỚC SIZE M,0,14,VNMOD20260102143813035207,🍵Thạch Matcha,15000,1
VNITE2026063018210595781,Nước Ép Ổi Hồng (M),VNCAT2025121001483664914,NƯỚC ÉP TƯƠI,59000,1,,,VNMOG2026010214381357793,TOPPINGS NƯỚC SIZE M,0,14,VNMOD20260102143813047639,🍀Thạch Nha Đam,20000,1
VNITE2026063018210595781,Nước Ép Ổi Hồng (M),VNCAT2025121001483664914,NƯỚC ÉP TƯƠI,59000,1,,,VNMOG2026010214381357793,TOPPINGS NƯỚC SIZE M,0,14,VNMOD20260102143813069685,🫧Trân Châu Trắng,15000,1
VNITE2026063018210595781,Nước Ép Ổi Hồng (M),VNCAT2025121001483664914,NƯỚC ÉP TƯƠI,59000,1,,,VNMOG2026010214381357793,TOPPINGS NƯỚC SIZE M,0,14,VNMOD20260128094817012683,💜Hạt Nổ Khoai Môn,30000,1
VNITE2026063018210595781,Nước Ép Ổi Hồng (M),VNCAT2025121001483664914,NƯỚC ÉP TƯƠI,59000,1,,,VNMOG2026010214381357793,TOPPINGS NƯỚC SIZE M,0,14,VNMOD20260102143813118751,🍮Kem Flan,50000,1
VNITE2026063018210595781,Nước Ép Ổi Hồng (M),VNCAT2025121001483664914,NƯỚC ÉP TƯƠI,59000,1,,,VNMOG2026010214381357793,TOPPINGS NƯỚC SIZE M,0,14,VNMOD20260102143813120730,🧂Kem Muối,15000,1
VNITE2026063018210595781,Nước Ép Ổi Hồng (M),VNCAT2025121001483664914,NƯỚC ÉP TƯƠI,59000,1,,,VNMOG2026063019181553559,ĐƯỜNG NƯỚC ÉP,1,1,VNMOD20260630191815017504,0% đường,0,1
VNITE2026063018210595781,Nước Ép Ổi Hồng (M),VNCAT2025121001483664914,NƯỚC ÉP TƯƠI,59000,1,,,VNMOG2026063019181553559,ĐƯỜNG NƯỚC ÉP,1,1,VNMOD20260630191815024315,Hũ Đường Nước Riêng,0,1
VNITE2026063018210595781,Nước Ép Ổi Hồng (M),VNCAT2025121001483664914,NƯỚC ÉP TƯƠI,59000,1,,,VNMOG2026063019181553559,ĐƯỜNG NƯỚC ÉP,1,1,VNMOD20260630191815033508,Đường Ăn Kiêng,5000,1
VNITE2026063018211575880,Nước Ép Ổi Hồng (L),VNCAT2025121001483664914,NƯỚC ÉP TƯƠI,79000,1,,,VNMOG2026070821551572731,MỨC ĐÁ NƯỚC ÉP,1,1,VNMOD20260708215515017944,100% Đá,0,1
VNITE2026063018211575880,Nước Ép Ổi Hồng (L),VNCAT2025121001483664914,NƯỚC ÉP TƯƠI,79000,1,,,VNMOG2026070821551572731,MỨC ĐÁ NƯỚC ÉP,1,1,VNMOD20260708215515029168,50% Đá,0,1
VNITE2026063018211575880,Nước Ép Ổi Hồng (L),VNCAT2025121001483664914,NƯỚC ÉP TƯƠI,79000,1,,,VNMOG2026070821551572731,MỨC ĐÁ NƯỚC ÉP,1,1,VNMOD20260708215515034384,0% Đá (Đầy Cốc Nước Ép),70000,1
VNITE2026063018211575880,Nước Ép Ổi Hồng (L),VNCAT2025121001483664914,NƯỚC ÉP TƯƠI,79000,1,,,VNMOG2026070821551572731,MỨC ĐÁ NƯỚC ÉP,1,1,VNMOD20260708215515046340,Đá Riêng Đựng Túi Zip,5000,1
VNITE2026063018211575880,Nước Ép Ổi Hồng (L),VNCAT2025121001483664914,NƯỚC ÉP TƯƠI,79000,1,,,VNMOG2026063018560291224,TRÂN CHÂU HẠT NỔ SIZE L,0,7,VNMOD20260630185602010509,🍈Trân Châu Nổ Dưa Lưới L,35000,1
VNITE2026063018211575880,Nước Ép Ổi Hồng (L),VNCAT2025121001483664914,NƯỚC ÉP TƯƠI,79000,1,,,VNMOG2026063018560291224,TRÂN CHÂU HẠT NỔ SIZE L,0,7,VNMOD20260701203137011333,🍇Trân Châu Nổ Nho L,35000,1
VNITE2026063018211575880,Nước Ép Ổi Hồng (L),VNCAT2025121001483664914,NƯỚC ÉP TƯƠI,79000,1,,,VNMOG2026063018560291224,TRÂN CHÂU HẠT NỔ SIZE L,0,7,VNMOD20260630185602024752,🫐Trân Châu Nổ Việt Quất L,35000,1
VNITE2026063018211575880,Nước Ép Ổi Hồng (L),VNCAT2025121001483664914,NƯỚC ÉP TƯƠI,79000,1,,,VNMOG2026063018560291224,TRÂN CHÂU HẠT NỔ SIZE L,0,7,VNMOD20260630185602039482,🍓Trân Châu Nổ Dâu Tây L,35000,1
VNITE2026063018211575880,Nước Ép Ổi Hồng (L),VNCAT2025121001483664914,NƯỚC ÉP TƯƠI,79000,1,,,VNMOG2026063018560291224,TRÂN CHÂU HẠT NỔ SIZE L,0,7,VNMOD20260701203137028578,🥝Trân Châu Nổ Kiwi L,35000,1
VNITE2026063018211575880,Nước Ép Ổi Hồng (L),VNCAT2025121001483664914,NƯỚC ÉP TƯƠI,79000,1,,,VNMOG2026063018560291224,TRÂN CHÂU HẠT NỔ SIZE L,0,7,VNMOD20260630185602041378,🍑Trân Châu Nổ Đào L,35000,1
VNITE2026063018211575880,Nước Ép Ổi Hồng (L),VNCAT2025121001483664914,NƯỚC ÉP TƯƠI,79000,1,,,VNMOG2026063018560291224,TRÂN CHÂU HẠT NỔ SIZE L,0,7,VNMOD20260630185602051732,🫙Trân Châu Nổ Sữa Chua L,35000,1
VNITE2026063018211575880,Nước Ép Ổi Hồng (L),VNCAT2025121001483664914,NƯỚC ÉP TƯƠI,79000,1,,,VNMOG2026063019062792408,TOPPINGS NƯỚC SIZE L,0,14,VNMOD20260728120958018426,🫗Nhựa Đào,40000,1
VNITE2026063018211575880,Nước Ép Ổi Hồng (L),VNCAT2025121001483664914,NƯỚC ÉP TƯƠI,79000,1,,,VNMOG2026063019062792408,TOPPINGS NƯỚC SIZE L,0,14,VNMOD20260728120958024241,🍄Nấm Tuyết,40000,1
VNITE2026063018211575880,Nước Ép Ổi Hồng (L),VNCAT2025121001483664914,NƯỚC ÉP TƯƠI,79000,1,,,VNMOG2026063019062792408,TOPPINGS NƯỚC SIZE L,0,14,VNMOD20260728120958033950,🏐Nhãn Nhục,50000,1
VNITE2026063018211575880,Nước Ép Ổi Hồng (L),VNCAT2025121001483664914,NƯỚC ÉP TƯƠI,79000,1,,,VNMOG2026063019062792408,TOPPINGS NƯỚC SIZE L,0,14,VNMOD20260630190628016741,🌼Vàng Lá,20000,1
VNITE2026063018211575880,Nước Ép Ổi Hồng (L),VNCAT2025121001483664914,NƯỚC ÉP TƯƠI,79000,1,,,VNMOG2026063019062792408,TOPPINGS NƯỚC SIZE L,0,14,VNMOD20260630190628024121,🍭Kẹo Mút Xốp,20000,1
VNITE2026063018211575880,Nước Ép Ổi Hồng (L),VNCAT2025121001483664914,NƯỚC ÉP TƯƠI,79000,1,,,VNMOG2026063019062792408,TOPPINGS NƯỚC SIZE L,0,14,VNMOD20260630190628033861,☕️Thạch Cafe,20000,1
VNITE2026063018211575880,Nước Ép Ổi Hồng (L),VNCAT2025121001483664914,NƯỚC ÉP TƯƠI,79000,1,,,VNMOG2026063019062792408,TOPPINGS NƯỚC SIZE L,0,14,VNMOD20260630190628046181,🍑Thạch Dừa Vị Đào,20000,1
VNITE2026063018211575880,Nước Ép Ổi Hồng (L),VNCAT2025121001483664914,NƯỚC ÉP TƯƠI,79000,1,,,VNMOG2026063019062792408,TOPPINGS NƯỚC SIZE L,0,14,VNMOD20260630190628057865,🩶Hạt Chia,15000,1
VNITE2026063018211575880,Nước Ép Ổi Hồng (L),VNCAT2025121001483664914,NƯỚC ÉP TƯƠI,79000,1,,,VNMOG2026063019062792408,TOPPINGS NƯỚC SIZE L,0,14,VNMOD20260630190628062501,🍑Mochi Đào,30000,1
VNITE2026063018211575880,Nước Ép Ổi Hồng (L),VNCAT2025121001483664914,NƯỚC ÉP TƯƠI,79000,1,,,VNMOG2026063019062792408,TOPPINGS NƯỚC SIZE L,0,14,VNMOD20260630190628075255,⚪️Khúc Bạch,35000,1
VNITE2026063018211575880,Nước Ép Ổi Hồng (L),VNCAT2025121001483664914,NƯỚC ÉP TƯƠI,79000,1,,,VNMOG2026063019062792408,TOPPINGS NƯỚC SIZE L,0,14,VNMOD20260630190628086001,🖤Sương Sáo,20000,1
VNITE2026063018211575880,Nước Ép Ổi Hồng (L),VNCAT2025121001483664914,NƯỚC ÉP TƯƠI,79000,1,,,VNMOG2026063019062792408,TOPPINGS NƯỚC SIZE L,0,14,VNMOD20260630190628097471,🍵Thạch Matcha,20000,1
VNITE2026063018211575880,Nước Ép Ổi Hồng (L),VNCAT2025121001483664914,NƯỚC ÉP TƯƠI,79000,1,,,VNMOG2026063019062792408,TOPPINGS NƯỚC SIZE L,0,14,VNMOD20260630190628109200,🍀Thạch Nha Đam,25000,1
VNITE2026063018211575880,Nước Ép Ổi Hồng (L),VNCAT2025121001483664914,NƯỚC ÉP TƯƠI,79000,1,,,VNMOG2026063019062792408,TOPPINGS NƯỚC SIZE L,0,14,VNMOD20260630190628119022,🧋Trân Châu Trắng,20000,1
VNITE2026063018211575880,Nước Ép Ổi Hồng (L),VNCAT2025121001483664914,NƯỚC ÉP TƯƠI,79000,1,,,VNMOG2026063019062792408,TOPPINGS NƯỚC SIZE L,0,14,VNMOD20260630190628120791,💜Hạt Nổ Khoai Môn,40000,1
VNITE2026063018211575880,Nước Ép Ổi Hồng (L),VNCAT2025121001483664914,NƯỚC ÉP TƯƠI,79000,1,,,VNMOG2026063019062792408,TOPPINGS NƯỚC SIZE L,0,14,VNMOD20260630190628134965,🍮Kem Flan,50000,1
VNITE2026063018211575880,Nước Ép Ổi Hồng (L),VNCAT2025121001483664914,NƯỚC ÉP TƯƠI,79000,1,,,VNMOG2026063019062792408,TOPPINGS NƯỚC SIZE L,0,14,VNMOD20260630190628148911,🧂Kem Muối,20000,1
VNITE2026063018211575880,Nước Ép Ổi Hồng (L),VNCAT2025121001483664914,NƯỚC ÉP TƯƠI,79000,1,,,VNMOG2026063019181553559,ĐƯỜNG NƯỚC ÉP,1,1,VNMOD20260630191815017504,0% đường,0,1
VNITE2026063018211575880,Nước Ép Ổi Hồng (L),VNCAT2025121001483664914,NƯỚC ÉP TƯƠI,79000,1,,,VNMOG2026063019181553559,ĐƯỜNG NƯỚC ÉP,1,1,VNMOD20260630191815024315,Hũ Đường Nước Riêng,0,1
VNITE2026063018211575880,Nước Ép Ổi Hồng (L),VNCAT2025121001483664914,NƯỚC ÉP TƯƠI,79000,1,,,VNMOG2026063019181553559,ĐƯỜNG NƯỚC ÉP,1,1,VNMOD20260630191815033508,Đường Ăn Kiêng,5000,1
VNITE2026063018214206285,Nước Ép Thơm (M),VNCAT2025121001483664914,NƯỚC ÉP TƯƠI,69000,1,,,VNMOG2026010214381357793,TOPPINGS NƯỚC SIZE M,0,14,VNMOD20260728120859016081,🏐Nhãn Nhục,40000,1
VNITE2026063018214206285,Nước Ép Thơm (M),VNCAT2025121001483664914,NƯỚC ÉP TƯƠI,69000,1,,,VNMOG2026010214381357793,TOPPINGS NƯỚC SIZE M,0,14,VNMOD20260728120859024399,🍄Nấm Tuyết,30000,1
VNITE2026063018214206285,Nước Ép Thơm (M),VNCAT2025121001483664914,NƯỚC ÉP TƯƠI,69000,1,,,VNMOG2026010214381357793,TOPPINGS NƯỚC SIZE M,0,14,VNMOD20260728120859035219,🫗Nhựa Đào,30000,1
VNITE2026063018214206285,Nước Ép Thơm (M),VNCAT2025121001483664914,NƯỚC ÉP TƯƠI,69000,1,,,VNMOG2026010214381357793,TOPPINGS NƯỚC SIZE M,0,14,VNMOD20260525094214016070,🌼Vàng Lá,20000,1
VNITE2026063018214206285,Nước Ép Thơm (M),VNCAT2025121001483664914,NƯỚC ÉP TƯƠI,69000,1,,,VNMOG2026010214381357793,TOPPINGS NƯỚC SIZE M,0,14,VNMOD20260525094214029352,🍭Kẹo Mút Xốp,20000,1
VNITE2026063018214206285,Nước Ép Thơm (M),VNCAT2025121001483664914,NƯỚC ÉP TƯƠI,69000,1,,,VNMOG2026010214381357793,TOPPINGS NƯỚC SIZE M,0,14,VNMOD20260520121848014884,☕️Thạch Cafe,15000,1
VNITE2026063018214206285,Nước Ép Thơm (M),VNCAT2025121001483664914,NƯỚC ÉP TƯƠI,69000,1,,,VNMOG2026010214381357793,TOPPINGS NƯỚC SIZE M,0,14,VNMOD20260509171133012746,🍑Thạch Dừa Vị Đào,15000,1
VNITE2026063018214206285,Nước Ép Thơm (M),VNCAT2025121001483664914,NƯỚC ÉP TƯƠI,69000,1,,,VNMOG2026010214381357793,TOPPINGS NƯỚC SIZE M,0,14,VNMOD20260509171133025336,🩶Hạt Chia,10000,1
VNITE2026063018214206285,Nước Ép Thơm (M),VNCAT2025121001483664914,NƯỚC ÉP TƯƠI,69000,1,,,VNMOG2026010214381357793,TOPPINGS NƯỚC SIZE M,0,14,VNMOD20260520121848024526,🍑Mochi Đào,30000,1
VNITE2026063018214206285,Nước Ép Thơm (M),VNCAT2025121001483664914,NƯỚC ÉP TƯƠI,69000,1,,,VNMOG2026010214381357793,TOPPINGS NƯỚC SIZE M,0,14,VNMOD20260102143813012309,⚪️Khúc Bạch,30000,1
VNITE2026063018214206285,Nước Ép Thơm (M),VNCAT2025121001483664914,NƯỚC ÉP TƯƠI,69000,1,,,VNMOG2026010214381357793,TOPPINGS NƯỚC SIZE M,0,14,VNMOD20260102143813021051,🖤Sương Sáo,15000,1
VNITE2026063018214206285,Nước Ép Thơm (M),VNCAT2025121001483664914,NƯỚC ÉP TƯƠI,69000,1,,,VNMOG2026010214381357793,TOPPINGS NƯỚC SIZE M,0,14,VNMOD20260102143813035207,🍵Thạch Matcha,15000,1
VNITE2026063018214206285,Nước Ép Thơm (M),VNCAT2025121001483664914,NƯỚC ÉP TƯƠI,69000,1,,,VNMOG2026010214381357793,TOPPINGS NƯỚC SIZE M,0,14,VNMOD20260102143813047639,🍀Thạch Nha Đam,20000,1
VNITE2026063018214206285,Nước Ép Thơm (M),VNCAT2025121001483664914,NƯỚC ÉP TƯƠI,69000,1,,,VNMOG2026010214381357793,TOPPINGS NƯỚC SIZE M,0,14,VNMOD20260102143813069685,🫧Trân Châu Trắng,15000,1
VNITE2026063018214206285,Nước Ép Thơm (M),VNCAT2025121001483664914,NƯỚC ÉP TƯƠI,69000,1,,,VNMOG2026010214381357793,TOPPINGS NƯỚC SIZE M,0,14,VNMOD20260128094817012683,💜Hạt Nổ Khoai Môn,30000,1
VNITE2026063018214206285,Nước Ép Thơm (M),VNCAT2025121001483664914,NƯỚC ÉP TƯƠI,69000,1,,,VNMOG2026010214381357793,TOPPINGS NƯỚC SIZE M,0,14,VNMOD20260102143813118751,🍮Kem Flan,50000,1
VNITE2026063018214206285,Nước Ép Thơm (M),VNCAT2025121001483664914,NƯỚC ÉP TƯƠI,69000,1,,,VNMOG2026010214381357793,TOPPINGS NƯỚC SIZE M,0,14,VNMOD20260102143813120730,🧂Kem Muối,15000,1
VNITE2026063018214206285,Nước Ép Thơm (M),VNCAT2025121001483664914,NƯỚC ÉP TƯƠI,69000,1,,,VNMOG2026070821531067287,MỨC ĐÁ NƯỚC ÉP,1,1,VNMOD20260708215310010757,100% Đá,0,1
VNITE2026063018214206285,Nước Ép Thơm (M),VNCAT2025121001483664914,NƯỚC ÉP TƯƠI,69000,1,,,VNMOG2026070821531067287,MỨC ĐÁ NƯỚC ÉP,1,1,VNMOD20260708215310026221,50% Đá,0,1
VNITE2026063018214206285,Nước Ép Thơm (M),VNCAT2025121001483664914,NƯỚC ÉP TƯƠI,69000,1,,,VNMOG2026070821531067287,MỨC ĐÁ NƯỚC ÉP,1,1,VNMOD20260708215310039134,0% Đá (Đầy cốc nước ép),60000,1
VNITE2026063018214206285,Nước Ép Thơm (M),VNCAT2025121001483664914,NƯỚC ÉP TƯƠI,69000,1,,,VNMOG2026070821531067287,MỨC ĐÁ NƯỚC ÉP,1,1,VNMOD20260708215310045870,Đá Riêng Đựng Túi Zip,5000,1
VNITE2026063018214206285,Nước Ép Thơm (M),VNCAT2025121001483664914,NƯỚC ÉP TƯƠI,69000,1,,,VNMOG2026040205120434503,TRÂN CHÂU HẠT NỔ SIZE M,0,7,VNMOD20260509171054013175,🍈Trân Châu Nổ Dưa Lưới M,25000,1
VNITE2026063018214206285,Nước Ép Thơm (M),VNCAT2025121001483664914,NƯỚC ÉP TƯƠI,69000,1,,,VNMOG2026040205120434503,TRÂN CHÂU HẠT NỔ SIZE M,0,7,VNMOD20260509171054029404,🥝Trân Châu Nổ Kiwi M,25000,1
VNITE2026063018214206285,Nước Ép Thơm (M),VNCAT2025121001483664914,NƯỚC ÉP TƯƠI,69000,1,,,VNMOG2026040205120434503,TRÂN CHÂU HẠT NỔ SIZE M,0,7,VNMOD20260402051204015377,🍇Trân Châu Nổ Nho M,25000,1
VNITE2026063018214206285,Nước Ép Thơm (M),VNCAT2025121001483664914,NƯỚC ÉP TƯƠI,69000,1,,,VNMOG2026040205120434503,TRÂN CHÂU HẠT NỔ SIZE M,0,7,VNMOD20260402051204027788,🫐Trân Châu Nổ Việt Quất M,25000,1
VNITE2026063018214206285,Nước Ép Thơm (M),VNCAT2025121001483664914,NƯỚC ÉP TƯƠI,69000,1,,,VNMOG2026040205120434503,TRÂN CHÂU HẠT NỔ SIZE M,0,7,VNMOD20260402051204039633,🍓Trân Châu Nổ Dâu Tây M,25000,1
VNITE2026063018214206285,Nước Ép Thơm (M),VNCAT2025121001483664914,NƯỚC ÉP TƯƠI,69000,1,,,VNMOG2026040205120434503,TRÂN CHÂU HẠT NỔ SIZE M,0,7,VNMOD20260402051204042483,🍑Trân Châu Nổ Đào M,25000,1
VNITE2026063018214206285,Nước Ép Thơm (M),VNCAT2025121001483664914,NƯỚC ÉP TƯƠI,69000,1,,,VNMOG2026040205120434503,TRÂN CHÂU HẠT NỔ SIZE M,0,7,VNMOD20260402051204050121,🫙Trân Châu Nổ Sữa Chua M,25000,1
VNITE2026063018214206285,Nước Ép Thơm (M),VNCAT2025121001483664914,NƯỚC ÉP TƯƠI,69000,1,,,VNMOG2026063019181553559,ĐƯỜNG NƯỚC ÉP,1,1,VNMOD20260630191815017504,0% đường,0,1
VNITE2026063018214206285,Nước Ép Thơm (M),VNCAT2025121001483664914,NƯỚC ÉP TƯƠI,69000,1,,,VNMOG2026063019181553559,ĐƯỜNG NƯỚC ÉP,1,1,VNMOD20260630191815024315,Hũ Đường Nước Riêng,0,1
VNITE2026063018214206285,Nước Ép Thơm (M),VNCAT2025121001483664914,NƯỚC ÉP TƯƠI,69000,1,,,VNMOG2026063019181553559,ĐƯỜNG NƯỚC ÉP,1,1,VNMOD20260630191815033508,Đường Ăn Kiêng,5000,1
VNITE2026063018215307355,Nước Ép Thơm (L),VNCAT2025121001483664914,NƯỚC ÉP TƯƠI,89000,1,,,VNMOG2026070821565218046,MỨC ĐÁ NƯỚC ÉP,1,1,VNMOD20260708215652010796,100% Đá,0,1
VNITE2026063018215307355,Nước Ép Thơm (L),VNCAT2025121001483664914,NƯỚC ÉP TƯƠI,89000,1,,,VNMOG2026070821565218046,MỨC ĐÁ NƯỚC ÉP,1,1,VNMOD20260708215652028792,50% Đá,0,1
VNITE2026063018215307355,Nước Ép Thơm (L),VNCAT2025121001483664914,NƯỚC ÉP TƯƠI,89000,1,,,VNMOG2026070821565218046,MỨC ĐÁ NƯỚC ÉP,1,1,VNMOD20260708215652036647,0% Đá (Đầy Cốc Nước Ép),80000,1
VNITE2026063018215307355,Nước Ép Thơm (L),VNCAT2025121001483664914,NƯỚC ÉP TƯƠI,89000,1,,,VNMOG2026070821565218046,MỨC ĐÁ NƯỚC ÉP,1,1,VNMOD20260708215652040879,Đá Riêng Đựng Túi Zip,5000,1
VNITE2026063018215307355,Nước Ép Thơm (L),VNCAT2025121001483664914,NƯỚC ÉP TƯƠI,89000,1,,,VNMOG2026063019062792408,TOPPINGS NƯỚC SIZE L,0,14,VNMOD20260728120958018426,🫗Nhựa Đào,40000,1
VNITE2026063018215307355,Nước Ép Thơm (L),VNCAT2025121001483664914,NƯỚC ÉP TƯƠI,89000,1,,,VNMOG2026063019062792408,TOPPINGS NƯỚC SIZE L,0,14,VNMOD20260728120958024241,🍄Nấm Tuyết,40000,1
VNITE2026063018215307355,Nước Ép Thơm (L),VNCAT2025121001483664914,NƯỚC ÉP TƯƠI,89000,1,,,VNMOG2026063019062792408,TOPPINGS NƯỚC SIZE L,0,14,VNMOD20260728120958033950,🏐Nhãn Nhục,50000,1
VNITE2026063018215307355,Nước Ép Thơm (L),VNCAT2025121001483664914,NƯỚC ÉP TƯƠI,89000,1,,,VNMOG2026063019062792408,TOPPINGS NƯỚC SIZE L,0,14,VNMOD20260630190628016741,🌼Vàng Lá,20000,1
VNITE2026063018215307355,Nước Ép Thơm (L),VNCAT2025121001483664914,NƯỚC ÉP TƯƠI,89000,1,,,VNMOG2026063019062792408,TOPPINGS NƯỚC SIZE L,0,14,VNMOD20260630190628024121,🍭Kẹo Mút Xốp,20000,1
VNITE2026063018215307355,Nước Ép Thơm (L),VNCAT2025121001483664914,NƯỚC ÉP TƯƠI,89000,1,,,VNMOG2026063019062792408,TOPPINGS NƯỚC SIZE L,0,14,VNMOD20260630190628033861,☕️Thạch Cafe,20000,1
VNITE2026063018215307355,Nước Ép Thơm (L),VNCAT2025121001483664914,NƯỚC ÉP TƯƠI,89000,1,,,VNMOG2026063019062792408,TOPPINGS NƯỚC SIZE L,0,14,VNMOD20260630190628046181,🍑Thạch Dừa Vị Đào,20000,1
VNITE2026063018215307355,Nước Ép Thơm (L),VNCAT2025121001483664914,NƯỚC ÉP TƯƠI,89000,1,,,VNMOG2026063019062792408,TOPPINGS NƯỚC SIZE L,0,14,VNMOD20260630190628057865,🩶Hạt Chia,15000,1
VNITE2026063018215307355,Nước Ép Thơm (L),VNCAT2025121001483664914,NƯỚC ÉP TƯƠI,89000,1,,,VNMOG2026063019062792408,TOPPINGS NƯỚC SIZE L,0,14,VNMOD20260630190628062501,🍑Mochi Đào,30000,1
VNITE2026063018215307355,Nước Ép Thơm (L),VNCAT2025121001483664914,NƯỚC ÉP TƯƠI,89000,1,,,VNMOG2026063019062792408,TOPPINGS NƯỚC SIZE L,0,14,VNMOD20260630190628075255,⚪️Khúc Bạch,35000,1
VNITE2026063018215307355,Nước Ép Thơm (L),VNCAT2025121001483664914,NƯỚC ÉP TƯƠI,89000,1,,,VNMOG2026063019062792408,TOPPINGS NƯỚC SIZE L,0,14,VNMOD20260630190628086001,🖤Sương Sáo,20000,1
VNITE2026063018215307355,Nước Ép Thơm (L),VNCAT2025121001483664914,NƯỚC ÉP TƯƠI,89000,1,,,VNMOG2026063019062792408,TOPPINGS NƯỚC SIZE L,0,14,VNMOD20260630190628097471,🍵Thạch Matcha,20000,1
VNITE2026063018215307355,Nước Ép Thơm (L),VNCAT2025121001483664914,NƯỚC ÉP TƯƠI,89000,1,,,VNMOG2026063019062792408,TOPPINGS NƯỚC SIZE L,0,14,VNMOD20260630190628109200,🍀Thạch Nha Đam,25000,1
VNITE2026063018215307355,Nước Ép Thơm (L),VNCAT2025121001483664914,NƯỚC ÉP TƯƠI,89000,1,,,VNMOG2026063019062792408,TOPPINGS NƯỚC SIZE L,0,14,VNMOD20260630190628119022,🧋Trân Châu Trắng,20000,1
VNITE2026063018215307355,Nước Ép Thơm (L),VNCAT2025121001483664914,NƯỚC ÉP TƯƠI,89000,1,,,VNMOG2026063019062792408,TOPPINGS NƯỚC SIZE L,0,14,VNMOD20260630190628120791,💜Hạt Nổ Khoai Môn,40000,1
VNITE2026063018215307355,Nước Ép Thơm (L),VNCAT2025121001483664914,NƯỚC ÉP TƯƠI,89000,1,,,VNMOG2026063019062792408,TOPPINGS NƯỚC SIZE L,0,14,VNMOD20260630190628134965,🍮Kem Flan,50000,1
VNITE2026063018215307355,Nước Ép Thơm (L),VNCAT2025121001483664914,NƯỚC ÉP TƯƠI,89000,1,,,VNMOG2026063019062792408,TOPPINGS NƯỚC SIZE L,0,14,VNMOD20260630190628148911,🧂Kem Muối,20000,1
VNITE2026063018215307355,Nước Ép Thơm (L),VNCAT2025121001483664914,NƯỚC ÉP TƯƠI,89000,1,,,VNMOG2026063018560291224,TRÂN CHÂU HẠT NỔ SIZE L,0,7,VNMOD20260630185602010509,🍈Trân Châu Nổ Dưa Lưới L,35000,1
VNITE2026063018215307355,Nước Ép Thơm (L),VNCAT2025121001483664914,NƯỚC ÉP TƯƠI,89000,1,,,VNMOG2026063018560291224,TRÂN CHÂU HẠT NỔ SIZE L,0,7,VNMOD20260701203137011333,🍇Trân Châu Nổ Nho L,35000,1
VNITE2026063018215307355,Nước Ép Thơm (L),VNCAT2025121001483664914,NƯỚC ÉP TƯƠI,89000,1,,,VNMOG2026063018560291224,TRÂN CHÂU HẠT NỔ SIZE L,0,7,VNMOD20260630185602024752,🫐Trân Châu Nổ Việt Quất L,35000,1
VNITE2026063018215307355,Nước Ép Thơm (L),VNCAT2025121001483664914,NƯỚC ÉP TƯƠI,89000,1,,,VNMOG2026063018560291224,TRÂN CHÂU HẠT NỔ SIZE L,0,7,VNMOD20260630185602039482,🍓Trân Châu Nổ Dâu Tây L,35000,1
VNITE2026063018215307355,Nước Ép Thơm (L),VNCAT2025121001483664914,NƯỚC ÉP TƯƠI,89000,1,,,VNMOG2026063018560291224,TRÂN CHÂU HẠT NỔ SIZE L,0,7,VNMOD20260701203137028578,🥝Trân Châu Nổ Kiwi L,35000,1
VNITE2026063018215307355,Nước Ép Thơm (L),VNCAT2025121001483664914,NƯỚC ÉP TƯƠI,89000,1,,,VNMOG2026063018560291224,TRÂN CHÂU HẠT NỔ SIZE L,0,7,VNMOD20260630185602041378,🍑Trân Châu Nổ Đào L,35000,1
VNITE2026063018215307355,Nước Ép Thơm (L),VNCAT2025121001483664914,NƯỚC ÉP TƯƠI,89000,1,,,VNMOG2026063018560291224,TRÂN CHÂU HẠT NỔ SIZE L,0,7,VNMOD20260630185602051732,🫙Trân Châu Nổ Sữa Chua L,35000,1
VNITE2026063018215307355,Nước Ép Thơm (L),VNCAT2025121001483664914,NƯỚC ÉP TƯƠI,89000,1,,,VNMOG2026063019181553559,ĐƯỜNG NƯỚC ÉP,1,1,VNMOD20260630191815017504,0% đường,0,1
VNITE2026063018215307355,Nước Ép Thơm (L),VNCAT2025121001483664914,NƯỚC ÉP TƯƠI,89000,1,,,VNMOG2026063019181553559,ĐƯỜNG NƯỚC ÉP,1,1,VNMOD20260630191815024315,Hũ Đường Nước Riêng,0,1
VNITE2026063018215307355,Nước Ép Thơm (L),VNCAT2025121001483664914,NƯỚC ÉP TƯƠI,89000,1,,,VNMOG2026063019181553559,ĐƯỜNG NƯỚC ÉP,1,1,VNMOD20260630191815033508,Đường Ăn Kiêng,5000,1
VNITE20251210014836083278,Nước Ép Đong Đầy (M),VNCAT2025121001483664914,NƯỚC ÉP TƯƠI,79000,1,,,VNMOG2026070821551572731,MỨC ĐÁ NƯỚC ÉP,1,1,VNMOD20260708215515017944,100% Đá,0,1
VNITE20251210014836083278,Nước Ép Đong Đầy (M),VNCAT2025121001483664914,NƯỚC ÉP TƯƠI,79000,1,,,VNMOG2026070821551572731,MỨC ĐÁ NƯỚC ÉP,1,1,VNMOD20260708215515029168,50% Đá,0,1
VNITE20251210014836083278,Nước Ép Đong Đầy (M),VNCAT2025121001483664914,NƯỚC ÉP TƯƠI,79000,1,,,VNMOG2026070821551572731,MỨC ĐÁ NƯỚC ÉP,1,1,VNMOD20260708215515034384,0% Đá (Đầy Cốc Nước Ép),70000,1
VNITE20251210014836083278,Nước Ép Đong Đầy (M),VNCAT2025121001483664914,NƯỚC ÉP TƯƠI,79000,1,,,VNMOG2026070821551572731,MỨC ĐÁ NƯỚC ÉP,1,1,VNMOD20260708215515046340,Đá Riêng Đựng Túi Zip,5000,1
VNITE20251210014836083278,Nước Ép Đong Đầy (M),VNCAT2025121001483664914,NƯỚC ÉP TƯƠI,79000,1,,,VNMOG2026063019181553559,ĐƯỜNG NƯỚC ÉP,1,1,VNMOD20260630191815017504,0% đường,0,1
VNITE20251210014836083278,Nước Ép Đong Đầy (M),VNCAT2025121001483664914,NƯỚC ÉP TƯƠI,79000,1,,,VNMOG2026063019181553559,ĐƯỜNG NƯỚC ÉP,1,1,VNMOD20260630191815024315,Hũ Đường Nước Riêng,0,1
VNITE20251210014836083278,Nước Ép Đong Đầy (M),VNCAT2025121001483664914,NƯỚC ÉP TƯƠI,79000,1,,,VNMOG2026063019181553559,ĐƯỜNG NƯỚC ÉP,1,1,VNMOD20260630191815033508,Đường Ăn Kiêng,5000,1
VNITE20251210014836083278,Nước Ép Đong Đầy (M),VNCAT2025121001483664914,NƯỚC ÉP TƯƠI,79000,1,,,VNMOG2026040205120434503,TRÂN CHÂU HẠT NỔ SIZE M,0,7,VNMOD20260509171054013175,🍈Trân Châu Nổ Dưa Lưới M,25000,1
VNITE20251210014836083278,Nước Ép Đong Đầy (M),VNCAT2025121001483664914,NƯỚC ÉP TƯƠI,79000,1,,,VNMOG2026040205120434503,TRÂN CHÂU HẠT NỔ SIZE M,0,7,VNMOD20260509171054029404,🥝Trân Châu Nổ Kiwi M,25000,1
VNITE20251210014836083278,Nước Ép Đong Đầy (M),VNCAT2025121001483664914,NƯỚC ÉP TƯƠI,79000,1,,,VNMOG2026040205120434503,TRÂN CHÂU HẠT NỔ SIZE M,0,7,VNMOD20260402051204015377,🍇Trân Châu Nổ Nho M,25000,1
VNITE20251210014836083278,Nước Ép Đong Đầy (M),VNCAT2025121001483664914,NƯỚC ÉP TƯƠI,79000,1,,,VNMOG2026040205120434503,TRÂN CHÂU HẠT NỔ SIZE M,0,7,VNMOD20260402051204027788,🫐Trân Châu Nổ Việt Quất M,25000,1
VNITE20251210014836083278,Nước Ép Đong Đầy (M),VNCAT2025121001483664914,NƯỚC ÉP TƯƠI,79000,1,,,VNMOG2026040205120434503,TRÂN CHÂU HẠT NỔ SIZE M,0,7,VNMOD20260402051204039633,🍓Trân Châu Nổ Dâu Tây M,25000,1
VNITE20251210014836083278,Nước Ép Đong Đầy (M),VNCAT2025121001483664914,NƯỚC ÉP TƯƠI,79000,1,,,VNMOG2026040205120434503,TRÂN CHÂU HẠT NỔ SIZE M,0,7,VNMOD20260402051204042483,🍑Trân Châu Nổ Đào M,25000,1
VNITE20251210014836083278,Nước Ép Đong Đầy (M),VNCAT2025121001483664914,NƯỚC ÉP TƯƠI,79000,1,,,VNMOG2026040205120434503,TRÂN CHÂU HẠT NỔ SIZE M,0,7,VNMOD20260402051204050121,🫙Trân Châu Nổ Sữa Chua M,25000,1
VNITE20251210014836083278,Nước Ép Đong Đầy (M),VNCAT2025121001483664914,NƯỚC ÉP TƯƠI,79000,1,,,VNMOG2026010214381357793,TOPPINGS NƯỚC SIZE M,0,14,VNMOD20260728120859016081,🏐Nhãn Nhục,40000,1
VNITE20251210014836083278,Nước Ép Đong Đầy (M),VNCAT2025121001483664914,NƯỚC ÉP TƯƠI,79000,1,,,VNMOG2026010214381357793,TOPPINGS NƯỚC SIZE M,0,14,VNMOD20260728120859024399,🍄Nấm Tuyết,30000,1
VNITE20251210014836083278,Nước Ép Đong Đầy (M),VNCAT2025121001483664914,NƯỚC ÉP TƯƠI,79000,1,,,VNMOG2026010214381357793,TOPPINGS NƯỚC SIZE M,0,14,VNMOD20260728120859035219,🫗Nhựa Đào,30000,1
VNITE20251210014836083278,Nước Ép Đong Đầy (M),VNCAT2025121001483664914,NƯỚC ÉP TƯƠI,79000,1,,,VNMOG2026010214381357793,TOPPINGS NƯỚC SIZE M,0,14,VNMOD20260525094214016070,🌼Vàng Lá,20000,1
VNITE20251210014836083278,Nước Ép Đong Đầy (M),VNCAT2025121001483664914,NƯỚC ÉP TƯƠI,79000,1,,,VNMOG2026010214381357793,TOPPINGS NƯỚC SIZE M,0,14,VNMOD20260525094214029352,🍭Kẹo Mút Xốp,20000,1
VNITE20251210014836083278,Nước Ép Đong Đầy (M),VNCAT2025121001483664914,NƯỚC ÉP TƯƠI,79000,1,,,VNMOG2026010214381357793,TOPPINGS NƯỚC SIZE M,0,14,VNMOD20260520121848014884,☕️Thạch Cafe,15000,1
VNITE20251210014836083278,Nước Ép Đong Đầy (M),VNCAT2025121001483664914,NƯỚC ÉP TƯƠI,79000,1,,,VNMOG2026010214381357793,TOPPINGS NƯỚC SIZE M,0,14,VNMOD20260509171133012746,🍑Thạch Dừa Vị Đào,15000,1
VNITE20251210014836083278,Nước Ép Đong Đầy (M),VNCAT2025121001483664914,NƯỚC ÉP TƯƠI,79000,1,,,VNMOG2026010214381357793,TOPPINGS NƯỚC SIZE M,0,14,VNMOD20260509171133025336,🩶Hạt Chia,10000,1
VNITE20251210014836083278,Nước Ép Đong Đầy (M),VNCAT2025121001483664914,NƯỚC ÉP TƯƠI,79000,1,,,VNMOG2026010214381357793,TOPPINGS NƯỚC SIZE M,0,14,VNMOD20260520121848024526,🍑Mochi Đào,30000,1
VNITE20251210014836083278,Nước Ép Đong Đầy (M),VNCAT2025121001483664914,NƯỚC ÉP TƯƠI,79000,1,,,VNMOG2026010214381357793,TOPPINGS NƯỚC SIZE M,0,14,VNMOD20260102143813012309,⚪️Khúc Bạch,30000,1
VNITE20251210014836083278,Nước Ép Đong Đầy (M),VNCAT2025121001483664914,NƯỚC ÉP TƯƠI,79000,1,,,VNMOG2026010214381357793,TOPPINGS NƯỚC SIZE M,0,14,VNMOD20260102143813021051,🖤Sương Sáo,15000,1
VNITE20251210014836083278,Nước Ép Đong Đầy (M),VNCAT2025121001483664914,NƯỚC ÉP TƯƠI,79000,1,,,VNMOG2026010214381357793,TOPPINGS NƯỚC SIZE M,0,14,VNMOD20260102143813035207,🍵Thạch Matcha,15000,1
VNITE20251210014836083278,Nước Ép Đong Đầy (M),VNCAT2025121001483664914,NƯỚC ÉP TƯƠI,79000,1,,,VNMOG2026010214381357793,TOPPINGS NƯỚC SIZE M,0,14,VNMOD20260102143813047639,🍀Thạch Nha Đam,20000,1
VNITE20251210014836083278,Nước Ép Đong Đầy (M),VNCAT2025121001483664914,NƯỚC ÉP TƯƠI,79000,1,,,VNMOG2026010214381357793,TOPPINGS NƯỚC SIZE M,0,14,VNMOD20260102143813069685,🫧Trân Châu Trắng,15000,1
VNITE20251210014836083278,Nước Ép Đong Đầy (M),VNCAT2025121001483664914,NƯỚC ÉP TƯƠI,79000,1,,,VNMOG2026010214381357793,TOPPINGS NƯỚC SIZE M,0,14,VNMOD20260128094817012683,💜Hạt Nổ Khoai Môn,30000,1
VNITE20251210014836083278,Nước Ép Đong Đầy (M),VNCAT2025121001483664914,NƯỚC ÉP TƯƠI,79000,1,,,VNMOG2026010214381357793,TOPPINGS NƯỚC SIZE M,0,14,VNMOD20260102143813118751,🍮Kem Flan,50000,1
VNITE20251210014836083278,Nước Ép Đong Đầy (M),VNCAT2025121001483664914,NƯỚC ÉP TƯƠI,79000,1,,,VNMOG2026010214381357793,TOPPINGS NƯỚC SIZE M,0,14,VNMOD20260102143813120730,🧂Kem Muối,15000,1
VNITE2026063018235680034,Nước Ép Đong Đầy (L),VNCAT2025121001483664914,NƯỚC ÉP TƯƠI,109000,1,,,VNMOG2026070821582456077,MỨC ĐÁ NƯỚC ÉP,1,1,VNMOD20260708215824010568,100% Đá,0,1
VNITE2026063018235680034,Nước Ép Đong Đầy (L),VNCAT2025121001483664914,NƯỚC ÉP TƯƠI,109000,1,,,VNMOG2026070821582456077,MỨC ĐÁ NƯỚC ÉP,1,1,VNMOD20260708215824020218,50% Đá,0,1
VNITE2026063018235680034,Nước Ép Đong Đầy (L),VNCAT2025121001483664914,NƯỚC ÉP TƯƠI,109000,1,,,VNMOG2026070821582456077,MỨC ĐÁ NƯỚC ÉP,1,1,VNMOD20260708215824038431,0% Đá (Đầy Cốc Nước Ép),100000,1
VNITE2026063018235680034,Nước Ép Đong Đầy (L),VNCAT2025121001483664914,NƯỚC ÉP TƯƠI,109000,1,,,VNMOG2026070821582456077,MỨC ĐÁ NƯỚC ÉP,1,1,VNMOD20260708215824041865,Đá Riêng Đựng Túi Zip,5000,1
VNITE2026063018235680034,Nước Ép Đong Đầy (L),VNCAT2025121001483664914,NƯỚC ÉP TƯƠI,109000,1,,,VNMOG2026063018560291224,TRÂN CHÂU HẠT NỔ SIZE L,0,7,VNMOD20260630185602010509,🍈Trân Châu Nổ Dưa Lưới L,35000,1
VNITE2026063018235680034,Nước Ép Đong Đầy (L),VNCAT2025121001483664914,NƯỚC ÉP TƯƠI,109000,1,,,VNMOG2026063018560291224,TRÂN CHÂU HẠT NỔ SIZE L,0,7,VNMOD20260701203137011333,🍇Trân Châu Nổ Nho L,35000,1
VNITE2026063018235680034,Nước Ép Đong Đầy (L),VNCAT2025121001483664914,NƯỚC ÉP TƯƠI,109000,1,,,VNMOG2026063018560291224,TRÂN CHÂU HẠT NỔ SIZE L,0,7,VNMOD20260630185602024752,🫐Trân Châu Nổ Việt Quất L,35000,1
VNITE2026063018235680034,Nước Ép Đong Đầy (L),VNCAT2025121001483664914,NƯỚC ÉP TƯƠI,109000,1,,,VNMOG2026063018560291224,TRÂN CHÂU HẠT NỔ SIZE L,0,7,VNMOD20260630185602039482,🍓Trân Châu Nổ Dâu Tây L,35000,1
VNITE2026063018235680034,Nước Ép Đong Đầy (L),VNCAT2025121001483664914,NƯỚC ÉP TƯƠI,109000,1,,,VNMOG2026063018560291224,TRÂN CHÂU HẠT NỔ SIZE L,0,7,VNMOD20260701203137028578,🥝Trân Châu Nổ Kiwi L,35000,1
VNITE2026063018235680034,Nước Ép Đong Đầy (L),VNCAT2025121001483664914,NƯỚC ÉP TƯƠI,109000,1,,,VNMOG2026063018560291224,TRÂN CHÂU HẠT NỔ SIZE L,0,7,VNMOD20260630185602041378,🍑Trân Châu Nổ Đào L,35000,1
VNITE2026063018235680034,Nước Ép Đong Đầy (L),VNCAT2025121001483664914,NƯỚC ÉP TƯƠI,109000,1,,,VNMOG2026063018560291224,TRÂN CHÂU HẠT NỔ SIZE L,0,7,VNMOD20260630185602051732,🫙Trân Châu Nổ Sữa Chua L,35000,1
VNITE2026063018235680034,Nước Ép Đong Đầy (L),VNCAT2025121001483664914,NƯỚC ÉP TƯƠI,109000,1,,,VNMOG2026063019062792408,TOPPINGS NƯỚC SIZE L,0,14,VNMOD20260728120958018426,🫗Nhựa Đào,40000,1
VNITE2026063018235680034,Nước Ép Đong Đầy (L),VNCAT2025121001483664914,NƯỚC ÉP TƯƠI,109000,1,,,VNMOG2026063019062792408,TOPPINGS NƯỚC SIZE L,0,14,VNMOD20260728120958024241,🍄Nấm Tuyết,40000,1
VNITE2026063018235680034,Nước Ép Đong Đầy (L),VNCAT2025121001483664914,NƯỚC ÉP TƯƠI,109000,1,,,VNMOG2026063019062792408,TOPPINGS NƯỚC SIZE L,0,14,VNMOD20260728120958033950,🏐Nhãn Nhục,50000,1
VNITE2026063018235680034,Nước Ép Đong Đầy (L),VNCAT2025121001483664914,NƯỚC ÉP TƯƠI,109000,1,,,VNMOG2026063019062792408,TOPPINGS NƯỚC SIZE L,0,14,VNMOD20260630190628016741,🌼Vàng Lá,20000,1
VNITE2026063018235680034,Nước Ép Đong Đầy (L),VNCAT2025121001483664914,NƯỚC ÉP TƯƠI,109000,1,,,VNMOG2026063019062792408,TOPPINGS NƯỚC SIZE L,0,14,VNMOD20260630190628024121,🍭Kẹo Mút Xốp,20000,1
VNITE2026063018235680034,Nước Ép Đong Đầy (L),VNCAT2025121001483664914,NƯỚC ÉP TƯƠI,109000,1,,,VNMOG2026063019062792408,TOPPINGS NƯỚC SIZE L,0,14,VNMOD20260630190628033861,☕️Thạch Cafe,20000,1
VNITE2026063018235680034,Nước Ép Đong Đầy (L),VNCAT2025121001483664914,NƯỚC ÉP TƯƠI,109000,1,,,VNMOG2026063019062792408,TOPPINGS NƯỚC SIZE L,0,14,VNMOD20260630190628046181,🍑Thạch Dừa Vị Đào,20000,1
VNITE2026063018235680034,Nước Ép Đong Đầy (L),VNCAT2025121001483664914,NƯỚC ÉP TƯƠI,109000,1,,,VNMOG2026063019062792408,TOPPINGS NƯỚC SIZE L,0,14,VNMOD20260630190628057865,🩶Hạt Chia,15000,1
VNITE2026063018235680034,Nước Ép Đong Đầy (L),VNCAT2025121001483664914,NƯỚC ÉP TƯƠI,109000,1,,,VNMOG2026063019062792408,TOPPINGS NƯỚC SIZE L,0,14,VNMOD20260630190628062501,🍑Mochi Đào,30000,1
VNITE2026063018235680034,Nước Ép Đong Đầy (L),VNCAT2025121001483664914,NƯỚC ÉP TƯƠI,109000,1,,,VNMOG2026063019062792408,TOPPINGS NƯỚC SIZE L,0,14,VNMOD20260630190628075255,⚪️Khúc Bạch,35000,1
VNITE2026063018235680034,Nước Ép Đong Đầy (L),VNCAT2025121001483664914,NƯỚC ÉP TƯƠI,109000,1,,,VNMOG2026063019062792408,TOPPINGS NƯỚC SIZE L,0,14,VNMOD20260630190628086001,🖤Sương Sáo,20000,1
VNITE2026063018235680034,Nước Ép Đong Đầy (L),VNCAT2025121001483664914,NƯỚC ÉP TƯƠI,109000,1,,,VNMOG2026063019062792408,TOPPINGS NƯỚC SIZE L,0,14,VNMOD20260630190628097471,🍵Thạch Matcha,20000,1
VNITE2026063018235680034,Nước Ép Đong Đầy (L),VNCAT2025121001483664914,NƯỚC ÉP TƯƠI,109000,1,,,VNMOG2026063019062792408,TOPPINGS NƯỚC SIZE L,0,14,VNMOD20260630190628109200,🍀Thạch Nha Đam,25000,1
VNITE2026063018235680034,Nước Ép Đong Đầy (L),VNCAT2025121001483664914,NƯỚC ÉP TƯƠI,109000,1,,,VNMOG2026063019062792408,TOPPINGS NƯỚC SIZE L,0,14,VNMOD20260630190628119022,🧋Trân Châu Trắng,20000,1
VNITE2026063018235680034,Nước Ép Đong Đầy (L),VNCAT2025121001483664914,NƯỚC ÉP TƯƠI,109000,1,,,VNMOG2026063019062792408,TOPPINGS NƯỚC SIZE L,0,14,VNMOD20260630190628120791,💜Hạt Nổ Khoai Môn,40000,1
VNITE2026063018235680034,Nước Ép Đong Đầy (L),VNCAT2025121001483664914,NƯỚC ÉP TƯƠI,109000,1,,,VNMOG2026063019062792408,TOPPINGS NƯỚC SIZE L,0,14,VNMOD20260630190628134965,🍮Kem Flan,50000,1
VNITE2026063018235680034,Nước Ép Đong Đầy (L),VNCAT2025121001483664914,NƯỚC ÉP TƯƠI,109000,1,,,VNMOG2026063019062792408,TOPPINGS NƯỚC SIZE L,0,14,VNMOD20260630190628148911,🧂Kem Muối,20000,1
VNITE2026063018235680034,Nước Ép Đong Đầy (L),VNCAT2025121001483664914,NƯỚC ÉP TƯƠI,109000,1,,,VNMOG2026063019181553559,ĐƯỜNG NƯỚC ÉP,1,1,VNMOD20260630191815017504,0% đường,0,1
VNITE2026063018235680034,Nước Ép Đong Đầy (L),VNCAT2025121001483664914,NƯỚC ÉP TƯƠI,109000,1,,,VNMOG2026063019181553559,ĐƯỜNG NƯỚC ÉP,1,1,VNMOD20260630191815024315,Hũ Đường Nước Riêng,0,1
VNITE2026063018235680034,Nước Ép Đong Đầy (L),VNCAT2025121001483664914,NƯỚC ÉP TƯƠI,109000,1,,,VNMOG2026063019181553559,ĐƯỜNG NƯỚC ÉP,1,1,VNMOD20260630191815033508,Đường Ăn Kiêng,5000,1
VNITE2026063018251095553,Nước Ép Thơm Ổi (M),VNCAT2025121001483664914,NƯỚC ÉP TƯƠI,69000,1,,,VNMOG2026010214381357793,TOPPINGS NƯỚC SIZE M,0,14,VNMOD20260728120859016081,🏐Nhãn Nhục,40000,1
VNITE2026063018251095553,Nước Ép Thơm Ổi (M),VNCAT2025121001483664914,NƯỚC ÉP TƯƠI,69000,1,,,VNMOG2026010214381357793,TOPPINGS NƯỚC SIZE M,0,14,VNMOD20260728120859024399,🍄Nấm Tuyết,30000,1
VNITE2026063018251095553,Nước Ép Thơm Ổi (M),VNCAT2025121001483664914,NƯỚC ÉP TƯƠI,69000,1,,,VNMOG2026010214381357793,TOPPINGS NƯỚC SIZE M,0,14,VNMOD20260728120859035219,🫗Nhựa Đào,30000,1
VNITE2026063018251095553,Nước Ép Thơm Ổi (M),VNCAT2025121001483664914,NƯỚC ÉP TƯƠI,69000,1,,,VNMOG2026010214381357793,TOPPINGS NƯỚC SIZE M,0,14,VNMOD20260525094214016070,🌼Vàng Lá,20000,1
VNITE2026063018251095553,Nước Ép Thơm Ổi (M),VNCAT2025121001483664914,NƯỚC ÉP TƯƠI,69000,1,,,VNMOG2026010214381357793,TOPPINGS NƯỚC SIZE M,0,14,VNMOD20260525094214029352,🍭Kẹo Mút Xốp,20000,1
VNITE2026063018251095553,Nước Ép Thơm Ổi (M),VNCAT2025121001483664914,NƯỚC ÉP TƯƠI,69000,1,,,VNMOG2026010214381357793,TOPPINGS NƯỚC SIZE M,0,14,VNMOD20260520121848014884,☕️Thạch Cafe,15000,1
VNITE2026063018251095553,Nước Ép Thơm Ổi (M),VNCAT2025121001483664914,NƯỚC ÉP TƯƠI,69000,1,,,VNMOG2026010214381357793,TOPPINGS NƯỚC SIZE M,0,14,VNMOD20260509171133012746,🍑Thạch Dừa Vị Đào,15000,1
VNITE2026063018251095553,Nước Ép Thơm Ổi (M),VNCAT2025121001483664914,NƯỚC ÉP TƯƠI,69000,1,,,VNMOG2026010214381357793,TOPPINGS NƯỚC SIZE M,0,14,VNMOD20260509171133025336,🩶Hạt Chia,10000,1
VNITE2026063018251095553,Nước Ép Thơm Ổi (M),VNCAT2025121001483664914,NƯỚC ÉP TƯƠI,69000,1,,,VNMOG2026010214381357793,TOPPINGS NƯỚC SIZE M,0,14,VNMOD20260520121848024526,🍑Mochi Đào,30000,1
VNITE2026063018251095553,Nước Ép Thơm Ổi (M),VNCAT2025121001483664914,NƯỚC ÉP TƯƠI,69000,1,,,VNMOG2026010214381357793,TOPPINGS NƯỚC SIZE M,0,14,VNMOD20260102143813012309,⚪️Khúc Bạch,30000,1
VNITE2026063018251095553,Nước Ép Thơm Ổi (M),VNCAT2025121001483664914,NƯỚC ÉP TƯƠI,69000,1,,,VNMOG2026010214381357793,TOPPINGS NƯỚC SIZE M,0,14,VNMOD20260102143813021051,🖤Sương Sáo,15000,1
VNITE2026063018251095553,Nước Ép Thơm Ổi (M),VNCAT2025121001483664914,NƯỚC ÉP TƯƠI,69000,1,,,VNMOG2026010214381357793,TOPPINGS NƯỚC SIZE M,0,14,VNMOD20260102143813035207,🍵Thạch Matcha,15000,1
VNITE2026063018251095553,Nước Ép Thơm Ổi (M),VNCAT2025121001483664914,NƯỚC ÉP TƯƠI,69000,1,,,VNMOG2026010214381357793,TOPPINGS NƯỚC SIZE M,0,14,VNMOD20260102143813047639,🍀Thạch Nha Đam,20000,1
VNITE2026063018251095553,Nước Ép Thơm Ổi (M),VNCAT2025121001483664914,NƯỚC ÉP TƯƠI,69000,1,,,VNMOG2026010214381357793,TOPPINGS NƯỚC SIZE M,0,14,VNMOD20260102143813069685,🫧Trân Châu Trắng,15000,1
VNITE2026063018251095553,Nước Ép Thơm Ổi (M),VNCAT2025121001483664914,NƯỚC ÉP TƯƠI,69000,1,,,VNMOG2026010214381357793,TOPPINGS NƯỚC SIZE M,0,14,VNMOD20260128094817012683,💜Hạt Nổ Khoai Môn,30000,1
VNITE2026063018251095553,Nước Ép Thơm Ổi (M),VNCAT2025121001483664914,NƯỚC ÉP TƯƠI,69000,1,,,VNMOG2026010214381357793,TOPPINGS NƯỚC SIZE M,0,14,VNMOD20260102143813118751,🍮Kem Flan,50000,1
VNITE2026063018251095553,Nước Ép Thơm Ổi (M),VNCAT2025121001483664914,NƯỚC ÉP TƯƠI,69000,1,,,VNMOG2026010214381357793,TOPPINGS NƯỚC SIZE M,0,14,VNMOD20260102143813120730,🧂Kem Muối,15000,1
VNITE2026063018251095553,Nước Ép Thơm Ổi (M),VNCAT2025121001483664914,NƯỚC ÉP TƯƠI,69000,1,,,VNMOG2026070821531067287,MỨC ĐÁ NƯỚC ÉP,1,1,VNMOD20260708215310010757,100% Đá,0,1
VNITE2026063018251095553,Nước Ép Thơm Ổi (M),VNCAT2025121001483664914,NƯỚC ÉP TƯƠI,69000,1,,,VNMOG2026070821531067287,MỨC ĐÁ NƯỚC ÉP,1,1,VNMOD20260708215310026221,50% Đá,0,1
VNITE2026063018251095553,Nước Ép Thơm Ổi (M),VNCAT2025121001483664914,NƯỚC ÉP TƯƠI,69000,1,,,VNMOG2026070821531067287,MỨC ĐÁ NƯỚC ÉP,1,1,VNMOD20260708215310039134,0% Đá (Đầy cốc nước ép),60000,1
VNITE2026063018251095553,Nước Ép Thơm Ổi (M),VNCAT2025121001483664914,NƯỚC ÉP TƯƠI,69000,1,,,VNMOG2026070821531067287,MỨC ĐÁ NƯỚC ÉP,1,1,VNMOD20260708215310045870,Đá Riêng Đựng Túi Zip,5000,1
VNITE2026063018251095553,Nước Ép Thơm Ổi (M),VNCAT2025121001483664914,NƯỚC ÉP TƯƠI,69000,1,,,VNMOG2026040205120434503,TRÂN CHÂU HẠT NỔ SIZE M,0,7,VNMOD20260509171054013175,🍈Trân Châu Nổ Dưa Lưới M,25000,1
VNITE2026063018251095553,Nước Ép Thơm Ổi (M),VNCAT2025121001483664914,NƯỚC ÉP TƯƠI,69000,1,,,VNMOG2026040205120434503,TRÂN CHÂU HẠT NỔ SIZE M,0,7,VNMOD20260509171054029404,🥝Trân Châu Nổ Kiwi M,25000,1
VNITE2026063018251095553,Nước Ép Thơm Ổi (M),VNCAT2025121001483664914,NƯỚC ÉP TƯƠI,69000,1,,,VNMOG2026040205120434503,TRÂN CHÂU HẠT NỔ SIZE M,0,7,VNMOD20260402051204015377,🍇Trân Châu Nổ Nho M,25000,1
VNITE2026063018251095553,Nước Ép Thơm Ổi (M),VNCAT2025121001483664914,NƯỚC ÉP TƯƠI,69000,1,,,VNMOG2026040205120434503,TRÂN CHÂU HẠT NỔ SIZE M,0,7,VNMOD20260402051204027788,🫐Trân Châu Nổ Việt Quất M,25000,1
VNITE2026063018251095553,Nước Ép Thơm Ổi (M),VNCAT2025121001483664914,NƯỚC ÉP TƯƠI,69000,1,,,VNMOG2026040205120434503,TRÂN CHÂU HẠT NỔ SIZE M,0,7,VNMOD20260402051204039633,🍓Trân Châu Nổ Dâu Tây M,25000,1
VNITE2026063018251095553,Nước Ép Thơm Ổi (M),VNCAT2025121001483664914,NƯỚC ÉP TƯƠI,69000,1,,,VNMOG2026040205120434503,TRÂN CHÂU HẠT NỔ SIZE M,0,7,VNMOD20260402051204042483,🍑Trân Châu Nổ Đào M,25000,1
VNITE2026063018251095553,Nước Ép Thơm Ổi (M),VNCAT2025121001483664914,NƯỚC ÉP TƯƠI,69000,1,,,VNMOG2026040205120434503,TRÂN CHÂU HẠT NỔ SIZE M,0,7,VNMOD20260402051204050121,🫙Trân Châu Nổ Sữa Chua M,25000,1
VNITE2026063018251095553,Nước Ép Thơm Ổi (M),VNCAT2025121001483664914,NƯỚC ÉP TƯƠI,69000,1,,,VNMOG2026063019181553559,ĐƯỜNG NƯỚC ÉP,1,1,VNMOD20260630191815017504,0% đường,0,1
VNITE2026063018251095553,Nước Ép Thơm Ổi (M),VNCAT2025121001483664914,NƯỚC ÉP TƯƠI,69000,1,,,VNMOG2026063019181553559,ĐƯỜNG NƯỚC ÉP,1,1,VNMOD20260630191815024315,Hũ Đường Nước Riêng,0,1
VNITE2026063018251095553,Nước Ép Thơm Ổi (M),VNCAT2025121001483664914,NƯỚC ÉP TƯƠI,69000,1,,,VNMOG2026063019181553559,ĐƯỜNG NƯỚC ÉP,1,1,VNMOD20260630191815033508,Đường Ăn Kiêng,5000,1
VNITE2026063018251953608,Nước Ép Thơm Ổi (L),VNCAT2025121001483664914,NƯỚC ÉP TƯƠI,89000,1,,,VNMOG2026063018560291224,TRÂN CHÂU HẠT NỔ SIZE L,0,7,VNMOD20260630185602010509,🍈Trân Châu Nổ Dưa Lưới L,35000,1
VNITE2026063018251953608,Nước Ép Thơm Ổi (L),VNCAT2025121001483664914,NƯỚC ÉP TƯƠI,89000,1,,,VNMOG2026063018560291224,TRÂN CHÂU HẠT NỔ SIZE L,0,7,VNMOD20260701203137011333,🍇Trân Châu Nổ Nho L,35000,1
VNITE2026063018251953608,Nước Ép Thơm Ổi (L),VNCAT2025121001483664914,NƯỚC ÉP TƯƠI,89000,1,,,VNMOG2026063018560291224,TRÂN CHÂU HẠT NỔ SIZE L,0,7,VNMOD20260630185602024752,🫐Trân Châu Nổ Việt Quất L,35000,1
VNITE2026063018251953608,Nước Ép Thơm Ổi (L),VNCAT2025121001483664914,NƯỚC ÉP TƯƠI,89000,1,,,VNMOG2026063018560291224,TRÂN CHÂU HẠT NỔ SIZE L,0,7,VNMOD20260630185602039482,🍓Trân Châu Nổ Dâu Tây L,35000,1
VNITE2026063018251953608,Nước Ép Thơm Ổi (L),VNCAT2025121001483664914,NƯỚC ÉP TƯƠI,89000,1,,,VNMOG2026063018560291224,TRÂN CHÂU HẠT NỔ SIZE L,0,7,VNMOD20260701203137028578,🥝Trân Châu Nổ Kiwi L,35000,1
VNITE2026063018251953608,Nước Ép Thơm Ổi (L),VNCAT2025121001483664914,NƯỚC ÉP TƯƠI,89000,1,,,VNMOG2026063018560291224,TRÂN CHÂU HẠT NỔ SIZE L,0,7,VNMOD20260630185602041378,🍑Trân Châu Nổ Đào L,35000,1
VNITE2026063018251953608,Nước Ép Thơm Ổi (L),VNCAT2025121001483664914,NƯỚC ÉP TƯƠI,89000,1,,,VNMOG2026063018560291224,TRÂN CHÂU HẠT NỔ SIZE L,0,7,VNMOD20260630185602051732,🫙Trân Châu Nổ Sữa Chua L,35000,1
VNITE2026063018251953608,Nước Ép Thơm Ổi (L),VNCAT2025121001483664914,NƯỚC ÉP TƯƠI,89000,1,,,VNMOG2026070821565218046,MỨC ĐÁ NƯỚC ÉP,1,1,VNMOD20260708215652010796,100% Đá,0,1
VNITE2026063018251953608,Nước Ép Thơm Ổi (L),VNCAT2025121001483664914,NƯỚC ÉP TƯƠI,89000,1,,,VNMOG2026070821565218046,MỨC ĐÁ NƯỚC ÉP,1,1,VNMOD20260708215652028792,50% Đá,0,1
VNITE2026063018251953608,Nước Ép Thơm Ổi (L),VNCAT2025121001483664914,NƯỚC ÉP TƯƠI,89000,1,,,VNMOG2026070821565218046,MỨC ĐÁ NƯỚC ÉP,1,1,VNMOD20260708215652036647,0% Đá (Đầy Cốc Nước Ép),80000,1
VNITE2026063018251953608,Nước Ép Thơm Ổi (L),VNCAT2025121001483664914,NƯỚC ÉP TƯƠI,89000,1,,,VNMOG2026070821565218046,MỨC ĐÁ NƯỚC ÉP,1,1,VNMOD20260708215652040879,Đá Riêng Đựng Túi Zip,5000,1
VNITE2026063018251953608,Nước Ép Thơm Ổi (L),VNCAT2025121001483664914,NƯỚC ÉP TƯƠI,89000,1,,,VNMOG2026063019062792408,TOPPINGS NƯỚC SIZE L,0,14,VNMOD20260728120958018426,🫗Nhựa Đào,40000,1
VNITE2026063018251953608,Nước Ép Thơm Ổi (L),VNCAT2025121001483664914,NƯỚC ÉP TƯƠI,89000,1,,,VNMOG2026063019062792408,TOPPINGS NƯỚC SIZE L,0,14,VNMOD20260728120958024241,🍄Nấm Tuyết,40000,1
VNITE2026063018251953608,Nước Ép Thơm Ổi (L),VNCAT2025121001483664914,NƯỚC ÉP TƯƠI,89000,1,,,VNMOG2026063019062792408,TOPPINGS NƯỚC SIZE L,0,14,VNMOD20260728120958033950,🏐Nhãn Nhục,50000,1
VNITE2026063018251953608,Nước Ép Thơm Ổi (L),VNCAT2025121001483664914,NƯỚC ÉP TƯƠI,89000,1,,,VNMOG2026063019062792408,TOPPINGS NƯỚC SIZE L,0,14,VNMOD20260630190628016741,🌼Vàng Lá,20000,1
VNITE2026063018251953608,Nước Ép Thơm Ổi (L),VNCAT2025121001483664914,NƯỚC ÉP TƯƠI,89000,1,,,VNMOG2026063019062792408,TOPPINGS NƯỚC SIZE L,0,14,VNMOD20260630190628024121,🍭Kẹo Mút Xốp,20000,1
VNITE2026063018251953608,Nước Ép Thơm Ổi (L),VNCAT2025121001483664914,NƯỚC ÉP TƯƠI,89000,1,,,VNMOG2026063019062792408,TOPPINGS NƯỚC SIZE L,0,14,VNMOD20260630190628033861,☕️Thạch Cafe,20000,1
VNITE2026063018251953608,Nước Ép Thơm Ổi (L),VNCAT2025121001483664914,NƯỚC ÉP TƯƠI,89000,1,,,VNMOG2026063019062792408,TOPPINGS NƯỚC SIZE L,0,14,VNMOD20260630190628046181,🍑Thạch Dừa Vị Đào,20000,1
VNITE2026063018251953608,Nước Ép Thơm Ổi (L),VNCAT2025121001483664914,NƯỚC ÉP TƯƠI,89000,1,,,VNMOG2026063019062792408,TOPPINGS NƯỚC SIZE L,0,14,VNMOD20260630190628057865,🩶Hạt Chia,15000,1
VNITE2026063018251953608,Nước Ép Thơm Ổi (L),VNCAT2025121001483664914,NƯỚC ÉP TƯƠI,89000,1,,,VNMOG2026063019062792408,TOPPINGS NƯỚC SIZE L,0,14,VNMOD20260630190628062501,🍑Mochi Đào,30000,1
VNITE2026063018251953608,Nước Ép Thơm Ổi (L),VNCAT2025121001483664914,NƯỚC ÉP TƯƠI,89000,1,,,VNMOG2026063019062792408,TOPPINGS NƯỚC SIZE L,0,14,VNMOD20260630190628075255,⚪️Khúc Bạch,35000,1
VNITE2026063018251953608,Nước Ép Thơm Ổi (L),VNCAT2025121001483664914,NƯỚC ÉP TƯƠI,89000,1,,,VNMOG2026063019062792408,TOPPINGS NƯỚC SIZE L,0,14,VNMOD20260630190628086001,🖤Sương Sáo,20000,1
VNITE2026063018251953608,Nước Ép Thơm Ổi (L),VNCAT2025121001483664914,NƯỚC ÉP TƯƠI,89000,1,,,VNMOG2026063019062792408,TOPPINGS NƯỚC SIZE L,0,14,VNMOD20260630190628097471,🍵Thạch Matcha,20000,1
VNITE2026063018251953608,Nước Ép Thơm Ổi (L),VNCAT2025121001483664914,NƯỚC ÉP TƯƠI,89000,1,,,VNMOG2026063019062792408,TOPPINGS NƯỚC SIZE L,0,14,VNMOD20260630190628109200,🍀Thạch Nha Đam,25000,1
VNITE2026063018251953608,Nước Ép Thơm Ổi (L),VNCAT2025121001483664914,NƯỚC ÉP TƯƠI,89000,1,,,VNMOG2026063019062792408,TOPPINGS NƯỚC SIZE L,0,14,VNMOD20260630190628119022,🧋Trân Châu Trắng,20000,1
VNITE2026063018251953608,Nước Ép Thơm Ổi (L),VNCAT2025121001483664914,NƯỚC ÉP TƯƠI,89000,1,,,VNMOG2026063019062792408,TOPPINGS NƯỚC SIZE L,0,14,VNMOD20260630190628120791,💜Hạt Nổ Khoai Môn,40000,1
VNITE2026063018251953608,Nước Ép Thơm Ổi (L),VNCAT2025121001483664914,NƯỚC ÉP TƯƠI,89000,1,,,VNMOG2026063019062792408,TOPPINGS NƯỚC SIZE L,0,14,VNMOD20260630190628134965,🍮Kem Flan,50000,1
VNITE2026063018251953608,Nước Ép Thơm Ổi (L),VNCAT2025121001483664914,NƯỚC ÉP TƯƠI,89000,1,,,VNMOG2026063019062792408,TOPPINGS NƯỚC SIZE L,0,14,VNMOD20260630190628148911,🧂Kem Muối,20000,1
VNITE2026063018251953608,Nước Ép Thơm Ổi (L),VNCAT2025121001483664914,NƯỚC ÉP TƯƠI,89000,1,,,VNMOG2026063019181553559,ĐƯỜNG NƯỚC ÉP,1,1,VNMOD20260630191815017504,0% đường,0,1
VNITE2026063018251953608,Nước Ép Thơm Ổi (L),VNCAT2025121001483664914,NƯỚC ÉP TƯƠI,89000,1,,,VNMOG2026063019181553559,ĐƯỜNG NƯỚC ÉP,1,1,VNMOD20260630191815024315,Hũ Đường Nước Riêng,0,1
VNITE2026063018251953608,Nước Ép Thơm Ổi (L),VNCAT2025121001483664914,NƯỚC ÉP TƯƠI,89000,1,,,VNMOG2026063019181553559,ĐƯỜNG NƯỚC ÉP,1,1,VNMOD20260630191815033508,Đường Ăn Kiêng,5000,1
VNITE2026012800532036602,Nước Ép Cam Cà Rốt (M),VNCAT2025121001483664914,NƯỚC ÉP TƯƠI,69000,1,,,VNMOG2026063019181553559,ĐƯỜNG NƯỚC ÉP,1,1,VNMOD20260630191815017504,0% đường,0,1
VNITE2026012800532036602,Nước Ép Cam Cà Rốt (M),VNCAT2025121001483664914,NƯỚC ÉP TƯƠI,69000,1,,,VNMOG2026063019181553559,ĐƯỜNG NƯỚC ÉP,1,1,VNMOD20260630191815024315,Hũ Đường Nước Riêng,0,1
VNITE2026012800532036602,Nước Ép Cam Cà Rốt (M),VNCAT2025121001483664914,NƯỚC ÉP TƯƠI,69000,1,,,VNMOG2026063019181553559,ĐƯỜNG NƯỚC ÉP,1,1,VNMOD20260630191815033508,Đường Ăn Kiêng,5000,1
VNITE2026012800532036602,Nước Ép Cam Cà Rốt (M),VNCAT2025121001483664914,NƯỚC ÉP TƯƠI,69000,1,,,VNMOG2026040205120434503,TRÂN CHÂU HẠT NỔ SIZE M,0,7,VNMOD20260509171054013175,🍈Trân Châu Nổ Dưa Lưới M,25000,1
VNITE2026012800532036602,Nước Ép Cam Cà Rốt (M),VNCAT2025121001483664914,NƯỚC ÉP TƯƠI,69000,1,,,VNMOG2026040205120434503,TRÂN CHÂU HẠT NỔ SIZE M,0,7,VNMOD20260509171054029404,🥝Trân Châu Nổ Kiwi M,25000,1
VNITE2026012800532036602,Nước Ép Cam Cà Rốt (M),VNCAT2025121001483664914,NƯỚC ÉP TƯƠI,69000,1,,,VNMOG2026040205120434503,TRÂN CHÂU HẠT NỔ SIZE M,0,7,VNMOD20260402051204015377,🍇Trân Châu Nổ Nho M,25000,1
VNITE2026012800532036602,Nước Ép Cam Cà Rốt (M),VNCAT2025121001483664914,NƯỚC ÉP TƯƠI,69000,1,,,VNMOG2026040205120434503,TRÂN CHÂU HẠT NỔ SIZE M,0,7,VNMOD20260402051204027788,🫐Trân Châu Nổ Việt Quất M,25000,1
VNITE2026012800532036602,Nước Ép Cam Cà Rốt (M),VNCAT2025121001483664914,NƯỚC ÉP TƯƠI,69000,1,,,VNMOG2026040205120434503,TRÂN CHÂU HẠT NỔ SIZE M,0,7,VNMOD20260402051204039633,🍓Trân Châu Nổ Dâu Tây M,25000,1
VNITE2026012800532036602,Nước Ép Cam Cà Rốt (M),VNCAT2025121001483664914,NƯỚC ÉP TƯƠI,69000,1,,,VNMOG2026040205120434503,TRÂN CHÂU HẠT NỔ SIZE M,0,7,VNMOD20260402051204042483,🍑Trân Châu Nổ Đào M,25000,1
VNITE2026012800532036602,Nước Ép Cam Cà Rốt (M),VNCAT2025121001483664914,NƯỚC ÉP TƯƠI,69000,1,,,VNMOG2026040205120434503,TRÂN CHÂU HẠT NỔ SIZE M,0,7,VNMOD20260402051204050121,🫙Trân Châu Nổ Sữa Chua M,25000,1
VNITE2026012800532036602,Nước Ép Cam Cà Rốt (M),VNCAT2025121001483664914,NƯỚC ÉP TƯƠI,69000,1,,,VNMOG2026010213175723002,MỨC ĐÁ,1,1,VNMOD20260102131757039130,0% Đá,0,1
VNITE2026012800532036602,Nước Ép Cam Cà Rốt (M),VNCAT2025121001483664914,NƯỚC ÉP TƯƠI,69000,1,,,VNMOG2026010213175723002,MỨC ĐÁ,1,1,VNMOD20260102131757021927,50% Đá,0,1
VNITE2026012800532036602,Nước Ép Cam Cà Rốt (M),VNCAT2025121001483664914,NƯỚC ÉP TƯƠI,69000,1,,,VNMOG2026010213175723002,MỨC ĐÁ,1,1,VNMOD20260102131757017020,100% Đá,0,1
VNITE2026012800532036602,Nước Ép Cam Cà Rốt (M),VNCAT2025121001483664914,NƯỚC ÉP TƯƠI,69000,1,,,VNMOG2026010213175723002,MỨC ĐÁ,1,1,VNMOD20260102131757048225,Đá Riêng Đựng Túi Zip,5000,1
VNITE2026012800532036602,Nước Ép Cam Cà Rốt (M),VNCAT2025121001483664914,NƯỚC ÉP TƯƠI,69000,1,,,VNMOG2026010214381357793,TOPPINGS NƯỚC SIZE M,0,14,VNMOD20260728120859016081,🏐Nhãn Nhục,40000,1
VNITE2026012800532036602,Nước Ép Cam Cà Rốt (M),VNCAT2025121001483664914,NƯỚC ÉP TƯƠI,69000,1,,,VNMOG2026010214381357793,TOPPINGS NƯỚC SIZE M,0,14,VNMOD20260728120859024399,🍄Nấm Tuyết,30000,1
VNITE2026012800532036602,Nước Ép Cam Cà Rốt (M),VNCAT2025121001483664914,NƯỚC ÉP TƯƠI,69000,1,,,VNMOG2026010214381357793,TOPPINGS NƯỚC SIZE M,0,14,VNMOD20260728120859035219,🫗Nhựa Đào,30000,1
VNITE2026012800532036602,Nước Ép Cam Cà Rốt (M),VNCAT2025121001483664914,NƯỚC ÉP TƯƠI,69000,1,,,VNMOG2026010214381357793,TOPPINGS NƯỚC SIZE M,0,14,VNMOD20260525094214016070,🌼Vàng Lá,20000,1
VNITE2026012800532036602,Nước Ép Cam Cà Rốt (M),VNCAT2025121001483664914,NƯỚC ÉP TƯƠI,69000,1,,,VNMOG2026010214381357793,TOPPINGS NƯỚC SIZE M,0,14,VNMOD20260525094214029352,🍭Kẹo Mút Xốp,20000,1
VNITE2026012800532036602,Nước Ép Cam Cà Rốt (M),VNCAT2025121001483664914,NƯỚC ÉP TƯƠI,69000,1,,,VNMOG2026010214381357793,TOPPINGS NƯỚC SIZE M,0,14,VNMOD20260520121848014884,☕️Thạch Cafe,15000,1
VNITE2026012800532036602,Nước Ép Cam Cà Rốt (M),VNCAT2025121001483664914,NƯỚC ÉP TƯƠI,69000,1,,,VNMOG2026010214381357793,TOPPINGS NƯỚC SIZE M,0,14,VNMOD20260509171133012746,🍑Thạch Dừa Vị Đào,15000,1
VNITE2026012800532036602,Nước Ép Cam Cà Rốt (M),VNCAT2025121001483664914,NƯỚC ÉP TƯƠI,69000,1,,,VNMOG2026010214381357793,TOPPINGS NƯỚC SIZE M,0,14,VNMOD20260509171133025336,🩶Hạt Chia,10000,1
VNITE2026012800532036602,Nước Ép Cam Cà Rốt (M),VNCAT2025121001483664914,NƯỚC ÉP TƯƠI,69000,1,,,VNMOG2026010214381357793,TOPPINGS NƯỚC SIZE M,0,14,VNMOD20260520121848024526,🍑Mochi Đào,30000,1
VNITE2026012800532036602,Nước Ép Cam Cà Rốt (M),VNCAT2025121001483664914,NƯỚC ÉP TƯƠI,69000,1,,,VNMOG2026010214381357793,TOPPINGS NƯỚC SIZE M,0,14,VNMOD20260102143813012309,⚪️Khúc Bạch,30000,1
VNITE2026012800532036602,Nước Ép Cam Cà Rốt (M),VNCAT2025121001483664914,NƯỚC ÉP TƯƠI,69000,1,,,VNMOG2026010214381357793,TOPPINGS NƯỚC SIZE M,0,14,VNMOD20260102143813021051,🖤Sương Sáo,15000,1
VNITE2026012800532036602,Nước Ép Cam Cà Rốt (M),VNCAT2025121001483664914,NƯỚC ÉP TƯƠI,69000,1,,,VNMOG2026010214381357793,TOPPINGS NƯỚC SIZE M,0,14,VNMOD20260102143813035207,🍵Thạch Matcha,15000,1
VNITE2026012800532036602,Nước Ép Cam Cà Rốt (M),VNCAT2025121001483664914,NƯỚC ÉP TƯƠI,69000,1,,,VNMOG2026010214381357793,TOPPINGS NƯỚC SIZE M,0,14,VNMOD20260102143813047639,🍀Thạch Nha Đam,20000,1
VNITE2026012800532036602,Nước Ép Cam Cà Rốt (M),VNCAT2025121001483664914,NƯỚC ÉP TƯƠI,69000,1,,,VNMOG2026010214381357793,TOPPINGS NƯỚC SIZE M,0,14,VNMOD20260102143813069685,🫧Trân Châu Trắng,15000,1
VNITE2026012800532036602,Nước Ép Cam Cà Rốt (M),VNCAT2025121001483664914,NƯỚC ÉP TƯƠI,69000,1,,,VNMOG2026010214381357793,TOPPINGS NƯỚC SIZE M,0,14,VNMOD20260128094817012683,💜Hạt Nổ Khoai Môn,30000,1
VNITE2026012800532036602,Nước Ép Cam Cà Rốt (M),VNCAT2025121001483664914,NƯỚC ÉP TƯƠI,69000,1,,,VNMOG2026010214381357793,TOPPINGS NƯỚC SIZE M,0,14,VNMOD20260102143813118751,🍮Kem Flan,50000,1
VNITE2026012800532036602,Nước Ép Cam Cà Rốt (M),VNCAT2025121001483664914,NƯỚC ÉP TƯƠI,69000,1,,,VNMOG2026010214381357793,TOPPINGS NƯỚC SIZE M,0,14,VNMOD20260102143813120730,🧂Kem Muối,15000,1
VNITE2026063020075681675,Nước Ép Cam Cà Rốt (L),VNCAT2025121001483664914,NƯỚC ÉP TƯƠI,89000,1,,,VNMOG2026063018560291224,TRÂN CHÂU HẠT NỔ SIZE L,0,7,VNMOD20260630185602010509,🍈Trân Châu Nổ Dưa Lưới L,35000,1
VNITE2026063020075681675,Nước Ép Cam Cà Rốt (L),VNCAT2025121001483664914,NƯỚC ÉP TƯƠI,89000,1,,,VNMOG2026063018560291224,TRÂN CHÂU HẠT NỔ SIZE L,0,7,VNMOD20260701203137011333,🍇Trân Châu Nổ Nho L,35000,1
VNITE2026063020075681675,Nước Ép Cam Cà Rốt (L),VNCAT2025121001483664914,NƯỚC ÉP TƯƠI,89000,1,,,VNMOG2026063018560291224,TRÂN CHÂU HẠT NỔ SIZE L,0,7,VNMOD20260630185602024752,🫐Trân Châu Nổ Việt Quất L,35000,1
VNITE2026063020075681675,Nước Ép Cam Cà Rốt (L),VNCAT2025121001483664914,NƯỚC ÉP TƯƠI,89000,1,,,VNMOG2026063018560291224,TRÂN CHÂU HẠT NỔ SIZE L,0,7,VNMOD20260630185602039482,🍓Trân Châu Nổ Dâu Tây L,35000,1
VNITE2026063020075681675,Nước Ép Cam Cà Rốt (L),VNCAT2025121001483664914,NƯỚC ÉP TƯƠI,89000,1,,,VNMOG2026063018560291224,TRÂN CHÂU HẠT NỔ SIZE L,0,7,VNMOD20260701203137028578,🥝Trân Châu Nổ Kiwi L,35000,1
VNITE2026063020075681675,Nước Ép Cam Cà Rốt (L),VNCAT2025121001483664914,NƯỚC ÉP TƯƠI,89000,1,,,VNMOG2026063018560291224,TRÂN CHÂU HẠT NỔ SIZE L,0,7,VNMOD20260630185602041378,🍑Trân Châu Nổ Đào L,35000,1
VNITE2026063020075681675,Nước Ép Cam Cà Rốt (L),VNCAT2025121001483664914,NƯỚC ÉP TƯƠI,89000,1,,,VNMOG2026063018560291224,TRÂN CHÂU HẠT NỔ SIZE L,0,7,VNMOD20260630185602051732,🫙Trân Châu Nổ Sữa Chua L,35000,1
VNITE2026063020075681675,Nước Ép Cam Cà Rốt (L),VNCAT2025121001483664914,NƯỚC ÉP TƯƠI,89000,1,,,VNMOG2026063019062792408,TOPPINGS NƯỚC SIZE L,0,14,VNMOD20260728120958018426,🫗Nhựa Đào,40000,1
VNITE2026063020075681675,Nước Ép Cam Cà Rốt (L),VNCAT2025121001483664914,NƯỚC ÉP TƯƠI,89000,1,,,VNMOG2026063019062792408,TOPPINGS NƯỚC SIZE L,0,14,VNMOD20260728120958024241,🍄Nấm Tuyết,40000,1
VNITE2026063020075681675,Nước Ép Cam Cà Rốt (L),VNCAT2025121001483664914,NƯỚC ÉP TƯƠI,89000,1,,,VNMOG2026063019062792408,TOPPINGS NƯỚC SIZE L,0,14,VNMOD20260728120958033950,🏐Nhãn Nhục,50000,1
VNITE2026063020075681675,Nước Ép Cam Cà Rốt (L),VNCAT2025121001483664914,NƯỚC ÉP TƯƠI,89000,1,,,VNMOG2026063019062792408,TOPPINGS NƯỚC SIZE L,0,14,VNMOD20260630190628016741,🌼Vàng Lá,20000,1
VNITE2026063020075681675,Nước Ép Cam Cà Rốt (L),VNCAT2025121001483664914,NƯỚC ÉP TƯƠI,89000,1,,,VNMOG2026063019062792408,TOPPINGS NƯỚC SIZE L,0,14,VNMOD20260630190628024121,🍭Kẹo Mút Xốp,20000,1
VNITE2026063020075681675,Nước Ép Cam Cà Rốt (L),VNCAT2025121001483664914,NƯỚC ÉP TƯƠI,89000,1,,,VNMOG2026063019062792408,TOPPINGS NƯỚC SIZE L,0,14,VNMOD20260630190628033861,☕️Thạch Cafe,20000,1
VNITE2026063020075681675,Nước Ép Cam Cà Rốt (L),VNCAT2025121001483664914,NƯỚC ÉP TƯƠI,89000,1,,,VNMOG2026063019062792408,TOPPINGS NƯỚC SIZE L,0,14,VNMOD20260630190628046181,🍑Thạch Dừa Vị Đào,20000,1
VNITE2026063020075681675,Nước Ép Cam Cà Rốt (L),VNCAT2025121001483664914,NƯỚC ÉP TƯƠI,89000,1,,,VNMOG2026063019062792408,TOPPINGS NƯỚC SIZE L,0,14,VNMOD20260630190628057865,🩶Hạt Chia,15000,1
VNITE2026063020075681675,Nước Ép Cam Cà Rốt (L),VNCAT2025121001483664914,NƯỚC ÉP TƯƠI,89000,1,,,VNMOG2026063019062792408,TOPPINGS NƯỚC SIZE L,0,14,VNMOD20260630190628062501,🍑Mochi Đào,30000,1
VNITE2026063020075681675,Nước Ép Cam Cà Rốt (L),VNCAT2025121001483664914,NƯỚC ÉP TƯƠI,89000,1,,,VNMOG2026063019062792408,TOPPINGS NƯỚC SIZE L,0,14,VNMOD20260630190628075255,⚪️Khúc Bạch,35000,1
VNITE2026063020075681675,Nước Ép Cam Cà Rốt (L),VNCAT2025121001483664914,NƯỚC ÉP TƯƠI,89000,1,,,VNMOG2026063019062792408,TOPPINGS NƯỚC SIZE L,0,14,VNMOD20260630190628086001,🖤Sương Sáo,20000,1
VNITE2026063020075681675,Nước Ép Cam Cà Rốt (L),VNCAT2025121001483664914,NƯỚC ÉP TƯƠI,89000,1,,,VNMOG2026063019062792408,TOPPINGS NƯỚC SIZE L,0,14,VNMOD20260630190628097471,🍵Thạch Matcha,20000,1
VNITE2026063020075681675,Nước Ép Cam Cà Rốt (L),VNCAT2025121001483664914,NƯỚC ÉP TƯƠI,89000,1,,,VNMOG2026063019062792408,TOPPINGS NƯỚC SIZE L,0,14,VNMOD20260630190628109200,🍀Thạch Nha Đam,25000,1
VNITE2026063020075681675,Nước Ép Cam Cà Rốt (L),VNCAT2025121001483664914,NƯỚC ÉP TƯƠI,89000,1,,,VNMOG2026063019062792408,TOPPINGS NƯỚC SIZE L,0,14,VNMOD20260630190628119022,🧋Trân Châu Trắng,20000,1
VNITE2026063020075681675,Nước Ép Cam Cà Rốt (L),VNCAT2025121001483664914,NƯỚC ÉP TƯƠI,89000,1,,,VNMOG2026063019062792408,TOPPINGS NƯỚC SIZE L,0,14,VNMOD20260630190628120791,💜Hạt Nổ Khoai Môn,40000,1
VNITE2026063020075681675,Nước Ép Cam Cà Rốt (L),VNCAT2025121001483664914,NƯỚC ÉP TƯƠI,89000,1,,,VNMOG2026063019062792408,TOPPINGS NƯỚC SIZE L,0,14,VNMOD20260630190628134965,🍮Kem Flan,50000,1
VNITE2026063020075681675,Nước Ép Cam Cà Rốt (L),VNCAT2025121001483664914,NƯỚC ÉP TƯƠI,89000,1,,,VNMOG2026063019062792408,TOPPINGS NƯỚC SIZE L,0,14,VNMOD20260630190628148911,🧂Kem Muối,20000,1
VNITE2026063020075681675,Nước Ép Cam Cà Rốt (L),VNCAT2025121001483664914,NƯỚC ÉP TƯƠI,89000,1,,,VNMOG2026070821565218046,MỨC ĐÁ NƯỚC ÉP,1,1,VNMOD20260708215652010796,100% Đá,0,1
VNITE2026063020075681675,Nước Ép Cam Cà Rốt (L),VNCAT2025121001483664914,NƯỚC ÉP TƯƠI,89000,1,,,VNMOG2026070821565218046,MỨC ĐÁ NƯỚC ÉP,1,1,VNMOD20260708215652028792,50% Đá,0,1
VNITE2026063020075681675,Nước Ép Cam Cà Rốt (L),VNCAT2025121001483664914,NƯỚC ÉP TƯƠI,89000,1,,,VNMOG2026070821565218046,MỨC ĐÁ NƯỚC ÉP,1,1,VNMOD20260708215652036647,0% Đá (Đầy Cốc Nước Ép),80000,1
VNITE2026063020075681675,Nước Ép Cam Cà Rốt (L),VNCAT2025121001483664914,NƯỚC ÉP TƯƠI,89000,1,,,VNMOG2026070821565218046,MỨC ĐÁ NƯỚC ÉP,1,1,VNMOD20260708215652040879,Đá Riêng Đựng Túi Zip,5000,1
VNITE2026063020075681675,Nước Ép Cam Cà Rốt (L),VNCAT2025121001483664914,NƯỚC ÉP TƯƠI,89000,1,,,VNMOG2026063019181553559,ĐƯỜNG NƯỚC ÉP,1,1,VNMOD20260630191815017504,0% đường,0,1
VNITE2026063020075681675,Nước Ép Cam Cà Rốt (L),VNCAT2025121001483664914,NƯỚC ÉP TƯƠI,89000,1,,,VNMOG2026063019181553559,ĐƯỜNG NƯỚC ÉP,1,1,VNMOD20260630191815024315,Hũ Đường Nước Riêng,0,1
VNITE2026063020075681675,Nước Ép Cam Cà Rốt (L),VNCAT2025121001483664914,NƯỚC ÉP TƯƠI,89000,1,,,VNMOG2026063019181553559,ĐƯỜNG NƯỚC ÉP,1,1,VNMOD20260630191815033508,Đường Ăn Kiêng,5000,1
VNITE20251210014836049623,Nước Ép Dưa Hấu Vải (M),VNCAT2025121001483664914,NƯỚC ÉP TƯƠI,79000,1,,,VNMOG2026063019062792408,TOPPINGS NƯỚC SIZE L,0,14,VNMOD20260728120958018426,🫗Nhựa Đào,40000,1
VNITE20251210014836049623,Nước Ép Dưa Hấu Vải (M),VNCAT2025121001483664914,NƯỚC ÉP TƯƠI,79000,1,,,VNMOG2026063019062792408,TOPPINGS NƯỚC SIZE L,0,14,VNMOD20260728120958024241,🍄Nấm Tuyết,40000,1
VNITE20251210014836049623,Nước Ép Dưa Hấu Vải (M),VNCAT2025121001483664914,NƯỚC ÉP TƯƠI,79000,1,,,VNMOG2026063019062792408,TOPPINGS NƯỚC SIZE L,0,14,VNMOD20260728120958033950,🏐Nhãn Nhục,50000,1
VNITE20251210014836049623,Nước Ép Dưa Hấu Vải (M),VNCAT2025121001483664914,NƯỚC ÉP TƯƠI,79000,1,,,VNMOG2026063019062792408,TOPPINGS NƯỚC SIZE L,0,14,VNMOD20260630190628016741,🌼Vàng Lá,20000,1
VNITE20251210014836049623,Nước Ép Dưa Hấu Vải (M),VNCAT2025121001483664914,NƯỚC ÉP TƯƠI,79000,1,,,VNMOG2026063019062792408,TOPPINGS NƯỚC SIZE L,0,14,VNMOD20260630190628024121,🍭Kẹo Mút Xốp,20000,1
VNITE20251210014836049623,Nước Ép Dưa Hấu Vải (M),VNCAT2025121001483664914,NƯỚC ÉP TƯƠI,79000,1,,,VNMOG2026063019062792408,TOPPINGS NƯỚC SIZE L,0,14,VNMOD20260630190628033861,☕️Thạch Cafe,20000,1
VNITE20251210014836049623,Nước Ép Dưa Hấu Vải (M),VNCAT2025121001483664914,NƯỚC ÉP TƯƠI,79000,1,,,VNMOG2026063019062792408,TOPPINGS NƯỚC SIZE L,0,14,VNMOD20260630190628046181,🍑Thạch Dừa Vị Đào,20000,1
VNITE20251210014836049623,Nước Ép Dưa Hấu Vải (M),VNCAT2025121001483664914,NƯỚC ÉP TƯƠI,79000,1,,,VNMOG2026063019062792408,TOPPINGS NƯỚC SIZE L,0,14,VNMOD20260630190628057865,🩶Hạt Chia,15000,1
VNITE20251210014836049623,Nước Ép Dưa Hấu Vải (M),VNCAT2025121001483664914,NƯỚC ÉP TƯƠI,79000,1,,,VNMOG2026063019062792408,TOPPINGS NƯỚC SIZE L,0,14,VNMOD20260630190628062501,🍑Mochi Đào,30000,1
VNITE20251210014836049623,Nước Ép Dưa Hấu Vải (M),VNCAT2025121001483664914,NƯỚC ÉP TƯƠI,79000,1,,,VNMOG2026063019062792408,TOPPINGS NƯỚC SIZE L,0,14,VNMOD20260630190628075255,⚪️Khúc Bạch,35000,1
VNITE20251210014836049623,Nước Ép Dưa Hấu Vải (M),VNCAT2025121001483664914,NƯỚC ÉP TƯƠI,79000,1,,,VNMOG2026063019062792408,TOPPINGS NƯỚC SIZE L,0,14,VNMOD20260630190628086001,🖤Sương Sáo,20000,1
VNITE20251210014836049623,Nước Ép Dưa Hấu Vải (M),VNCAT2025121001483664914,NƯỚC ÉP TƯƠI,79000,1,,,VNMOG2026063019062792408,TOPPINGS NƯỚC SIZE L,0,14,VNMOD20260630190628097471,🍵Thạch Matcha,20000,1
VNITE20251210014836049623,Nước Ép Dưa Hấu Vải (M),VNCAT2025121001483664914,NƯỚC ÉP TƯƠI,79000,1,,,VNMOG2026063019062792408,TOPPINGS NƯỚC SIZE L,0,14,VNMOD20260630190628109200,🍀Thạch Nha Đam,25000,1
VNITE20251210014836049623,Nước Ép Dưa Hấu Vải (M),VNCAT2025121001483664914,NƯỚC ÉP TƯƠI,79000,1,,,VNMOG2026063019062792408,TOPPINGS NƯỚC SIZE L,0,14,VNMOD20260630190628119022,🧋Trân Châu Trắng,20000,1
VNITE20251210014836049623,Nước Ép Dưa Hấu Vải (M),VNCAT2025121001483664914,NƯỚC ÉP TƯƠI,79000,1,,,VNMOG2026063019062792408,TOPPINGS NƯỚC SIZE L,0,14,VNMOD20260630190628120791,💜Hạt Nổ Khoai Môn,40000,1
VNITE20251210014836049623,Nước Ép Dưa Hấu Vải (M),VNCAT2025121001483664914,NƯỚC ÉP TƯƠI,79000,1,,,VNMOG2026063019062792408,TOPPINGS NƯỚC SIZE L,0,14,VNMOD20260630190628134965,🍮Kem Flan,50000,1
VNITE20251210014836049623,Nước Ép Dưa Hấu Vải (M),VNCAT2025121001483664914,NƯỚC ÉP TƯƠI,79000,1,,,VNMOG2026063019062792408,TOPPINGS NƯỚC SIZE L,0,14,VNMOD20260630190628148911,🧂Kem Muối,20000,1
VNITE20251210014836049623,Nước Ép Dưa Hấu Vải (M),VNCAT2025121001483664914,NƯỚC ÉP TƯƠI,79000,1,,,VNMOG2026070821551572731,MỨC ĐÁ NƯỚC ÉP,1,1,VNMOD20260708215515017944,100% Đá,0,1
VNITE20251210014836049623,Nước Ép Dưa Hấu Vải (M),VNCAT2025121001483664914,NƯỚC ÉP TƯƠI,79000,1,,,VNMOG2026070821551572731,MỨC ĐÁ NƯỚC ÉP,1,1,VNMOD20260708215515029168,50% Đá,0,1
VNITE20251210014836049623,Nước Ép Dưa Hấu Vải (M),VNCAT2025121001483664914,NƯỚC ÉP TƯƠI,79000,1,,,VNMOG2026070821551572731,MỨC ĐÁ NƯỚC ÉP,1,1,VNMOD20260708215515034384,0% Đá (Đầy Cốc Nước Ép),70000,1
VNITE20251210014836049623,Nước Ép Dưa Hấu Vải (M),VNCAT2025121001483664914,NƯỚC ÉP TƯƠI,79000,1,,,VNMOG2026070821551572731,MỨC ĐÁ NƯỚC ÉP,1,1,VNMOD20260708215515046340,Đá Riêng Đựng Túi Zip,5000,1
VNITE20251210014836049623,Nước Ép Dưa Hấu Vải (M),VNCAT2025121001483664914,NƯỚC ÉP TƯƠI,79000,1,,,VNMOG2026063019181553559,ĐƯỜNG NƯỚC ÉP,1,1,VNMOD20260630191815017504,0% đường,0,1
VNITE20251210014836049623,Nước Ép Dưa Hấu Vải (M),VNCAT2025121001483664914,NƯỚC ÉP TƯƠI,79000,1,,,VNMOG2026063019181553559,ĐƯỜNG NƯỚC ÉP,1,1,VNMOD20260630191815024315,Hũ Đường Nước Riêng,0,1
VNITE20251210014836049623,Nước Ép Dưa Hấu Vải (M),VNCAT2025121001483664914,NƯỚC ÉP TƯƠI,79000,1,,,VNMOG2026063019181553559,ĐƯỜNG NƯỚC ÉP,1,1,VNMOD20260630191815033508,Đường Ăn Kiêng,5000,1
VNITE20251210014836049623,Nước Ép Dưa Hấu Vải (M),VNCAT2025121001483664914,NƯỚC ÉP TƯƠI,79000,1,,,VNMOG2026063018560291224,TRÂN CHÂU HẠT NỔ SIZE L,0,7,VNMOD20260630185602010509,🍈Trân Châu Nổ Dưa Lưới L,35000,1
VNITE20251210014836049623,Nước Ép Dưa Hấu Vải (M),VNCAT2025121001483664914,NƯỚC ÉP TƯƠI,79000,1,,,VNMOG2026063018560291224,TRÂN CHÂU HẠT NỔ SIZE L,0,7,VNMOD20260701203137011333,🍇Trân Châu Nổ Nho L,35000,1
VNITE20251210014836049623,Nước Ép Dưa Hấu Vải (M),VNCAT2025121001483664914,NƯỚC ÉP TƯƠI,79000,1,,,VNMOG2026063018560291224,TRÂN CHÂU HẠT NỔ SIZE L,0,7,VNMOD20260630185602024752,🫐Trân Châu Nổ Việt Quất L,35000,1
VNITE20251210014836049623,Nước Ép Dưa Hấu Vải (M),VNCAT2025121001483664914,NƯỚC ÉP TƯƠI,79000,1,,,VNMOG2026063018560291224,TRÂN CHÂU HẠT NỔ SIZE L,0,7,VNMOD20260630185602039482,🍓Trân Châu Nổ Dâu Tây L,35000,1
VNITE20251210014836049623,Nước Ép Dưa Hấu Vải (M),VNCAT2025121001483664914,NƯỚC ÉP TƯƠI,79000,1,,,VNMOG2026063018560291224,TRÂN CHÂU HẠT NỔ SIZE L,0,7,VNMOD20260701203137028578,🥝Trân Châu Nổ Kiwi L,35000,1
VNITE20251210014836049623,Nước Ép Dưa Hấu Vải (M),VNCAT2025121001483664914,NƯỚC ÉP TƯƠI,79000,1,,,VNMOG2026063018560291224,TRÂN CHÂU HẠT NỔ SIZE L,0,7,VNMOD20260630185602041378,🍑Trân Châu Nổ Đào L,35000,1
VNITE20251210014836049623,Nước Ép Dưa Hấu Vải (M),VNCAT2025121001483664914,NƯỚC ÉP TƯƠI,79000,1,,,VNMOG2026063018560291224,TRÂN CHÂU HẠT NỔ SIZE L,0,7,VNMOD20260630185602051732,🫙Trân Châu Nổ Sữa Chua L,35000,1
VNITE2026063018185629732,Nước Ép Dưa Hấu Vải (L),VNCAT2025121001483664914,NƯỚC ÉP TƯƠI,109000,1,,,VNMOG2026063019062792408,TOPPINGS NƯỚC SIZE L,0,14,VNMOD20260728120958018426,🫗Nhựa Đào,40000,1
VNITE2026063018185629732,Nước Ép Dưa Hấu Vải (L),VNCAT2025121001483664914,NƯỚC ÉP TƯƠI,109000,1,,,VNMOG2026063019062792408,TOPPINGS NƯỚC SIZE L,0,14,VNMOD20260728120958024241,🍄Nấm Tuyết,40000,1
VNITE2026063018185629732,Nước Ép Dưa Hấu Vải (L),VNCAT2025121001483664914,NƯỚC ÉP TƯƠI,109000,1,,,VNMOG2026063019062792408,TOPPINGS NƯỚC SIZE L,0,14,VNMOD20260728120958033950,🏐Nhãn Nhục,50000,1
VNITE2026063018185629732,Nước Ép Dưa Hấu Vải (L),VNCAT2025121001483664914,NƯỚC ÉP TƯƠI,109000,1,,,VNMOG2026063019062792408,TOPPINGS NƯỚC SIZE L,0,14,VNMOD20260630190628016741,🌼Vàng Lá,20000,1
VNITE2026063018185629732,Nước Ép Dưa Hấu Vải (L),VNCAT2025121001483664914,NƯỚC ÉP TƯƠI,109000,1,,,VNMOG2026063019062792408,TOPPINGS NƯỚC SIZE L,0,14,VNMOD20260630190628024121,🍭Kẹo Mút Xốp,20000,1
VNITE2026063018185629732,Nước Ép Dưa Hấu Vải (L),VNCAT2025121001483664914,NƯỚC ÉP TƯƠI,109000,1,,,VNMOG2026063019062792408,TOPPINGS NƯỚC SIZE L,0,14,VNMOD20260630190628033861,☕️Thạch Cafe,20000,1
VNITE2026063018185629732,Nước Ép Dưa Hấu Vải (L),VNCAT2025121001483664914,NƯỚC ÉP TƯƠI,109000,1,,,VNMOG2026063019062792408,TOPPINGS NƯỚC SIZE L,0,14,VNMOD20260630190628046181,🍑Thạch Dừa Vị Đào,20000,1
VNITE2026063018185629732,Nước Ép Dưa Hấu Vải (L),VNCAT2025121001483664914,NƯỚC ÉP TƯƠI,109000,1,,,VNMOG2026063019062792408,TOPPINGS NƯỚC SIZE L,0,14,VNMOD20260630190628057865,🩶Hạt Chia,15000,1
VNITE2026063018185629732,Nước Ép Dưa Hấu Vải (L),VNCAT2025121001483664914,NƯỚC ÉP TƯƠI,109000,1,,,VNMOG2026063019062792408,TOPPINGS NƯỚC SIZE L,0,14,VNMOD20260630190628062501,🍑Mochi Đào,30000,1
VNITE2026063018185629732,Nước Ép Dưa Hấu Vải (L),VNCAT2025121001483664914,NƯỚC ÉP TƯƠI,109000,1,,,VNMOG2026063019062792408,TOPPINGS NƯỚC SIZE L,0,14,VNMOD20260630190628075255,⚪️Khúc Bạch,35000,1
VNITE2026063018185629732,Nước Ép Dưa Hấu Vải (L),VNCAT2025121001483664914,NƯỚC ÉP TƯƠI,109000,1,,,VNMOG2026063019062792408,TOPPINGS NƯỚC SIZE L,0,14,VNMOD20260630190628086001,🖤Sương Sáo,20000,1
VNITE2026063018185629732,Nước Ép Dưa Hấu Vải (L),VNCAT2025121001483664914,NƯỚC ÉP TƯƠI,109000,1,,,VNMOG2026063019062792408,TOPPINGS NƯỚC SIZE L,0,14,VNMOD20260630190628097471,🍵Thạch Matcha,20000,1
VNITE2026063018185629732,Nước Ép Dưa Hấu Vải (L),VNCAT2025121001483664914,NƯỚC ÉP TƯƠI,109000,1,,,VNMOG2026063019062792408,TOPPINGS NƯỚC SIZE L,0,14,VNMOD20260630190628109200,🍀Thạch Nha Đam,25000,1
VNITE2026063018185629732,Nước Ép Dưa Hấu Vải (L),VNCAT2025121001483664914,NƯỚC ÉP TƯƠI,109000,1,,,VNMOG2026063019062792408,TOPPINGS NƯỚC SIZE L,0,14,VNMOD20260630190628119022,🧋Trân Châu Trắng,20000,1
VNITE2026063018185629732,Nước Ép Dưa Hấu Vải (L),VNCAT2025121001483664914,NƯỚC ÉP TƯƠI,109000,1,,,VNMOG2026063019062792408,TOPPINGS NƯỚC SIZE L,0,14,VNMOD20260630190628120791,💜Hạt Nổ Khoai Môn,40000,1
VNITE2026063018185629732,Nước Ép Dưa Hấu Vải (L),VNCAT2025121001483664914,NƯỚC ÉP TƯƠI,109000,1,,,VNMOG2026063019062792408,TOPPINGS NƯỚC SIZE L,0,14,VNMOD20260630190628134965,🍮Kem Flan,50000,1
VNITE2026063018185629732,Nước Ép Dưa Hấu Vải (L),VNCAT2025121001483664914,NƯỚC ÉP TƯƠI,109000,1,,,VNMOG2026063019062792408,TOPPINGS NƯỚC SIZE L,0,14,VNMOD20260630190628148911,🧂Kem Muối,20000,1
VNITE2026063018185629732,Nước Ép Dưa Hấu Vải (L),VNCAT2025121001483664914,NƯỚC ÉP TƯƠI,109000,1,,,VNMOG2026063018560291224,TRÂN CHÂU HẠT NỔ SIZE L,0,7,VNMOD20260630185602010509,🍈Trân Châu Nổ Dưa Lưới L,35000,1
VNITE2026063018185629732,Nước Ép Dưa Hấu Vải (L),VNCAT2025121001483664914,NƯỚC ÉP TƯƠI,109000,1,,,VNMOG2026063018560291224,TRÂN CHÂU HẠT NỔ SIZE L,0,7,VNMOD20260701203137011333,🍇Trân Châu Nổ Nho L,35000,1
VNITE2026063018185629732,Nước Ép Dưa Hấu Vải (L),VNCAT2025121001483664914,NƯỚC ÉP TƯƠI,109000,1,,,VNMOG2026063018560291224,TRÂN CHÂU HẠT NỔ SIZE L,0,7,VNMOD20260630185602024752,🫐Trân Châu Nổ Việt Quất L,35000,1
VNITE2026063018185629732,Nước Ép Dưa Hấu Vải (L),VNCAT2025121001483664914,NƯỚC ÉP TƯƠI,109000,1,,,VNMOG2026063018560291224,TRÂN CHÂU HẠT NỔ SIZE L,0,7,VNMOD20260630185602039482,🍓Trân Châu Nổ Dâu Tây L,35000,1
VNITE2026063018185629732,Nước Ép Dưa Hấu Vải (L),VNCAT2025121001483664914,NƯỚC ÉP TƯƠI,109000,1,,,VNMOG2026063018560291224,TRÂN CHÂU HẠT NỔ SIZE L,0,7,VNMOD20260701203137028578,🥝Trân Châu Nổ Kiwi L,35000,1
VNITE2026063018185629732,Nước Ép Dưa Hấu Vải (L),VNCAT2025121001483664914,NƯỚC ÉP TƯƠI,109000,1,,,VNMOG2026063018560291224,TRÂN CHÂU HẠT NỔ SIZE L,0,7,VNMOD20260630185602041378,🍑Trân Châu Nổ Đào L,35000,1
VNITE2026063018185629732,Nước Ép Dưa Hấu Vải (L),VNCAT2025121001483664914,NƯỚC ÉP TƯƠI,109000,1,,,VNMOG2026063018560291224,TRÂN CHÂU HẠT NỔ SIZE L,0,7,VNMOD20260630185602051732,🫙Trân Châu Nổ Sữa Chua L,35000,1
VNITE2026063018185629732,Nước Ép Dưa Hấu Vải (L),VNCAT2025121001483664914,NƯỚC ÉP TƯƠI,109000,1,,,VNMOG2026070821582456077,MỨC ĐÁ NƯỚC ÉP,1,1,VNMOD20260708215824010568,100% Đá,0,1
VNITE2026063018185629732,Nước Ép Dưa Hấu Vải (L),VNCAT2025121001483664914,NƯỚC ÉP TƯƠI,109000,1,,,VNMOG2026070821582456077,MỨC ĐÁ NƯỚC ÉP,1,1,VNMOD20260708215824020218,50% Đá,0,1
VNITE2026063018185629732,Nước Ép Dưa Hấu Vải (L),VNCAT2025121001483664914,NƯỚC ÉP TƯƠI,109000,1,,,VNMOG2026070821582456077,MỨC ĐÁ NƯỚC ÉP,1,1,VNMOD20260708215824038431,0% Đá (Đầy Cốc Nước Ép),100000,1
VNITE2026063018185629732,Nước Ép Dưa Hấu Vải (L),VNCAT2025121001483664914,NƯỚC ÉP TƯƠI,109000,1,,,VNMOG2026070821582456077,MỨC ĐÁ NƯỚC ÉP,1,1,VNMOD20260708215824041865,Đá Riêng Đựng Túi Zip,5000,1
VNITE2026063018185629732,Nước Ép Dưa Hấu Vải (L),VNCAT2025121001483664914,NƯỚC ÉP TƯƠI,109000,1,,,VNMOG2026063019181553559,ĐƯỜNG NƯỚC ÉP,1,1,VNMOD20260630191815017504,0% đường,0,1
VNITE2026063018185629732,Nước Ép Dưa Hấu Vải (L),VNCAT2025121001483664914,NƯỚC ÉP TƯƠI,109000,1,,,VNMOG2026063019181553559,ĐƯỜNG NƯỚC ÉP,1,1,VNMOD20260630191815024315,Hũ Đường Nước Riêng,0,1
VNITE2026063018185629732,Nước Ép Dưa Hấu Vải (L),VNCAT2025121001483664914,NƯỚC ÉP TƯƠI,109000,1,,,VNMOG2026063019181553559,ĐƯỜNG NƯỚC ÉP,1,1,VNMOD20260630191815033508,Đường Ăn Kiêng,5000,1
VNITE2026063018181422763,Nước Ép Dưa Hấu (M),VNCAT2025121001483664914,NƯỚC ÉP TƯƠI,69000,1,,,VNMOG2026070821531067287,MỨC ĐÁ NƯỚC ÉP,1,1,VNMOD20260708215310010757,100% Đá,0,1
VNITE2026063018181422763,Nước Ép Dưa Hấu (M),VNCAT2025121001483664914,NƯỚC ÉP TƯƠI,69000,1,,,VNMOG2026070821531067287,MỨC ĐÁ NƯỚC ÉP,1,1,VNMOD20260708215310026221,50% Đá,0,1
VNITE2026063018181422763,Nước Ép Dưa Hấu (M),VNCAT2025121001483664914,NƯỚC ÉP TƯƠI,69000,1,,,VNMOG2026070821531067287,MỨC ĐÁ NƯỚC ÉP,1,1,VNMOD20260708215310039134,0% Đá (Đầy cốc nước ép),60000,1
VNITE2026063018181422763,Nước Ép Dưa Hấu (M),VNCAT2025121001483664914,NƯỚC ÉP TƯƠI,69000,1,,,VNMOG2026070821531067287,MỨC ĐÁ NƯỚC ÉP,1,1,VNMOD20260708215310045870,Đá Riêng Đựng Túi Zip,5000,1
VNITE2026063018181422763,Nước Ép Dưa Hấu (M),VNCAT2025121001483664914,NƯỚC ÉP TƯƠI,69000,1,,,VNMOG2026040205120434503,TRÂN CHÂU HẠT NỔ SIZE M,0,7,VNMOD20260509171054013175,🍈Trân Châu Nổ Dưa Lưới M,25000,1
VNITE2026063018181422763,Nước Ép Dưa Hấu (M),VNCAT2025121001483664914,NƯỚC ÉP TƯƠI,69000,1,,,VNMOG2026040205120434503,TRÂN CHÂU HẠT NỔ SIZE M,0,7,VNMOD20260509171054029404,🥝Trân Châu Nổ Kiwi M,25000,1
VNITE2026063018181422763,Nước Ép Dưa Hấu (M),VNCAT2025121001483664914,NƯỚC ÉP TƯƠI,69000,1,,,VNMOG2026040205120434503,TRÂN CHÂU HẠT NỔ SIZE M,0,7,VNMOD20260402051204015377,🍇Trân Châu Nổ Nho M,25000,1
VNITE2026063018181422763,Nước Ép Dưa Hấu (M),VNCAT2025121001483664914,NƯỚC ÉP TƯƠI,69000,1,,,VNMOG2026040205120434503,TRÂN CHÂU HẠT NỔ SIZE M,0,7,VNMOD20260402051204027788,🫐Trân Châu Nổ Việt Quất M,25000,1
VNITE2026063018181422763,Nước Ép Dưa Hấu (M),VNCAT2025121001483664914,NƯỚC ÉP TƯƠI,69000,1,,,VNMOG2026040205120434503,TRÂN CHÂU HẠT NỔ SIZE M,0,7,VNMOD20260402051204039633,🍓Trân Châu Nổ Dâu Tây M,25000,1
VNITE2026063018181422763,Nước Ép Dưa Hấu (M),VNCAT2025121001483664914,NƯỚC ÉP TƯƠI,69000,1,,,VNMOG2026040205120434503,TRÂN CHÂU HẠT NỔ SIZE M,0,7,VNMOD20260402051204042483,🍑Trân Châu Nổ Đào M,25000,1
VNITE2026063018181422763,Nước Ép Dưa Hấu (M),VNCAT2025121001483664914,NƯỚC ÉP TƯƠI,69000,1,,,VNMOG2026040205120434503,TRÂN CHÂU HẠT NỔ SIZE M,0,7,VNMOD20260402051204050121,🫙Trân Châu Nổ Sữa Chua M,25000,1
VNITE2026063018181422763,Nước Ép Dưa Hấu (M),VNCAT2025121001483664914,NƯỚC ÉP TƯƠI,69000,1,,,VNMOG2026010214381357793,TOPPINGS NƯỚC SIZE M,0,14,VNMOD20260728120859016081,🏐Nhãn Nhục,40000,1
VNITE2026063018181422763,Nước Ép Dưa Hấu (M),VNCAT2025121001483664914,NƯỚC ÉP TƯƠI,69000,1,,,VNMOG2026010214381357793,TOPPINGS NƯỚC SIZE M,0,14,VNMOD20260728120859024399,🍄Nấm Tuyết,30000,1
VNITE2026063018181422763,Nước Ép Dưa Hấu (M),VNCAT2025121001483664914,NƯỚC ÉP TƯƠI,69000,1,,,VNMOG2026010214381357793,TOPPINGS NƯỚC SIZE M,0,14,VNMOD20260728120859035219,🫗Nhựa Đào,30000,1
VNITE2026063018181422763,Nước Ép Dưa Hấu (M),VNCAT2025121001483664914,NƯỚC ÉP TƯƠI,69000,1,,,VNMOG2026010214381357793,TOPPINGS NƯỚC SIZE M,0,14,VNMOD20260525094214016070,🌼Vàng Lá,20000,1
VNITE2026063018181422763,Nước Ép Dưa Hấu (M),VNCAT2025121001483664914,NƯỚC ÉP TƯƠI,69000,1,,,VNMOG2026010214381357793,TOPPINGS NƯỚC SIZE M,0,14,VNMOD20260525094214029352,🍭Kẹo Mút Xốp,20000,1
VNITE2026063018181422763,Nước Ép Dưa Hấu (M),VNCAT2025121001483664914,NƯỚC ÉP TƯƠI,69000,1,,,VNMOG2026010214381357793,TOPPINGS NƯỚC SIZE M,0,14,VNMOD20260520121848014884,☕️Thạch Cafe,15000,1
VNITE2026063018181422763,Nước Ép Dưa Hấu (M),VNCAT2025121001483664914,NƯỚC ÉP TƯƠI,69000,1,,,VNMOG2026010214381357793,TOPPINGS NƯỚC SIZE M,0,14,VNMOD20260509171133012746,🍑Thạch Dừa Vị Đào,15000,1
VNITE2026063018181422763,Nước Ép Dưa Hấu (M),VNCAT2025121001483664914,NƯỚC ÉP TƯƠI,69000,1,,,VNMOG2026010214381357793,TOPPINGS NƯỚC SIZE M,0,14,VNMOD20260509171133025336,🩶Hạt Chia,10000,1
VNITE2026063018181422763,Nước Ép Dưa Hấu (M),VNCAT2025121001483664914,NƯỚC ÉP TƯƠI,69000,1,,,VNMOG2026010214381357793,TOPPINGS NƯỚC SIZE M,0,14,VNMOD20260520121848024526,🍑Mochi Đào,30000,1
VNITE2026063018181422763,Nước Ép Dưa Hấu (M),VNCAT2025121001483664914,NƯỚC ÉP TƯƠI,69000,1,,,VNMOG2026010214381357793,TOPPINGS NƯỚC SIZE M,0,14,VNMOD20260102143813012309,⚪️Khúc Bạch,30000,1
VNITE2026063018181422763,Nước Ép Dưa Hấu (M),VNCAT2025121001483664914,NƯỚC ÉP TƯƠI,69000,1,,,VNMOG2026010214381357793,TOPPINGS NƯỚC SIZE M,0,14,VNMOD20260102143813021051,🖤Sương Sáo,15000,1
VNITE2026063018181422763,Nước Ép Dưa Hấu (M),VNCAT2025121001483664914,NƯỚC ÉP TƯƠI,69000,1,,,VNMOG2026010214381357793,TOPPINGS NƯỚC SIZE M,0,14,VNMOD20260102143813035207,🍵Thạch Matcha,15000,1
VNITE2026063018181422763,Nước Ép Dưa Hấu (M),VNCAT2025121001483664914,NƯỚC ÉP TƯƠI,69000,1,,,VNMOG2026010214381357793,TOPPINGS NƯỚC SIZE M,0,14,VNMOD20260102143813047639,🍀Thạch Nha Đam,20000,1
VNITE2026063018181422763,Nước Ép Dưa Hấu (M),VNCAT2025121001483664914,NƯỚC ÉP TƯƠI,69000,1,,,VNMOG2026010214381357793,TOPPINGS NƯỚC SIZE M,0,14,VNMOD20260102143813069685,🫧Trân Châu Trắng,15000,1
VNITE2026063018181422763,Nước Ép Dưa Hấu (M),VNCAT2025121001483664914,NƯỚC ÉP TƯƠI,69000,1,,,VNMOG2026010214381357793,TOPPINGS NƯỚC SIZE M,0,14,VNMOD20260128094817012683,💜Hạt Nổ Khoai Môn,30000,1
VNITE2026063018181422763,Nước Ép Dưa Hấu (M),VNCAT2025121001483664914,NƯỚC ÉP TƯƠI,69000,1,,,VNMOG2026010214381357793,TOPPINGS NƯỚC SIZE M,0,14,VNMOD20260102143813118751,🍮Kem Flan,50000,1
VNITE2026063018181422763,Nước Ép Dưa Hấu (M),VNCAT2025121001483664914,NƯỚC ÉP TƯƠI,69000,1,,,VNMOG2026010214381357793,TOPPINGS NƯỚC SIZE M,0,14,VNMOD20260102143813120730,🧂Kem Muối,15000,1
VNITE2026063018181422763,Nước Ép Dưa Hấu (M),VNCAT2025121001483664914,NƯỚC ÉP TƯƠI,69000,1,,,VNMOG2026063019181553559,ĐƯỜNG NƯỚC ÉP,1,1,VNMOD20260630191815017504,0% đường,0,1
VNITE2026063018181422763,Nước Ép Dưa Hấu (M),VNCAT2025121001483664914,NƯỚC ÉP TƯƠI,69000,1,,,VNMOG2026063019181553559,ĐƯỜNG NƯỚC ÉP,1,1,VNMOD20260630191815024315,Hũ Đường Nước Riêng,0,1
VNITE2026063018181422763,Nước Ép Dưa Hấu (M),VNCAT2025121001483664914,NƯỚC ÉP TƯƠI,69000,1,,,VNMOG2026063019181553559,ĐƯỜNG NƯỚC ÉP,1,1,VNMOD20260630191815033508,Đường Ăn Kiêng,5000,1
VNITE2026063018182707535,Nước Ép Dưa Hấu (L),VNCAT2025121001483664914,NƯỚC ÉP TƯƠI,89000,1,,,VNMOG2026040205120434503,TRÂN CHÂU HẠT NỔ SIZE M,0,7,VNMOD20260509171054013175,🍈Trân Châu Nổ Dưa Lưới M,25000,1
VNITE2026063018182707535,Nước Ép Dưa Hấu (L),VNCAT2025121001483664914,NƯỚC ÉP TƯƠI,89000,1,,,VNMOG2026040205120434503,TRÂN CHÂU HẠT NỔ SIZE M,0,7,VNMOD20260509171054029404,🥝Trân Châu Nổ Kiwi M,25000,1
VNITE2026063018182707535,Nước Ép Dưa Hấu (L),VNCAT2025121001483664914,NƯỚC ÉP TƯƠI,89000,1,,,VNMOG2026040205120434503,TRÂN CHÂU HẠT NỔ SIZE M,0,7,VNMOD20260402051204015377,🍇Trân Châu Nổ Nho M,25000,1
VNITE2026063018182707535,Nước Ép Dưa Hấu (L),VNCAT2025121001483664914,NƯỚC ÉP TƯƠI,89000,1,,,VNMOG2026040205120434503,TRÂN CHÂU HẠT NỔ SIZE M,0,7,VNMOD20260402051204027788,🫐Trân Châu Nổ Việt Quất M,25000,1
VNITE2026063018182707535,Nước Ép Dưa Hấu (L),VNCAT2025121001483664914,NƯỚC ÉP TƯƠI,89000,1,,,VNMOG2026040205120434503,TRÂN CHÂU HẠT NỔ SIZE M,0,7,VNMOD20260402051204039633,🍓Trân Châu Nổ Dâu Tây M,25000,1
VNITE2026063018182707535,Nước Ép Dưa Hấu (L),VNCAT2025121001483664914,NƯỚC ÉP TƯƠI,89000,1,,,VNMOG2026040205120434503,TRÂN CHÂU HẠT NỔ SIZE M,0,7,VNMOD20260402051204042483,🍑Trân Châu Nổ Đào M,25000,1
VNITE2026063018182707535,Nước Ép Dưa Hấu (L),VNCAT2025121001483664914,NƯỚC ÉP TƯƠI,89000,1,,,VNMOG2026040205120434503,TRÂN CHÂU HẠT NỔ SIZE M,0,7,VNMOD20260402051204050121,🫙Trân Châu Nổ Sữa Chua M,25000,1
VNITE2026063018182707535,Nước Ép Dưa Hấu (L),VNCAT2025121001483664914,NƯỚC ÉP TƯƠI,89000,1,,,VNMOG2026010214381357793,TOPPINGS NƯỚC SIZE M,0,14,VNMOD20260728120859016081,🏐Nhãn Nhục,40000,1
VNITE2026063018182707535,Nước Ép Dưa Hấu (L),VNCAT2025121001483664914,NƯỚC ÉP TƯƠI,89000,1,,,VNMOG2026010214381357793,TOPPINGS NƯỚC SIZE M,0,14,VNMOD20260728120859024399,🍄Nấm Tuyết,30000,1
VNITE2026063018182707535,Nước Ép Dưa Hấu (L),VNCAT2025121001483664914,NƯỚC ÉP TƯƠI,89000,1,,,VNMOG2026010214381357793,TOPPINGS NƯỚC SIZE M,0,14,VNMOD20260728120859035219,🫗Nhựa Đào,30000,1
VNITE2026063018182707535,Nước Ép Dưa Hấu (L),VNCAT2025121001483664914,NƯỚC ÉP TƯƠI,89000,1,,,VNMOG2026010214381357793,TOPPINGS NƯỚC SIZE M,0,14,VNMOD20260525094214016070,🌼Vàng Lá,20000,1
VNITE2026063018182707535,Nước Ép Dưa Hấu (L),VNCAT2025121001483664914,NƯỚC ÉP TƯƠI,89000,1,,,VNMOG2026010214381357793,TOPPINGS NƯỚC SIZE M,0,14,VNMOD20260525094214029352,🍭Kẹo Mút Xốp,20000,1
VNITE2026063018182707535,Nước Ép Dưa Hấu (L),VNCAT2025121001483664914,NƯỚC ÉP TƯƠI,89000,1,,,VNMOG2026010214381357793,TOPPINGS NƯỚC SIZE M,0,14,VNMOD20260520121848014884,☕️Thạch Cafe,15000,1
VNITE2026063018182707535,Nước Ép Dưa Hấu (L),VNCAT2025121001483664914,NƯỚC ÉP TƯƠI,89000,1,,,VNMOG2026010214381357793,TOPPINGS NƯỚC SIZE M,0,14,VNMOD20260509171133012746,🍑Thạch Dừa Vị Đào,15000,1
VNITE2026063018182707535,Nước Ép Dưa Hấu (L),VNCAT2025121001483664914,NƯỚC ÉP TƯƠI,89000,1,,,VNMOG2026010214381357793,TOPPINGS NƯỚC SIZE M,0,14,VNMOD20260509171133025336,🩶Hạt Chia,10000,1
VNITE2026063018182707535,Nước Ép Dưa Hấu (L),VNCAT2025121001483664914,NƯỚC ÉP TƯƠI,89000,1,,,VNMOG2026010214381357793,TOPPINGS NƯỚC SIZE M,0,14,VNMOD20260520121848024526,🍑Mochi Đào,30000,1
VNITE2026063018182707535,Nước Ép Dưa Hấu (L),VNCAT2025121001483664914,NƯỚC ÉP TƯƠI,89000,1,,,VNMOG2026010214381357793,TOPPINGS NƯỚC SIZE M,0,14,VNMOD20260102143813012309,⚪️Khúc Bạch,30000,1
VNITE2026063018182707535,Nước Ép Dưa Hấu (L),VNCAT2025121001483664914,NƯỚC ÉP TƯƠI,89000,1,,,VNMOG2026010214381357793,TOPPINGS NƯỚC SIZE M,0,14,VNMOD20260102143813021051,🖤Sương Sáo,15000,1
VNITE2026063018182707535,Nước Ép Dưa Hấu (L),VNCAT2025121001483664914,NƯỚC ÉP TƯƠI,89000,1,,,VNMOG2026010214381357793,TOPPINGS NƯỚC SIZE M,0,14,VNMOD20260102143813035207,🍵Thạch Matcha,15000,1
VNITE2026063018182707535,Nước Ép Dưa Hấu (L),VNCAT2025121001483664914,NƯỚC ÉP TƯƠI,89000,1,,,VNMOG2026010214381357793,TOPPINGS NƯỚC SIZE M,0,14,VNMOD20260102143813047639,🍀Thạch Nha Đam,20000,1
VNITE2026063018182707535,Nước Ép Dưa Hấu (L),VNCAT2025121001483664914,NƯỚC ÉP TƯƠI,89000,1,,,VNMOG2026010214381357793,TOPPINGS NƯỚC SIZE M,0,14,VNMOD20260102143813069685,🫧Trân Châu Trắng,15000,1
VNITE2026063018182707535,Nước Ép Dưa Hấu (L),VNCAT2025121001483664914,NƯỚC ÉP TƯƠI,89000,1,,,VNMOG2026010214381357793,TOPPINGS NƯỚC SIZE M,0,14,VNMOD20260128094817012683,💜Hạt Nổ Khoai Môn,30000,1
VNITE2026063018182707535,Nước Ép Dưa Hấu (L),VNCAT2025121001483664914,NƯỚC ÉP TƯƠI,89000,1,,,VNMOG2026010214381357793,TOPPINGS NƯỚC SIZE M,0,14,VNMOD20260102143813118751,🍮Kem Flan,50000,1
VNITE2026063018182707535,Nước Ép Dưa Hấu (L),VNCAT2025121001483664914,NƯỚC ÉP TƯƠI,89000,1,,,VNMOG2026010214381357793,TOPPINGS NƯỚC SIZE M,0,14,VNMOD20260102143813120730,🧂Kem Muối,15000,1
VNITE2026063018182707535,Nước Ép Dưa Hấu (L),VNCAT2025121001483664914,NƯỚC ÉP TƯƠI,89000,1,,,VNMOG2026070821565218046,MỨC ĐÁ NƯỚC ÉP,1,1,VNMOD20260708215652010796,100% Đá,0,1
VNITE2026063018182707535,Nước Ép Dưa Hấu (L),VNCAT2025121001483664914,NƯỚC ÉP TƯƠI,89000,1,,,VNMOG2026070821565218046,MỨC ĐÁ NƯỚC ÉP,1,1,VNMOD20260708215652028792,50% Đá,0,1
VNITE2026063018182707535,Nước Ép Dưa Hấu (L),VNCAT2025121001483664914,NƯỚC ÉP TƯƠI,89000,1,,,VNMOG2026070821565218046,MỨC ĐÁ NƯỚC ÉP,1,1,VNMOD20260708215652036647,0% Đá (Đầy Cốc Nước Ép),80000,1
VNITE2026063018182707535,Nước Ép Dưa Hấu (L),VNCAT2025121001483664914,NƯỚC ÉP TƯƠI,89000,1,,,VNMOG2026070821565218046,MỨC ĐÁ NƯỚC ÉP,1,1,VNMOD20260708215652040879,Đá Riêng Đựng Túi Zip,5000,1
VNITE2026063018182707535,Nước Ép Dưa Hấu (L),VNCAT2025121001483664914,NƯỚC ÉP TƯƠI,89000,1,,,VNMOG2026063019181553559,ĐƯỜNG NƯỚC ÉP,1,1,VNMOD20260630191815017504,0% đường,0,1
VNITE2026063018182707535,Nước Ép Dưa Hấu (L),VNCAT2025121001483664914,NƯỚC ÉP TƯƠI,89000,1,,,VNMOG2026063019181553559,ĐƯỜNG NƯỚC ÉP,1,1,VNMOD20260630191815024315,Hũ Đường Nước Riêng,0,1
VNITE2026063018182707535,Nước Ép Dưa Hấu (L),VNCAT2025121001483664914,NƯỚC ÉP TƯƠI,89000,1,,,VNMOG2026063019181553559,ĐƯỜNG NƯỚC ÉP,1,1,VNMOD20260630191815033508,Đường Ăn Kiêng,5000,1
VNITE2026071516484756562,Nước khoáng Dasani 510ml,VNCAT2026071516472126020,NƯỚC KHOÁNG,50000,1,,,,,,,,,,
VNITE2026071516492971745,Nước Khoáng Evian 500ml,VNCAT2026071516472126020,NƯỚC KHOÁNG,100000,1,,,,,,,,,,
VNITE2026063018172756158,Sữa Chua Mãng Cầu (L),VNCAT2025121001491933286,SỮA CHUA,95000,1,,,VNMOG2026063019062792408,TOPPINGS NƯỚC SIZE L,0,14,VNMOD20260728120958018426,🫗Nhựa Đào,40000,1
VNITE2026063018172756158,Sữa Chua Mãng Cầu (L),VNCAT2025121001491933286,SỮA CHUA,95000,1,,,VNMOG2026063019062792408,TOPPINGS NƯỚC SIZE L,0,14,VNMOD20260728120958024241,🍄Nấm Tuyết,40000,1
VNITE2026063018172756158,Sữa Chua Mãng Cầu (L),VNCAT2025121001491933286,SỮA CHUA,95000,1,,,VNMOG2026063019062792408,TOPPINGS NƯỚC SIZE L,0,14,VNMOD20260728120958033950,🏐Nhãn Nhục,50000,1
VNITE2026063018172756158,Sữa Chua Mãng Cầu (L),VNCAT2025121001491933286,SỮA CHUA,95000,1,,,VNMOG2026063019062792408,TOPPINGS NƯỚC SIZE L,0,14,VNMOD20260630190628016741,🌼Vàng Lá,20000,1
VNITE2026063018172756158,Sữa Chua Mãng Cầu (L),VNCAT2025121001491933286,SỮA CHUA,95000,1,,,VNMOG2026063019062792408,TOPPINGS NƯỚC SIZE L,0,14,VNMOD20260630190628024121,🍭Kẹo Mút Xốp,20000,1
VNITE2026063018172756158,Sữa Chua Mãng Cầu (L),VNCAT2025121001491933286,SỮA CHUA,95000,1,,,VNMOG2026063019062792408,TOPPINGS NƯỚC SIZE L,0,14,VNMOD20260630190628033861,☕️Thạch Cafe,20000,1
VNITE2026063018172756158,Sữa Chua Mãng Cầu (L),VNCAT2025121001491933286,SỮA CHUA,95000,1,,,VNMOG2026063019062792408,TOPPINGS NƯỚC SIZE L,0,14,VNMOD20260630190628046181,🍑Thạch Dừa Vị Đào,20000,1
VNITE2026063018172756158,Sữa Chua Mãng Cầu (L),VNCAT2025121001491933286,SỮA CHUA,95000,1,,,VNMOG2026063019062792408,TOPPINGS NƯỚC SIZE L,0,14,VNMOD20260630190628057865,🩶Hạt Chia,15000,1
VNITE2026063018172756158,Sữa Chua Mãng Cầu (L),VNCAT2025121001491933286,SỮA CHUA,95000,1,,,VNMOG2026063019062792408,TOPPINGS NƯỚC SIZE L,0,14,VNMOD20260630190628062501,🍑Mochi Đào,30000,1
VNITE2026063018172756158,Sữa Chua Mãng Cầu (L),VNCAT2025121001491933286,SỮA CHUA,95000,1,,,VNMOG2026063019062792408,TOPPINGS NƯỚC SIZE L,0,14,VNMOD20260630190628075255,⚪️Khúc Bạch,35000,1
VNITE2026063018172756158,Sữa Chua Mãng Cầu (L),VNCAT2025121001491933286,SỮA CHUA,95000,1,,,VNMOG2026063019062792408,TOPPINGS NƯỚC SIZE L,0,14,VNMOD20260630190628086001,🖤Sương Sáo,20000,1
VNITE2026063018172756158,Sữa Chua Mãng Cầu (L),VNCAT2025121001491933286,SỮA CHUA,95000,1,,,VNMOG2026063019062792408,TOPPINGS NƯỚC SIZE L,0,14,VNMOD20260630190628097471,🍵Thạch Matcha,20000,1
VNITE2026063018172756158,Sữa Chua Mãng Cầu (L),VNCAT2025121001491933286,SỮA CHUA,95000,1,,,VNMOG2026063019062792408,TOPPINGS NƯỚC SIZE L,0,14,VNMOD20260630190628109200,🍀Thạch Nha Đam,25000,1
VNITE2026063018172756158,Sữa Chua Mãng Cầu (L),VNCAT2025121001491933286,SỮA CHUA,95000,1,,,VNMOG2026063019062792408,TOPPINGS NƯỚC SIZE L,0,14,VNMOD20260630190628119022,🧋Trân Châu Trắng,20000,1
VNITE2026063018172756158,Sữa Chua Mãng Cầu (L),VNCAT2025121001491933286,SỮA CHUA,95000,1,,,VNMOG2026063019062792408,TOPPINGS NƯỚC SIZE L,0,14,VNMOD20260630190628120791,💜Hạt Nổ Khoai Môn,40000,1
VNITE2026063018172756158,Sữa Chua Mãng Cầu (L),VNCAT2025121001491933286,SỮA CHUA,95000,1,,,VNMOG2026063019062792408,TOPPINGS NƯỚC SIZE L,0,14,VNMOD20260630190628134965,🍮Kem Flan,50000,1
VNITE2026063018172756158,Sữa Chua Mãng Cầu (L),VNCAT2025121001491933286,SỮA CHUA,95000,1,,,VNMOG2026063019062792408,TOPPINGS NƯỚC SIZE L,0,14,VNMOD20260630190628148911,🧂Kem Muối,20000,1
VNITE2026063018172756158,Sữa Chua Mãng Cầu (L),VNCAT2025121001491933286,SỮA CHUA,95000,1,,,VNMOG2026063018560291224,TRÂN CHÂU HẠT NỔ SIZE L,0,7,VNMOD20260630185602010509,🍈Trân Châu Nổ Dưa Lưới L,35000,1
VNITE2026063018172756158,Sữa Chua Mãng Cầu (L),VNCAT2025121001491933286,SỮA CHUA,95000,1,,,VNMOG2026063018560291224,TRÂN CHÂU HẠT NỔ SIZE L,0,7,VNMOD20260701203137011333,🍇Trân Châu Nổ Nho L,35000,1
VNITE2026063018172756158,Sữa Chua Mãng Cầu (L),VNCAT2025121001491933286,SỮA CHUA,95000,1,,,VNMOG2026063018560291224,TRÂN CHÂU HẠT NỔ SIZE L,0,7,VNMOD20260630185602024752,🫐Trân Châu Nổ Việt Quất L,35000,1
VNITE2026063018172756158,Sữa Chua Mãng Cầu (L),VNCAT2025121001491933286,SỮA CHUA,95000,1,,,VNMOG2026063018560291224,TRÂN CHÂU HẠT NỔ SIZE L,0,7,VNMOD20260630185602039482,🍓Trân Châu Nổ Dâu Tây L,35000,1
VNITE2026063018172756158,Sữa Chua Mãng Cầu (L),VNCAT2025121001491933286,SỮA CHUA,95000,1,,,VNMOG2026063018560291224,TRÂN CHÂU HẠT NỔ SIZE L,0,7,VNMOD20260701203137028578,🥝Trân Châu Nổ Kiwi L,35000,1
VNITE2026063018172756158,Sữa Chua Mãng Cầu (L),VNCAT2025121001491933286,SỮA CHUA,95000,1,,,VNMOG2026063018560291224,TRÂN CHÂU HẠT NỔ SIZE L,0,7,VNMOD20260630185602041378,🍑Trân Châu Nổ Đào L,35000,1
VNITE2026063018172756158,Sữa Chua Mãng Cầu (L),VNCAT2025121001491933286,SỮA CHUA,95000,1,,,VNMOG2026063018560291224,TRÂN CHÂU HẠT NỔ SIZE L,0,7,VNMOD20260630185602051732,🫙Trân Châu Nổ Sữa Chua L,35000,1
VNITE2026063018172756158,Sữa Chua Mãng Cầu (L),VNCAT2025121001491933286,SỮA CHUA,95000,1,,,VNMOG2026020119173846534,ĐỂ TRỌN VỊ NGON (ĐỪNG CHỌN NHÉ),0,1,VNMOD20260201191738014297,Ngon nhất khi dùng trong 2 giờ đầu,0,1
VNITE2026063018172756158,Sữa Chua Mãng Cầu (L),VNCAT2025121001491933286,SỮA CHUA,95000,1,,,VNMOG2026020119173846534,ĐỂ TRỌN VỊ NGON (ĐỪNG CHỌN NHÉ),0,1,VNMOD20260201191738027869,Giữ lạnh khi chưa sử dụng,0,1
VNITE2026063018172086399,Sữa Chua Mãng Cầu (M),VNCAT2025121001491933286,SỮA CHUA,69000,1,,,VNMOG2026010214381357793,TOPPINGS NƯỚC SIZE M,0,14,VNMOD20260728120859016081,🏐Nhãn Nhục,40000,1
VNITE2026063018172086399,Sữa Chua Mãng Cầu (M),VNCAT2025121001491933286,SỮA CHUA,69000,1,,,VNMOG2026010214381357793,TOPPINGS NƯỚC SIZE M,0,14,VNMOD20260728120859024399,🍄Nấm Tuyết,30000,1
VNITE2026063018172086399,Sữa Chua Mãng Cầu (M),VNCAT2025121001491933286,SỮA CHUA,69000,1,,,VNMOG2026010214381357793,TOPPINGS NƯỚC SIZE M,0,14,VNMOD20260728120859035219,🫗Nhựa Đào,30000,1
VNITE2026063018172086399,Sữa Chua Mãng Cầu (M),VNCAT2025121001491933286,SỮA CHUA,69000,1,,,VNMOG2026010214381357793,TOPPINGS NƯỚC SIZE M,0,14,VNMOD20260525094214016070,🌼Vàng Lá,20000,1
VNITE2026063018172086399,Sữa Chua Mãng Cầu (M),VNCAT2025121001491933286,SỮA CHUA,69000,1,,,VNMOG2026010214381357793,TOPPINGS NƯỚC SIZE M,0,14,VNMOD20260525094214029352,🍭Kẹo Mút Xốp,20000,1
VNITE2026063018172086399,Sữa Chua Mãng Cầu (M),VNCAT2025121001491933286,SỮA CHUA,69000,1,,,VNMOG2026010214381357793,TOPPINGS NƯỚC SIZE M,0,14,VNMOD20260520121848014884,☕️Thạch Cafe,15000,1
VNITE2026063018172086399,Sữa Chua Mãng Cầu (M),VNCAT2025121001491933286,SỮA CHUA,69000,1,,,VNMOG2026010214381357793,TOPPINGS NƯỚC SIZE M,0,14,VNMOD20260509171133012746,🍑Thạch Dừa Vị Đào,15000,1
VNITE2026063018172086399,Sữa Chua Mãng Cầu (M),VNCAT2025121001491933286,SỮA CHUA,69000,1,,,VNMOG2026010214381357793,TOPPINGS NƯỚC SIZE M,0,14,VNMOD20260509171133025336,🩶Hạt Chia,10000,1
VNITE2026063018172086399,Sữa Chua Mãng Cầu (M),VNCAT2025121001491933286,SỮA CHUA,69000,1,,,VNMOG2026010214381357793,TOPPINGS NƯỚC SIZE M,0,14,VNMOD20260520121848024526,🍑Mochi Đào,30000,1
VNITE2026063018172086399,Sữa Chua Mãng Cầu (M),VNCAT2025121001491933286,SỮA CHUA,69000,1,,,VNMOG2026010214381357793,TOPPINGS NƯỚC SIZE M,0,14,VNMOD20260102143813012309,⚪️Khúc Bạch,30000,1
VNITE2026063018172086399,Sữa Chua Mãng Cầu (M),VNCAT2025121001491933286,SỮA CHUA,69000,1,,,VNMOG2026010214381357793,TOPPINGS NƯỚC SIZE M,0,14,VNMOD20260102143813021051,🖤Sương Sáo,15000,1
VNITE2026063018172086399,Sữa Chua Mãng Cầu (M),VNCAT2025121001491933286,SỮA CHUA,69000,1,,,VNMOG2026010214381357793,TOPPINGS NƯỚC SIZE M,0,14,VNMOD20260102143813035207,🍵Thạch Matcha,15000,1
VNITE2026063018172086399,Sữa Chua Mãng Cầu (M),VNCAT2025121001491933286,SỮA CHUA,69000,1,,,VNMOG2026010214381357793,TOPPINGS NƯỚC SIZE M,0,14,VNMOD20260102143813047639,🍀Thạch Nha Đam,20000,1
VNITE2026063018172086399,Sữa Chua Mãng Cầu (M),VNCAT2025121001491933286,SỮA CHUA,69000,1,,,VNMOG2026010214381357793,TOPPINGS NƯỚC SIZE M,0,14,VNMOD20260102143813069685,🫧Trân Châu Trắng,15000,1
VNITE2026063018172086399,Sữa Chua Mãng Cầu (M),VNCAT2025121001491933286,SỮA CHUA,69000,1,,,VNMOG2026010214381357793,TOPPINGS NƯỚC SIZE M,0,14,VNMOD20260128094817012683,💜Hạt Nổ Khoai Môn,30000,1
VNITE2026063018172086399,Sữa Chua Mãng Cầu (M),VNCAT2025121001491933286,SỮA CHUA,69000,1,,,VNMOG2026010214381357793,TOPPINGS NƯỚC SIZE M,0,14,VNMOD20260102143813118751,🍮Kem Flan,50000,1
VNITE2026063018172086399,Sữa Chua Mãng Cầu (M),VNCAT2025121001491933286,SỮA CHUA,69000,1,,,VNMOG2026010214381357793,TOPPINGS NƯỚC SIZE M,0,14,VNMOD20260102143813120730,🧂Kem Muối,15000,1
VNITE2026063018172086399,Sữa Chua Mãng Cầu (M),VNCAT2025121001491933286,SỮA CHUA,69000,1,,,VNMOG2026020119173846534,ĐỂ TRỌN VỊ NGON (ĐỪNG CHỌN NHÉ),0,1,VNMOD20260201191738014297,Ngon nhất khi dùng trong 2 giờ đầu,0,1
VNITE2026063018172086399,Sữa Chua Mãng Cầu (M),VNCAT2025121001491933286,SỮA CHUA,69000,1,,,VNMOG2026020119173846534,ĐỂ TRỌN VỊ NGON (ĐỪNG CHỌN NHÉ),0,1,VNMOD20260201191738027869,Giữ lạnh khi chưa sử dụng,0,1
VNITE2026063018172086399,Sữa Chua Mãng Cầu (M),VNCAT2025121001491933286,SỮA CHUA,69000,1,,,VNMOG2026040205120434503,TRÂN CHÂU HẠT NỔ SIZE M,0,7,VNMOD20260509171054013175,🍈Trân Châu Nổ Dưa Lưới M,25000,1
VNITE2026063018172086399,Sữa Chua Mãng Cầu (M),VNCAT2025121001491933286,SỮA CHUA,69000,1,,,VNMOG2026040205120434503,TRÂN CHÂU HẠT NỔ SIZE M,0,7,VNMOD20260509171054029404,🥝Trân Châu Nổ Kiwi M,25000,1
VNITE2026063018172086399,Sữa Chua Mãng Cầu (M),VNCAT2025121001491933286,SỮA CHUA,69000,1,,,VNMOG2026040205120434503,TRÂN CHÂU HẠT NỔ SIZE M,0,7,VNMOD20260402051204015377,🍇Trân Châu Nổ Nho M,25000,1
VNITE2026063018172086399,Sữa Chua Mãng Cầu (M),VNCAT2025121001491933286,SỮA CHUA,69000,1,,,VNMOG2026040205120434503,TRÂN CHÂU HẠT NỔ SIZE M,0,7,VNMOD20260402051204027788,🫐Trân Châu Nổ Việt Quất M,25000,1
VNITE2026063018172086399,Sữa Chua Mãng Cầu (M),VNCAT2025121001491933286,SỮA CHUA,69000,1,,,VNMOG2026040205120434503,TRÂN CHÂU HẠT NỔ SIZE M,0,7,VNMOD20260402051204039633,🍓Trân Châu Nổ Dâu Tây M,25000,1
VNITE2026063018172086399,Sữa Chua Mãng Cầu (M),VNCAT2025121001491933286,SỮA CHUA,69000,1,,,VNMOG2026040205120434503,TRÂN CHÂU HẠT NỔ SIZE M,0,7,VNMOD20260402051204042483,🍑Trân Châu Nổ Đào M,25000,1
VNITE2026063018172086399,Sữa Chua Mãng Cầu (M),VNCAT2025121001491933286,SỮA CHUA,69000,1,,,VNMOG2026040205120434503,TRÂN CHÂU HẠT NỔ SIZE M,0,7,VNMOD20260402051204050121,🫙Trân Châu Nổ Sữa Chua M,25000,1
VNITE2026063018170713204,Sữa Chua Thơm (L),VNCAT2025121001491933286,SỮA CHUA,95000,1,,,VNMOG2026063019062792408,TOPPINGS NƯỚC SIZE L,0,14,VNMOD20260728120958018426,🫗Nhựa Đào,40000,1
VNITE2026063018170713204,Sữa Chua Thơm (L),VNCAT2025121001491933286,SỮA CHUA,95000,1,,,VNMOG2026063019062792408,TOPPINGS NƯỚC SIZE L,0,14,VNMOD20260728120958024241,🍄Nấm Tuyết,40000,1
VNITE2026063018170713204,Sữa Chua Thơm (L),VNCAT2025121001491933286,SỮA CHUA,95000,1,,,VNMOG2026063019062792408,TOPPINGS NƯỚC SIZE L,0,14,VNMOD20260728120958033950,🏐Nhãn Nhục,50000,1
VNITE2026063018170713204,Sữa Chua Thơm (L),VNCAT2025121001491933286,SỮA CHUA,95000,1,,,VNMOG2026063019062792408,TOPPINGS NƯỚC SIZE L,0,14,VNMOD20260630190628016741,🌼Vàng Lá,20000,1
VNITE2026063018170713204,Sữa Chua Thơm (L),VNCAT2025121001491933286,SỮA CHUA,95000,1,,,VNMOG2026063019062792408,TOPPINGS NƯỚC SIZE L,0,14,VNMOD20260630190628024121,🍭Kẹo Mút Xốp,20000,1
VNITE2026063018170713204,Sữa Chua Thơm (L),VNCAT2025121001491933286,SỮA CHUA,95000,1,,,VNMOG2026063019062792408,TOPPINGS NƯỚC SIZE L,0,14,VNMOD20260630190628033861,☕️Thạch Cafe,20000,1
VNITE2026063018170713204,Sữa Chua Thơm (L),VNCAT2025121001491933286,SỮA CHUA,95000,1,,,VNMOG2026063019062792408,TOPPINGS NƯỚC SIZE L,0,14,VNMOD20260630190628046181,🍑Thạch Dừa Vị Đào,20000,1
VNITE2026063018170713204,Sữa Chua Thơm (L),VNCAT2025121001491933286,SỮA CHUA,95000,1,,,VNMOG2026063019062792408,TOPPINGS NƯỚC SIZE L,0,14,VNMOD20260630190628057865,🩶Hạt Chia,15000,1
VNITE2026063018170713204,Sữa Chua Thơm (L),VNCAT2025121001491933286,SỮA CHUA,95000,1,,,VNMOG2026063019062792408,TOPPINGS NƯỚC SIZE L,0,14,VNMOD20260630190628062501,🍑Mochi Đào,30000,1
VNITE2026063018170713204,Sữa Chua Thơm (L),VNCAT2025121001491933286,SỮA CHUA,95000,1,,,VNMOG2026063019062792408,TOPPINGS NƯỚC SIZE L,0,14,VNMOD20260630190628075255,⚪️Khúc Bạch,35000,1
VNITE2026063018170713204,Sữa Chua Thơm (L),VNCAT2025121001491933286,SỮA CHUA,95000,1,,,VNMOG2026063019062792408,TOPPINGS NƯỚC SIZE L,0,14,VNMOD20260630190628086001,🖤Sương Sáo,20000,1
VNITE2026063018170713204,Sữa Chua Thơm (L),VNCAT2025121001491933286,SỮA CHUA,95000,1,,,VNMOG2026063019062792408,TOPPINGS NƯỚC SIZE L,0,14,VNMOD20260630190628097471,🍵Thạch Matcha,20000,1
VNITE2026063018170713204,Sữa Chua Thơm (L),VNCAT2025121001491933286,SỮA CHUA,95000,1,,,VNMOG2026063019062792408,TOPPINGS NƯỚC SIZE L,0,14,VNMOD20260630190628109200,🍀Thạch Nha Đam,25000,1
VNITE2026063018170713204,Sữa Chua Thơm (L),VNCAT2025121001491933286,SỮA CHUA,95000,1,,,VNMOG2026063019062792408,TOPPINGS NƯỚC SIZE L,0,14,VNMOD20260630190628119022,🧋Trân Châu Trắng,20000,1
VNITE2026063018170713204,Sữa Chua Thơm (L),VNCAT2025121001491933286,SỮA CHUA,95000,1,,,VNMOG2026063019062792408,TOPPINGS NƯỚC SIZE L,0,14,VNMOD20260630190628120791,💜Hạt Nổ Khoai Môn,40000,1
VNITE2026063018170713204,Sữa Chua Thơm (L),VNCAT2025121001491933286,SỮA CHUA,95000,1,,,VNMOG2026063019062792408,TOPPINGS NƯỚC SIZE L,0,14,VNMOD20260630190628134965,🍮Kem Flan,50000,1
VNITE2026063018170713204,Sữa Chua Thơm (L),VNCAT2025121001491933286,SỮA CHUA,95000,1,,,VNMOG2026063019062792408,TOPPINGS NƯỚC SIZE L,0,14,VNMOD20260630190628148911,🧂Kem Muối,20000,1
VNITE2026063018170713204,Sữa Chua Thơm (L),VNCAT2025121001491933286,SỮA CHUA,95000,1,,,VNMOG2026063018560291224,TRÂN CHÂU HẠT NỔ SIZE L,0,7,VNMOD20260630185602010509,🍈Trân Châu Nổ Dưa Lưới L,35000,1
VNITE2026063018170713204,Sữa Chua Thơm (L),VNCAT2025121001491933286,SỮA CHUA,95000,1,,,VNMOG2026063018560291224,TRÂN CHÂU HẠT NỔ SIZE L,0,7,VNMOD20260701203137011333,🍇Trân Châu Nổ Nho L,35000,1
VNITE2026063018170713204,Sữa Chua Thơm (L),VNCAT2025121001491933286,SỮA CHUA,95000,1,,,VNMOG2026063018560291224,TRÂN CHÂU HẠT NỔ SIZE L,0,7,VNMOD20260630185602024752,🫐Trân Châu Nổ Việt Quất L,35000,1
VNITE2026063018170713204,Sữa Chua Thơm (L),VNCAT2025121001491933286,SỮA CHUA,95000,1,,,VNMOG2026063018560291224,TRÂN CHÂU HẠT NỔ SIZE L,0,7,VNMOD20260630185602039482,🍓Trân Châu Nổ Dâu Tây L,35000,1
VNITE2026063018170713204,Sữa Chua Thơm (L),VNCAT2025121001491933286,SỮA CHUA,95000,1,,,VNMOG2026063018560291224,TRÂN CHÂU HẠT NỔ SIZE L,0,7,VNMOD20260701203137028578,🥝Trân Châu Nổ Kiwi L,35000,1
VNITE2026063018170713204,Sữa Chua Thơm (L),VNCAT2025121001491933286,SỮA CHUA,95000,1,,,VNMOG2026063018560291224,TRÂN CHÂU HẠT NỔ SIZE L,0,7,VNMOD20260630185602041378,🍑Trân Châu Nổ Đào L,35000,1
VNITE2026063018170713204,Sữa Chua Thơm (L),VNCAT2025121001491933286,SỮA CHUA,95000,1,,,VNMOG2026063018560291224,TRÂN CHÂU HẠT NỔ SIZE L,0,7,VNMOD20260630185602051732,🫙Trân Châu Nổ Sữa Chua L,35000,1
VNITE2026063018170713204,Sữa Chua Thơm (L),VNCAT2025121001491933286,SỮA CHUA,95000,1,,,VNMOG2026020119173846534,ĐỂ TRỌN VỊ NGON (ĐỪNG CHỌN NHÉ),0,1,VNMOD20260201191738014297,Ngon nhất khi dùng trong 2 giờ đầu,0,1
VNITE2026063018170713204,Sữa Chua Thơm (L),VNCAT2025121001491933286,SỮA CHUA,95000,1,,,VNMOG2026020119173846534,ĐỂ TRỌN VỊ NGON (ĐỪNG CHỌN NHÉ),0,1,VNMOD20260201191738027869,Giữ lạnh khi chưa sử dụng,0,1
VNITE2026063018165759245,Sữa Chua Thơm (M),VNCAT2025121001491933286,SỮA CHUA,69000,1,,,VNMOG2026010214381357793,TOPPINGS NƯỚC SIZE M,0,14,VNMOD20260728120859016081,🏐Nhãn Nhục,40000,1
VNITE2026063018165759245,Sữa Chua Thơm (M),VNCAT2025121001491933286,SỮA CHUA,69000,1,,,VNMOG2026010214381357793,TOPPINGS NƯỚC SIZE M,0,14,VNMOD20260728120859024399,🍄Nấm Tuyết,30000,1
VNITE2026063018165759245,Sữa Chua Thơm (M),VNCAT2025121001491933286,SỮA CHUA,69000,1,,,VNMOG2026010214381357793,TOPPINGS NƯỚC SIZE M,0,14,VNMOD20260728120859035219,🫗Nhựa Đào,30000,1
VNITE2026063018165759245,Sữa Chua Thơm (M),VNCAT2025121001491933286,SỮA CHUA,69000,1,,,VNMOG2026010214381357793,TOPPINGS NƯỚC SIZE M,0,14,VNMOD20260525094214016070,🌼Vàng Lá,20000,1
VNITE2026063018165759245,Sữa Chua Thơm (M),VNCAT2025121001491933286,SỮA CHUA,69000,1,,,VNMOG2026010214381357793,TOPPINGS NƯỚC SIZE M,0,14,VNMOD20260525094214029352,🍭Kẹo Mút Xốp,20000,1
VNITE2026063018165759245,Sữa Chua Thơm (M),VNCAT2025121001491933286,SỮA CHUA,69000,1,,,VNMOG2026010214381357793,TOPPINGS NƯỚC SIZE M,0,14,VNMOD20260520121848014884,☕️Thạch Cafe,15000,1
VNITE2026063018165759245,Sữa Chua Thơm (M),VNCAT2025121001491933286,SỮA CHUA,69000,1,,,VNMOG2026010214381357793,TOPPINGS NƯỚC SIZE M,0,14,VNMOD20260509171133012746,🍑Thạch Dừa Vị Đào,15000,1
VNITE2026063018165759245,Sữa Chua Thơm (M),VNCAT2025121001491933286,SỮA CHUA,69000,1,,,VNMOG2026010214381357793,TOPPINGS NƯỚC SIZE M,0,14,VNMOD20260509171133025336,🩶Hạt Chia,10000,1
VNITE2026063018165759245,Sữa Chua Thơm (M),VNCAT2025121001491933286,SỮA CHUA,69000,1,,,VNMOG2026010214381357793,TOPPINGS NƯỚC SIZE M,0,14,VNMOD20260520121848024526,🍑Mochi Đào,30000,1
VNITE2026063018165759245,Sữa Chua Thơm (M),VNCAT2025121001491933286,SỮA CHUA,69000,1,,,VNMOG2026010214381357793,TOPPINGS NƯỚC SIZE M,0,14,VNMOD20260102143813012309,⚪️Khúc Bạch,30000,1
VNITE2026063018165759245,Sữa Chua Thơm (M),VNCAT2025121001491933286,SỮA CHUA,69000,1,,,VNMOG2026010214381357793,TOPPINGS NƯỚC SIZE M,0,14,VNMOD20260102143813021051,🖤Sương Sáo,15000,1
VNITE2026063018165759245,Sữa Chua Thơm (M),VNCAT2025121001491933286,SỮA CHUA,69000,1,,,VNMOG2026010214381357793,TOPPINGS NƯỚC SIZE M,0,14,VNMOD20260102143813035207,🍵Thạch Matcha,15000,1
VNITE2026063018165759245,Sữa Chua Thơm (M),VNCAT2025121001491933286,SỮA CHUA,69000,1,,,VNMOG2026010214381357793,TOPPINGS NƯỚC SIZE M,0,14,VNMOD20260102143813047639,🍀Thạch Nha Đam,20000,1
VNITE2026063018165759245,Sữa Chua Thơm (M),VNCAT2025121001491933286,SỮA CHUA,69000,1,,,VNMOG2026010214381357793,TOPPINGS NƯỚC SIZE M,0,14,VNMOD20260102143813069685,🫧Trân Châu Trắng,15000,1
VNITE2026063018165759245,Sữa Chua Thơm (M),VNCAT2025121001491933286,SỮA CHUA,69000,1,,,VNMOG2026010214381357793,TOPPINGS NƯỚC SIZE M,0,14,VNMOD20260128094817012683,💜Hạt Nổ Khoai Môn,30000,1
VNITE2026063018165759245,Sữa Chua Thơm (M),VNCAT2025121001491933286,SỮA CHUA,69000,1,,,VNMOG2026010214381357793,TOPPINGS NƯỚC SIZE M,0,14,VNMOD20260102143813118751,🍮Kem Flan,50000,1
VNITE2026063018165759245,Sữa Chua Thơm (M),VNCAT2025121001491933286,SỮA CHUA,69000,1,,,VNMOG2026010214381357793,TOPPINGS NƯỚC SIZE M,0,14,VNMOD20260102143813120730,🧂Kem Muối,15000,1
VNITE2026063018165759245,Sữa Chua Thơm (M),VNCAT2025121001491933286,SỮA CHUA,69000,1,,,VNMOG2026020119173846534,ĐỂ TRỌN VỊ NGON (ĐỪNG CHỌN NHÉ),0,1,VNMOD20260201191738014297,Ngon nhất khi dùng trong 2 giờ đầu,0,1
VNITE2026063018165759245,Sữa Chua Thơm (M),VNCAT2025121001491933286,SỮA CHUA,69000,1,,,VNMOG2026020119173846534,ĐỂ TRỌN VỊ NGON (ĐỪNG CHỌN NHÉ),0,1,VNMOD20260201191738027869,Giữ lạnh khi chưa sử dụng,0,1
VNITE2026063018165759245,Sữa Chua Thơm (M),VNCAT2025121001491933286,SỮA CHUA,69000,1,,,VNMOG2026040205120434503,TRÂN CHÂU HẠT NỔ SIZE M,0,7,VNMOD20260509171054013175,🍈Trân Châu Nổ Dưa Lưới M,25000,1
VNITE2026063018165759245,Sữa Chua Thơm (M),VNCAT2025121001491933286,SỮA CHUA,69000,1,,,VNMOG2026040205120434503,TRÂN CHÂU HẠT NỔ SIZE M,0,7,VNMOD20260509171054029404,🥝Trân Châu Nổ Kiwi M,25000,1
VNITE2026063018165759245,Sữa Chua Thơm (M),VNCAT2025121001491933286,SỮA CHUA,69000,1,,,VNMOG2026040205120434503,TRÂN CHÂU HẠT NỔ SIZE M,0,7,VNMOD20260402051204015377,🍇Trân Châu Nổ Nho M,25000,1
VNITE2026063018165759245,Sữa Chua Thơm (M),VNCAT2025121001491933286,SỮA CHUA,69000,1,,,VNMOG2026040205120434503,TRÂN CHÂU HẠT NỔ SIZE M,0,7,VNMOD20260402051204027788,🫐Trân Châu Nổ Việt Quất M,25000,1
VNITE2026063018165759245,Sữa Chua Thơm (M),VNCAT2025121001491933286,SỮA CHUA,69000,1,,,VNMOG2026040205120434503,TRÂN CHÂU HẠT NỔ SIZE M,0,7,VNMOD20260402051204039633,🍓Trân Châu Nổ Dâu Tây M,25000,1
VNITE2026063018165759245,Sữa Chua Thơm (M),VNCAT2025121001491933286,SỮA CHUA,69000,1,,,VNMOG2026040205120434503,TRÂN CHÂU HẠT NỔ SIZE M,0,7,VNMOD20260402051204042483,🍑Trân Châu Nổ Đào M,25000,1
VNITE2026063018165759245,Sữa Chua Thơm (M),VNCAT2025121001491933286,SỮA CHUA,69000,1,,,VNMOG2026040205120434503,TRÂN CHÂU HẠT NỔ SIZE M,0,7,VNMOD20260402051204050121,🫙Trân Châu Nổ Sữa Chua M,25000,1
VNITE2026063018160908710,Sữa Chua Đào (L),VNCAT2025121001491933286,SỮA CHUA,95000,1,,,VNMOG2026063019062792408,TOPPINGS NƯỚC SIZE L,0,14,VNMOD20260728120958018426,🫗Nhựa Đào,40000,1
VNITE2026063018160908710,Sữa Chua Đào (L),VNCAT2025121001491933286,SỮA CHUA,95000,1,,,VNMOG2026063019062792408,TOPPINGS NƯỚC SIZE L,0,14,VNMOD20260728120958024241,🍄Nấm Tuyết,40000,1
VNITE2026063018160908710,Sữa Chua Đào (L),VNCAT2025121001491933286,SỮA CHUA,95000,1,,,VNMOG2026063019062792408,TOPPINGS NƯỚC SIZE L,0,14,VNMOD20260728120958033950,🏐Nhãn Nhục,50000,1
VNITE2026063018160908710,Sữa Chua Đào (L),VNCAT2025121001491933286,SỮA CHUA,95000,1,,,VNMOG2026063019062792408,TOPPINGS NƯỚC SIZE L,0,14,VNMOD20260630190628016741,🌼Vàng Lá,20000,1
VNITE2026063018160908710,Sữa Chua Đào (L),VNCAT2025121001491933286,SỮA CHUA,95000,1,,,VNMOG2026063019062792408,TOPPINGS NƯỚC SIZE L,0,14,VNMOD20260630190628024121,🍭Kẹo Mút Xốp,20000,1
VNITE2026063018160908710,Sữa Chua Đào (L),VNCAT2025121001491933286,SỮA CHUA,95000,1,,,VNMOG2026063019062792408,TOPPINGS NƯỚC SIZE L,0,14,VNMOD20260630190628033861,☕️Thạch Cafe,20000,1
VNITE2026063018160908710,Sữa Chua Đào (L),VNCAT2025121001491933286,SỮA CHUA,95000,1,,,VNMOG2026063019062792408,TOPPINGS NƯỚC SIZE L,0,14,VNMOD20260630190628046181,🍑Thạch Dừa Vị Đào,20000,1
VNITE2026063018160908710,Sữa Chua Đào (L),VNCAT2025121001491933286,SỮA CHUA,95000,1,,,VNMOG2026063019062792408,TOPPINGS NƯỚC SIZE L,0,14,VNMOD20260630190628057865,🩶Hạt Chia,15000,1
VNITE2026063018160908710,Sữa Chua Đào (L),VNCAT2025121001491933286,SỮA CHUA,95000,1,,,VNMOG2026063019062792408,TOPPINGS NƯỚC SIZE L,0,14,VNMOD20260630190628062501,🍑Mochi Đào,30000,1
VNITE2026063018160908710,Sữa Chua Đào (L),VNCAT2025121001491933286,SỮA CHUA,95000,1,,,VNMOG2026063019062792408,TOPPINGS NƯỚC SIZE L,0,14,VNMOD20260630190628075255,⚪️Khúc Bạch,35000,1
VNITE2026063018160908710,Sữa Chua Đào (L),VNCAT2025121001491933286,SỮA CHUA,95000,1,,,VNMOG2026063019062792408,TOPPINGS NƯỚC SIZE L,0,14,VNMOD20260630190628086001,🖤Sương Sáo,20000,1
VNITE2026063018160908710,Sữa Chua Đào (L),VNCAT2025121001491933286,SỮA CHUA,95000,1,,,VNMOG2026063019062792408,TOPPINGS NƯỚC SIZE L,0,14,VNMOD20260630190628097471,🍵Thạch Matcha,20000,1
VNITE2026063018160908710,Sữa Chua Đào (L),VNCAT2025121001491933286,SỮA CHUA,95000,1,,,VNMOG2026063019062792408,TOPPINGS NƯỚC SIZE L,0,14,VNMOD20260630190628109200,🍀Thạch Nha Đam,25000,1
VNITE2026063018160908710,Sữa Chua Đào (L),VNCAT2025121001491933286,SỮA CHUA,95000,1,,,VNMOG2026063019062792408,TOPPINGS NƯỚC SIZE L,0,14,VNMOD20260630190628119022,🧋Trân Châu Trắng,20000,1
VNITE2026063018160908710,Sữa Chua Đào (L),VNCAT2025121001491933286,SỮA CHUA,95000,1,,,VNMOG2026063019062792408,TOPPINGS NƯỚC SIZE L,0,14,VNMOD20260630190628120791,💜Hạt Nổ Khoai Môn,40000,1
VNITE2026063018160908710,Sữa Chua Đào (L),VNCAT2025121001491933286,SỮA CHUA,95000,1,,,VNMOG2026063019062792408,TOPPINGS NƯỚC SIZE L,0,14,VNMOD20260630190628134965,🍮Kem Flan,50000,1
VNITE2026063018160908710,Sữa Chua Đào (L),VNCAT2025121001491933286,SỮA CHUA,95000,1,,,VNMOG2026063019062792408,TOPPINGS NƯỚC SIZE L,0,14,VNMOD20260630190628148911,🧂Kem Muối,20000,1
VNITE2026063018160908710,Sữa Chua Đào (L),VNCAT2025121001491933286,SỮA CHUA,95000,1,,,VNMOG2026063018560291224,TRÂN CHÂU HẠT NỔ SIZE L,0,7,VNMOD20260630185602010509,🍈Trân Châu Nổ Dưa Lưới L,35000,1
VNITE2026063018160908710,Sữa Chua Đào (L),VNCAT2025121001491933286,SỮA CHUA,95000,1,,,VNMOG2026063018560291224,TRÂN CHÂU HẠT NỔ SIZE L,0,7,VNMOD20260701203137011333,🍇Trân Châu Nổ Nho L,35000,1
VNITE2026063018160908710,Sữa Chua Đào (L),VNCAT2025121001491933286,SỮA CHUA,95000,1,,,VNMOG2026063018560291224,TRÂN CHÂU HẠT NỔ SIZE L,0,7,VNMOD20260630185602024752,🫐Trân Châu Nổ Việt Quất L,35000,1
VNITE2026063018160908710,Sữa Chua Đào (L),VNCAT2025121001491933286,SỮA CHUA,95000,1,,,VNMOG2026063018560291224,TRÂN CHÂU HẠT NỔ SIZE L,0,7,VNMOD20260630185602039482,🍓Trân Châu Nổ Dâu Tây L,35000,1
VNITE2026063018160908710,Sữa Chua Đào (L),VNCAT2025121001491933286,SỮA CHUA,95000,1,,,VNMOG2026063018560291224,TRÂN CHÂU HẠT NỔ SIZE L,0,7,VNMOD20260701203137028578,🥝Trân Châu Nổ Kiwi L,35000,1
VNITE2026063018160908710,Sữa Chua Đào (L),VNCAT2025121001491933286,SỮA CHUA,95000,1,,,VNMOG2026063018560291224,TRÂN CHÂU HẠT NỔ SIZE L,0,7,VNMOD20260630185602041378,🍑Trân Châu Nổ Đào L,35000,1
VNITE2026063018160908710,Sữa Chua Đào (L),VNCAT2025121001491933286,SỮA CHUA,95000,1,,,VNMOG2026063018560291224,TRÂN CHÂU HẠT NỔ SIZE L,0,7,VNMOD20260630185602051732,🫙Trân Châu Nổ Sữa Chua L,35000,1
VNITE2026063018160908710,Sữa Chua Đào (L),VNCAT2025121001491933286,SỮA CHUA,95000,1,,,VNMOG2026020119173846534,ĐỂ TRỌN VỊ NGON (ĐỪNG CHỌN NHÉ),0,1,VNMOD20260201191738014297,Ngon nhất khi dùng trong 2 giờ đầu,0,1
VNITE2026063018160908710,Sữa Chua Đào (L),VNCAT2025121001491933286,SỮA CHUA,95000,1,,,VNMOG2026020119173846534,ĐỂ TRỌN VỊ NGON (ĐỪNG CHỌN NHÉ),0,1,VNMOD20260201191738027869,Giữ lạnh khi chưa sử dụng,0,1
VNITE2026010216011804861,Sữa Chua Đào (M),VNCAT2025121001491933286,SỮA CHUA,79000,1,,,VNMOG2026040205120434503,TRÂN CHÂU HẠT NỔ SIZE M,0,7,VNMOD20260509171054013175,🍈Trân Châu Nổ Dưa Lưới M,25000,1
VNITE2026010216011804861,Sữa Chua Đào (M),VNCAT2025121001491933286,SỮA CHUA,79000,1,,,VNMOG2026040205120434503,TRÂN CHÂU HẠT NỔ SIZE M,0,7,VNMOD20260509171054029404,🥝Trân Châu Nổ Kiwi M,25000,1
VNITE2026010216011804861,Sữa Chua Đào (M),VNCAT2025121001491933286,SỮA CHUA,79000,1,,,VNMOG2026040205120434503,TRÂN CHÂU HẠT NỔ SIZE M,0,7,VNMOD20260402051204015377,🍇Trân Châu Nổ Nho M,25000,1
VNITE2026010216011804861,Sữa Chua Đào (M),VNCAT2025121001491933286,SỮA CHUA,79000,1,,,VNMOG2026040205120434503,TRÂN CHÂU HẠT NỔ SIZE M,0,7,VNMOD20260402051204027788,🫐Trân Châu Nổ Việt Quất M,25000,1
VNITE2026010216011804861,Sữa Chua Đào (M),VNCAT2025121001491933286,SỮA CHUA,79000,1,,,VNMOG2026040205120434503,TRÂN CHÂU HẠT NỔ SIZE M,0,7,VNMOD20260402051204039633,🍓Trân Châu Nổ Dâu Tây M,25000,1
VNITE2026010216011804861,Sữa Chua Đào (M),VNCAT2025121001491933286,SỮA CHUA,79000,1,,,VNMOG2026040205120434503,TRÂN CHÂU HẠT NỔ SIZE M,0,7,VNMOD20260402051204042483,🍑Trân Châu Nổ Đào M,25000,1
VNITE2026010216011804861,Sữa Chua Đào (M),VNCAT2025121001491933286,SỮA CHUA,79000,1,,,VNMOG2026040205120434503,TRÂN CHÂU HẠT NỔ SIZE M,0,7,VNMOD20260402051204050121,🫙Trân Châu Nổ Sữa Chua M,25000,1
VNITE2026010216011804861,Sữa Chua Đào (M),VNCAT2025121001491933286,SỮA CHUA,79000,1,,,VNMOG2026020119173846534,ĐỂ TRỌN VỊ NGON (ĐỪNG CHỌN NHÉ),0,1,VNMOD20260201191738014297,Ngon nhất khi dùng trong 2 giờ đầu,0,1
VNITE2026010216011804861,Sữa Chua Đào (M),VNCAT2025121001491933286,SỮA CHUA,79000,1,,,VNMOG2026020119173846534,ĐỂ TRỌN VỊ NGON (ĐỪNG CHỌN NHÉ),0,1,VNMOD20260201191738027869,Giữ lạnh khi chưa sử dụng,0,1
VNITE2026010216011804861,Sữa Chua Đào (M),VNCAT2025121001491933286,SỮA CHUA,79000,1,,,VNMOG2026010214381357793,TOPPINGS NƯỚC SIZE M,0,14,VNMOD20260728120859016081,🏐Nhãn Nhục,40000,1
VNITE2026010216011804861,Sữa Chua Đào (M),VNCAT2025121001491933286,SỮA CHUA,79000,1,,,VNMOG2026010214381357793,TOPPINGS NƯỚC SIZE M,0,14,VNMOD20260728120859024399,🍄Nấm Tuyết,30000,1
VNITE2026010216011804861,Sữa Chua Đào (M),VNCAT2025121001491933286,SỮA CHUA,79000,1,,,VNMOG2026010214381357793,TOPPINGS NƯỚC SIZE M,0,14,VNMOD20260728120859035219,🫗Nhựa Đào,30000,1
VNITE2026010216011804861,Sữa Chua Đào (M),VNCAT2025121001491933286,SỮA CHUA,79000,1,,,VNMOG2026010214381357793,TOPPINGS NƯỚC SIZE M,0,14,VNMOD20260525094214016070,🌼Vàng Lá,20000,1
VNITE2026010216011804861,Sữa Chua Đào (M),VNCAT2025121001491933286,SỮA CHUA,79000,1,,,VNMOG2026010214381357793,TOPPINGS NƯỚC SIZE M,0,14,VNMOD20260525094214029352,🍭Kẹo Mút Xốp,20000,1
VNITE2026010216011804861,Sữa Chua Đào (M),VNCAT2025121001491933286,SỮA CHUA,79000,1,,,VNMOG2026010214381357793,TOPPINGS NƯỚC SIZE M,0,14,VNMOD20260520121848014884,☕️Thạch Cafe,15000,1
VNITE2026010216011804861,Sữa Chua Đào (M),VNCAT2025121001491933286,SỮA CHUA,79000,1,,,VNMOG2026010214381357793,TOPPINGS NƯỚC SIZE M,0,14,VNMOD20260509171133012746,🍑Thạch Dừa Vị Đào,15000,1
VNITE2026010216011804861,Sữa Chua Đào (M),VNCAT2025121001491933286,SỮA CHUA,79000,1,,,VNMOG2026010214381357793,TOPPINGS NƯỚC SIZE M,0,14,VNMOD20260509171133025336,🩶Hạt Chia,10000,1
VNITE2026010216011804861,Sữa Chua Đào (M),VNCAT2025121001491933286,SỮA CHUA,79000,1,,,VNMOG2026010214381357793,TOPPINGS NƯỚC SIZE M,0,14,VNMOD20260520121848024526,🍑Mochi Đào,30000,1
VNITE2026010216011804861,Sữa Chua Đào (M),VNCAT2025121001491933286,SỮA CHUA,79000,1,,,VNMOG2026010214381357793,TOPPINGS NƯỚC SIZE M,0,14,VNMOD20260102143813012309,⚪️Khúc Bạch,30000,1
VNITE2026010216011804861,Sữa Chua Đào (M),VNCAT2025121001491933286,SỮA CHUA,79000,1,,,VNMOG2026010214381357793,TOPPINGS NƯỚC SIZE M,0,14,VNMOD20260102143813021051,🖤Sương Sáo,15000,1
VNITE2026010216011804861,Sữa Chua Đào (M),VNCAT2025121001491933286,SỮA CHUA,79000,1,,,VNMOG2026010214381357793,TOPPINGS NƯỚC SIZE M,0,14,VNMOD20260102143813035207,🍵Thạch Matcha,15000,1
VNITE2026010216011804861,Sữa Chua Đào (M),VNCAT2025121001491933286,SỮA CHUA,79000,1,,,VNMOG2026010214381357793,TOPPINGS NƯỚC SIZE M,0,14,VNMOD20260102143813047639,🍀Thạch Nha Đam,20000,1
VNITE2026010216011804861,Sữa Chua Đào (M),VNCAT2025121001491933286,SỮA CHUA,79000,1,,,VNMOG2026010214381357793,TOPPINGS NƯỚC SIZE M,0,14,VNMOD20260102143813069685,🫧Trân Châu Trắng,15000,1
VNITE2026010216011804861,Sữa Chua Đào (M),VNCAT2025121001491933286,SỮA CHUA,79000,1,,,VNMOG2026010214381357793,TOPPINGS NƯỚC SIZE M,0,14,VNMOD20260128094817012683,💜Hạt Nổ Khoai Môn,30000,1
VNITE2026010216011804861,Sữa Chua Đào (M),VNCAT2025121001491933286,SỮA CHUA,79000,1,,,VNMOG2026010214381357793,TOPPINGS NƯỚC SIZE M,0,14,VNMOD20260102143813118751,🍮Kem Flan,50000,1
VNITE2026010216011804861,Sữa Chua Đào (M),VNCAT2025121001491933286,SỮA CHUA,79000,1,,,VNMOG2026010214381357793,TOPPINGS NƯỚC SIZE M,0,14,VNMOD20260102143813120730,🧂Kem Muối,15000,1
VNITE2026063018163548126,Sữa Chua Xoài (L),VNCAT2025121001491933286,SỮA CHUA,95000,1,,,VNMOG2026063019062792408,TOPPINGS NƯỚC SIZE L,0,14,VNMOD20260728120958018426,🫗Nhựa Đào,40000,1
VNITE2026063018163548126,Sữa Chua Xoài (L),VNCAT2025121001491933286,SỮA CHUA,95000,1,,,VNMOG2026063019062792408,TOPPINGS NƯỚC SIZE L,0,14,VNMOD20260728120958024241,🍄Nấm Tuyết,40000,1
VNITE2026063018163548126,Sữa Chua Xoài (L),VNCAT2025121001491933286,SỮA CHUA,95000,1,,,VNMOG2026063019062792408,TOPPINGS NƯỚC SIZE L,0,14,VNMOD20260728120958033950,🏐Nhãn Nhục,50000,1
VNITE2026063018163548126,Sữa Chua Xoài (L),VNCAT2025121001491933286,SỮA CHUA,95000,1,,,VNMOG2026063019062792408,TOPPINGS NƯỚC SIZE L,0,14,VNMOD20260630190628016741,🌼Vàng Lá,20000,1
VNITE2026063018163548126,Sữa Chua Xoài (L),VNCAT2025121001491933286,SỮA CHUA,95000,1,,,VNMOG2026063019062792408,TOPPINGS NƯỚC SIZE L,0,14,VNMOD20260630190628024121,🍭Kẹo Mút Xốp,20000,1
VNITE2026063018163548126,Sữa Chua Xoài (L),VNCAT2025121001491933286,SỮA CHUA,95000,1,,,VNMOG2026063019062792408,TOPPINGS NƯỚC SIZE L,0,14,VNMOD20260630190628033861,☕️Thạch Cafe,20000,1
VNITE2026063018163548126,Sữa Chua Xoài (L),VNCAT2025121001491933286,SỮA CHUA,95000,1,,,VNMOG2026063019062792408,TOPPINGS NƯỚC SIZE L,0,14,VNMOD20260630190628046181,🍑Thạch Dừa Vị Đào,20000,1
VNITE2026063018163548126,Sữa Chua Xoài (L),VNCAT2025121001491933286,SỮA CHUA,95000,1,,,VNMOG2026063019062792408,TOPPINGS NƯỚC SIZE L,0,14,VNMOD20260630190628057865,🩶Hạt Chia,15000,1
VNITE2026063018163548126,Sữa Chua Xoài (L),VNCAT2025121001491933286,SỮA CHUA,95000,1,,,VNMOG2026063019062792408,TOPPINGS NƯỚC SIZE L,0,14,VNMOD20260630190628062501,🍑Mochi Đào,30000,1
VNITE2026063018163548126,Sữa Chua Xoài (L),VNCAT2025121001491933286,SỮA CHUA,95000,1,,,VNMOG2026063019062792408,TOPPINGS NƯỚC SIZE L,0,14,VNMOD20260630190628075255,⚪️Khúc Bạch,35000,1
VNITE2026063018163548126,Sữa Chua Xoài (L),VNCAT2025121001491933286,SỮA CHUA,95000,1,,,VNMOG2026063019062792408,TOPPINGS NƯỚC SIZE L,0,14,VNMOD20260630190628086001,🖤Sương Sáo,20000,1
VNITE2026063018163548126,Sữa Chua Xoài (L),VNCAT2025121001491933286,SỮA CHUA,95000,1,,,VNMOG2026063019062792408,TOPPINGS NƯỚC SIZE L,0,14,VNMOD20260630190628097471,🍵Thạch Matcha,20000,1
VNITE2026063018163548126,Sữa Chua Xoài (L),VNCAT2025121001491933286,SỮA CHUA,95000,1,,,VNMOG2026063019062792408,TOPPINGS NƯỚC SIZE L,0,14,VNMOD20260630190628109200,🍀Thạch Nha Đam,25000,1
VNITE2026063018163548126,Sữa Chua Xoài (L),VNCAT2025121001491933286,SỮA CHUA,95000,1,,,VNMOG2026063019062792408,TOPPINGS NƯỚC SIZE L,0,14,VNMOD20260630190628119022,🧋Trân Châu Trắng,20000,1
VNITE2026063018163548126,Sữa Chua Xoài (L),VNCAT2025121001491933286,SỮA CHUA,95000,1,,,VNMOG2026063019062792408,TOPPINGS NƯỚC SIZE L,0,14,VNMOD20260630190628120791,💜Hạt Nổ Khoai Môn,40000,1
VNITE2026063018163548126,Sữa Chua Xoài (L),VNCAT2025121001491933286,SỮA CHUA,95000,1,,,VNMOG2026063019062792408,TOPPINGS NƯỚC SIZE L,0,14,VNMOD20260630190628134965,🍮Kem Flan,50000,1
VNITE2026063018163548126,Sữa Chua Xoài (L),VNCAT2025121001491933286,SỮA CHUA,95000,1,,,VNMOG2026063019062792408,TOPPINGS NƯỚC SIZE L,0,14,VNMOD20260630190628148911,🧂Kem Muối,20000,1
VNITE2026063018163548126,Sữa Chua Xoài (L),VNCAT2025121001491933286,SỮA CHUA,95000,1,,,VNMOG2026063018560291224,TRÂN CHÂU HẠT NỔ SIZE L,0,7,VNMOD20260630185602010509,🍈Trân Châu Nổ Dưa Lưới L,35000,1
VNITE2026063018163548126,Sữa Chua Xoài (L),VNCAT2025121001491933286,SỮA CHUA,95000,1,,,VNMOG2026063018560291224,TRÂN CHÂU HẠT NỔ SIZE L,0,7,VNMOD20260701203137011333,🍇Trân Châu Nổ Nho L,35000,1
VNITE2026063018163548126,Sữa Chua Xoài (L),VNCAT2025121001491933286,SỮA CHUA,95000,1,,,VNMOG2026063018560291224,TRÂN CHÂU HẠT NỔ SIZE L,0,7,VNMOD20260630185602024752,🫐Trân Châu Nổ Việt Quất L,35000,1
VNITE2026063018163548126,Sữa Chua Xoài (L),VNCAT2025121001491933286,SỮA CHUA,95000,1,,,VNMOG2026063018560291224,TRÂN CHÂU HẠT NỔ SIZE L,0,7,VNMOD20260630185602039482,🍓Trân Châu Nổ Dâu Tây L,35000,1
VNITE2026063018163548126,Sữa Chua Xoài (L),VNCAT2025121001491933286,SỮA CHUA,95000,1,,,VNMOG2026063018560291224,TRÂN CHÂU HẠT NỔ SIZE L,0,7,VNMOD20260701203137028578,🥝Trân Châu Nổ Kiwi L,35000,1
VNITE2026063018163548126,Sữa Chua Xoài (L),VNCAT2025121001491933286,SỮA CHUA,95000,1,,,VNMOG2026063018560291224,TRÂN CHÂU HẠT NỔ SIZE L,0,7,VNMOD20260630185602041378,🍑Trân Châu Nổ Đào L,35000,1
VNITE2026063018163548126,Sữa Chua Xoài (L),VNCAT2025121001491933286,SỮA CHUA,95000,1,,,VNMOG2026063018560291224,TRÂN CHÂU HẠT NỔ SIZE L,0,7,VNMOD20260630185602051732,🫙Trân Châu Nổ Sữa Chua L,35000,1
VNITE2026063018163548126,Sữa Chua Xoài (L),VNCAT2025121001491933286,SỮA CHUA,95000,1,,,VNMOG2026020119173846534,ĐỂ TRỌN VỊ NGON (ĐỪNG CHỌN NHÉ),0,1,VNMOD20260201191738014297,Ngon nhất khi dùng trong 2 giờ đầu,0,1
VNITE2026063018163548126,Sữa Chua Xoài (L),VNCAT2025121001491933286,SỮA CHUA,95000,1,,,VNMOG2026020119173846534,ĐỂ TRỌN VỊ NGON (ĐỪNG CHỌN NHÉ),0,1,VNMOD20260201191738027869,Giữ lạnh khi chưa sử dụng,0,1
VNITE2026010216014646887,Sữa Chua Xoài (M),VNCAT2025121001491933286,SỮA CHUA,79000,1,,,VNMOG2026040205120434503,TRÂN CHÂU HẠT NỔ SIZE M,0,7,VNMOD20260509171054013175,🍈Trân Châu Nổ Dưa Lưới M,25000,1
VNITE2026010216014646887,Sữa Chua Xoài (M),VNCAT2025121001491933286,SỮA CHUA,79000,1,,,VNMOG2026040205120434503,TRÂN CHÂU HẠT NỔ SIZE M,0,7,VNMOD20260509171054029404,🥝Trân Châu Nổ Kiwi M,25000,1
VNITE2026010216014646887,Sữa Chua Xoài (M),VNCAT2025121001491933286,SỮA CHUA,79000,1,,,VNMOG2026040205120434503,TRÂN CHÂU HẠT NỔ SIZE M,0,7,VNMOD20260402051204015377,🍇Trân Châu Nổ Nho M,25000,1
VNITE2026010216014646887,Sữa Chua Xoài (M),VNCAT2025121001491933286,SỮA CHUA,79000,1,,,VNMOG2026040205120434503,TRÂN CHÂU HẠT NỔ SIZE M,0,7,VNMOD20260402051204027788,🫐Trân Châu Nổ Việt Quất M,25000,1
VNITE2026010216014646887,Sữa Chua Xoài (M),VNCAT2025121001491933286,SỮA CHUA,79000,1,,,VNMOG2026040205120434503,TRÂN CHÂU HẠT NỔ SIZE M,0,7,VNMOD20260402051204039633,🍓Trân Châu Nổ Dâu Tây M,25000,1
VNITE2026010216014646887,Sữa Chua Xoài (M),VNCAT2025121001491933286,SỮA CHUA,79000,1,,,VNMOG2026040205120434503,TRÂN CHÂU HẠT NỔ SIZE M,0,7,VNMOD20260402051204042483,🍑Trân Châu Nổ Đào M,25000,1
VNITE2026010216014646887,Sữa Chua Xoài (M),VNCAT2025121001491933286,SỮA CHUA,79000,1,,,VNMOG2026040205120434503,TRÂN CHÂU HẠT NỔ SIZE M,0,7,VNMOD20260402051204050121,🫙Trân Châu Nổ Sữa Chua M,25000,1
VNITE2026010216014646887,Sữa Chua Xoài (M),VNCAT2025121001491933286,SỮA CHUA,79000,1,,,VNMOG2026020119173846534,ĐỂ TRỌN VỊ NGON (ĐỪNG CHỌN NHÉ),0,1,VNMOD20260201191738014297,Ngon nhất khi dùng trong 2 giờ đầu,0,1
VNITE2026010216014646887,Sữa Chua Xoài (M),VNCAT2025121001491933286,SỮA CHUA,79000,1,,,VNMOG2026020119173846534,ĐỂ TRỌN VỊ NGON (ĐỪNG CHỌN NHÉ),0,1,VNMOD20260201191738027869,Giữ lạnh khi chưa sử dụng,0,1
VNITE2026010216014646887,Sữa Chua Xoài (M),VNCAT2025121001491933286,SỮA CHUA,79000,1,,,VNMOG2026010214381357793,TOPPINGS NƯỚC SIZE M,0,14,VNMOD20260728120859016081,🏐Nhãn Nhục,40000,1
VNITE2026010216014646887,Sữa Chua Xoài (M),VNCAT2025121001491933286,SỮA CHUA,79000,1,,,VNMOG2026010214381357793,TOPPINGS NƯỚC SIZE M,0,14,VNMOD20260728120859024399,🍄Nấm Tuyết,30000,1
VNITE2026010216014646887,Sữa Chua Xoài (M),VNCAT2025121001491933286,SỮA CHUA,79000,1,,,VNMOG2026010214381357793,TOPPINGS NƯỚC SIZE M,0,14,VNMOD20260728120859035219,🫗Nhựa Đào,30000,1
VNITE2026010216014646887,Sữa Chua Xoài (M),VNCAT2025121001491933286,SỮA CHUA,79000,1,,,VNMOG2026010214381357793,TOPPINGS NƯỚC SIZE M,0,14,VNMOD20260525094214016070,🌼Vàng Lá,20000,1
VNITE2026010216014646887,Sữa Chua Xoài (M),VNCAT2025121001491933286,SỮA CHUA,79000,1,,,VNMOG2026010214381357793,TOPPINGS NƯỚC SIZE M,0,14,VNMOD20260525094214029352,🍭Kẹo Mút Xốp,20000,1
VNITE2026010216014646887,Sữa Chua Xoài (M),VNCAT2025121001491933286,SỮA CHUA,79000,1,,,VNMOG2026010214381357793,TOPPINGS NƯỚC SIZE M,0,14,VNMOD20260520121848014884,☕️Thạch Cafe,15000,1
VNITE2026010216014646887,Sữa Chua Xoài (M),VNCAT2025121001491933286,SỮA CHUA,79000,1,,,VNMOG2026010214381357793,TOPPINGS NƯỚC SIZE M,0,14,VNMOD20260509171133012746,🍑Thạch Dừa Vị Đào,15000,1
VNITE2026010216014646887,Sữa Chua Xoài (M),VNCAT2025121001491933286,SỮA CHUA,79000,1,,,VNMOG2026010214381357793,TOPPINGS NƯỚC SIZE M,0,14,VNMOD20260509171133025336,🩶Hạt Chia,10000,1
VNITE2026010216014646887,Sữa Chua Xoài (M),VNCAT2025121001491933286,SỮA CHUA,79000,1,,,VNMOG2026010214381357793,TOPPINGS NƯỚC SIZE M,0,14,VNMOD20260520121848024526,🍑Mochi Đào,30000,1
VNITE2026010216014646887,Sữa Chua Xoài (M),VNCAT2025121001491933286,SỮA CHUA,79000,1,,,VNMOG2026010214381357793,TOPPINGS NƯỚC SIZE M,0,14,VNMOD20260102143813012309,⚪️Khúc Bạch,30000,1
VNITE2026010216014646887,Sữa Chua Xoài (M),VNCAT2025121001491933286,SỮA CHUA,79000,1,,,VNMOG2026010214381357793,TOPPINGS NƯỚC SIZE M,0,14,VNMOD20260102143813021051,🖤Sương Sáo,15000,1
VNITE2026010216014646887,Sữa Chua Xoài (M),VNCAT2025121001491933286,SỮA CHUA,79000,1,,,VNMOG2026010214381357793,TOPPINGS NƯỚC SIZE M,0,14,VNMOD20260102143813035207,🍵Thạch Matcha,15000,1
VNITE2026010216014646887,Sữa Chua Xoài (M),VNCAT2025121001491933286,SỮA CHUA,79000,1,,,VNMOG2026010214381357793,TOPPINGS NƯỚC SIZE M,0,14,VNMOD20260102143813047639,🍀Thạch Nha Đam,20000,1
VNITE2026010216014646887,Sữa Chua Xoài (M),VNCAT2025121001491933286,SỮA CHUA,79000,1,,,VNMOG2026010214381357793,TOPPINGS NƯỚC SIZE M,0,14,VNMOD20260102143813069685,🫧Trân Châu Trắng,15000,1
VNITE2026010216014646887,Sữa Chua Xoài (M),VNCAT2025121001491933286,SỮA CHUA,79000,1,,,VNMOG2026010214381357793,TOPPINGS NƯỚC SIZE M,0,14,VNMOD20260128094817012683,💜Hạt Nổ Khoai Môn,30000,1
VNITE2026010216014646887,Sữa Chua Xoài (M),VNCAT2025121001491933286,SỮA CHUA,79000,1,,,VNMOG2026010214381357793,TOPPINGS NƯỚC SIZE M,0,14,VNMOD20260102143813118751,🍮Kem Flan,50000,1
VNITE2026010216014646887,Sữa Chua Xoài (M),VNCAT2025121001491933286,SỮA CHUA,79000,1,,,VNMOG2026010214381357793,TOPPINGS NƯỚC SIZE M,0,14,VNMOD20260102143813120730,🧂Kem Muối,15000,1
VNITE2026063018153037756,Sữa Chua Dâu (L),VNCAT2025121001491933286,SỮA CHUA,109000,1,,,VNMOG2026063019062792408,TOPPINGS NƯỚC SIZE L,0,14,VNMOD20260728120958018426,🫗Nhựa Đào,40000,1
VNITE2026063018153037756,Sữa Chua Dâu (L),VNCAT2025121001491933286,SỮA CHUA,109000,1,,,VNMOG2026063019062792408,TOPPINGS NƯỚC SIZE L,0,14,VNMOD20260728120958024241,🍄Nấm Tuyết,40000,1
VNITE2026063018153037756,Sữa Chua Dâu (L),VNCAT2025121001491933286,SỮA CHUA,109000,1,,,VNMOG2026063019062792408,TOPPINGS NƯỚC SIZE L,0,14,VNMOD20260728120958033950,🏐Nhãn Nhục,50000,1
VNITE2026063018153037756,Sữa Chua Dâu (L),VNCAT2025121001491933286,SỮA CHUA,109000,1,,,VNMOG2026063019062792408,TOPPINGS NƯỚC SIZE L,0,14,VNMOD20260630190628016741,🌼Vàng Lá,20000,1
VNITE2026063018153037756,Sữa Chua Dâu (L),VNCAT2025121001491933286,SỮA CHUA,109000,1,,,VNMOG2026063019062792408,TOPPINGS NƯỚC SIZE L,0,14,VNMOD20260630190628024121,🍭Kẹo Mút Xốp,20000,1
VNITE2026063018153037756,Sữa Chua Dâu (L),VNCAT2025121001491933286,SỮA CHUA,109000,1,,,VNMOG2026063019062792408,TOPPINGS NƯỚC SIZE L,0,14,VNMOD20260630190628033861,☕️Thạch Cafe,20000,1
VNITE2026063018153037756,Sữa Chua Dâu (L),VNCAT2025121001491933286,SỮA CHUA,109000,1,,,VNMOG2026063019062792408,TOPPINGS NƯỚC SIZE L,0,14,VNMOD20260630190628046181,🍑Thạch Dừa Vị Đào,20000,1
VNITE2026063018153037756,Sữa Chua Dâu (L),VNCAT2025121001491933286,SỮA CHUA,109000,1,,,VNMOG2026063019062792408,TOPPINGS NƯỚC SIZE L,0,14,VNMOD20260630190628057865,🩶Hạt Chia,15000,1
VNITE2026063018153037756,Sữa Chua Dâu (L),VNCAT2025121001491933286,SỮA CHUA,109000,1,,,VNMOG2026063019062792408,TOPPINGS NƯỚC SIZE L,0,14,VNMOD20260630190628062501,🍑Mochi Đào,30000,1
VNITE2026063018153037756,Sữa Chua Dâu (L),VNCAT2025121001491933286,SỮA CHUA,109000,1,,,VNMOG2026063019062792408,TOPPINGS NƯỚC SIZE L,0,14,VNMOD20260630190628075255,⚪️Khúc Bạch,35000,1
VNITE2026063018153037756,Sữa Chua Dâu (L),VNCAT2025121001491933286,SỮA CHUA,109000,1,,,VNMOG2026063019062792408,TOPPINGS NƯỚC SIZE L,0,14,VNMOD20260630190628086001,🖤Sương Sáo,20000,1
VNITE2026063018153037756,Sữa Chua Dâu (L),VNCAT2025121001491933286,SỮA CHUA,109000,1,,,VNMOG2026063019062792408,TOPPINGS NƯỚC SIZE L,0,14,VNMOD20260630190628097471,🍵Thạch Matcha,20000,1
VNITE2026063018153037756,Sữa Chua Dâu (L),VNCAT2025121001491933286,SỮA CHUA,109000,1,,,VNMOG2026063019062792408,TOPPINGS NƯỚC SIZE L,0,14,VNMOD20260630190628109200,🍀Thạch Nha Đam,25000,1
VNITE2026063018153037756,Sữa Chua Dâu (L),VNCAT2025121001491933286,SỮA CHUA,109000,1,,,VNMOG2026063019062792408,TOPPINGS NƯỚC SIZE L,0,14,VNMOD20260630190628119022,🧋Trân Châu Trắng,20000,1
VNITE2026063018153037756,Sữa Chua Dâu (L),VNCAT2025121001491933286,SỮA CHUA,109000,1,,,VNMOG2026063019062792408,TOPPINGS NƯỚC SIZE L,0,14,VNMOD20260630190628120791,💜Hạt Nổ Khoai Môn,40000,1
VNITE2026063018153037756,Sữa Chua Dâu (L),VNCAT2025121001491933286,SỮA CHUA,109000,1,,,VNMOG2026063019062792408,TOPPINGS NƯỚC SIZE L,0,14,VNMOD20260630190628134965,🍮Kem Flan,50000,1
VNITE2026063018153037756,Sữa Chua Dâu (L),VNCAT2025121001491933286,SỮA CHUA,109000,1,,,VNMOG2026063019062792408,TOPPINGS NƯỚC SIZE L,0,14,VNMOD20260630190628148911,🧂Kem Muối,20000,1
VNITE2026063018153037756,Sữa Chua Dâu (L),VNCAT2025121001491933286,SỮA CHUA,109000,1,,,VNMOG2026063018560291224,TRÂN CHÂU HẠT NỔ SIZE L,0,7,VNMOD20260630185602010509,🍈Trân Châu Nổ Dưa Lưới L,35000,1
VNITE2026063018153037756,Sữa Chua Dâu (L),VNCAT2025121001491933286,SỮA CHUA,109000,1,,,VNMOG2026063018560291224,TRÂN CHÂU HẠT NỔ SIZE L,0,7,VNMOD20260701203137011333,🍇Trân Châu Nổ Nho L,35000,1
VNITE2026063018153037756,Sữa Chua Dâu (L),VNCAT2025121001491933286,SỮA CHUA,109000,1,,,VNMOG2026063018560291224,TRÂN CHÂU HẠT NỔ SIZE L,0,7,VNMOD20260630185602024752,🫐Trân Châu Nổ Việt Quất L,35000,1
VNITE2026063018153037756,Sữa Chua Dâu (L),VNCAT2025121001491933286,SỮA CHUA,109000,1,,,VNMOG2026063018560291224,TRÂN CHÂU HẠT NỔ SIZE L,0,7,VNMOD20260630185602039482,🍓Trân Châu Nổ Dâu Tây L,35000,1
VNITE2026063018153037756,Sữa Chua Dâu (L),VNCAT2025121001491933286,SỮA CHUA,109000,1,,,VNMOG2026063018560291224,TRÂN CHÂU HẠT NỔ SIZE L,0,7,VNMOD20260701203137028578,🥝Trân Châu Nổ Kiwi L,35000,1
VNITE2026063018153037756,Sữa Chua Dâu (L),VNCAT2025121001491933286,SỮA CHUA,109000,1,,,VNMOG2026063018560291224,TRÂN CHÂU HẠT NỔ SIZE L,0,7,VNMOD20260630185602041378,🍑Trân Châu Nổ Đào L,35000,1
VNITE2026063018153037756,Sữa Chua Dâu (L),VNCAT2025121001491933286,SỮA CHUA,109000,1,,,VNMOG2026063018560291224,TRÂN CHÂU HẠT NỔ SIZE L,0,7,VNMOD20260630185602051732,🫙Trân Châu Nổ Sữa Chua L,35000,1
VNITE2026063018153037756,Sữa Chua Dâu (L),VNCAT2025121001491933286,SỮA CHUA,109000,1,,,VNMOG2026020119173846534,ĐỂ TRỌN VỊ NGON (ĐỪNG CHỌN NHÉ),0,1,VNMOD20260201191738014297,Ngon nhất khi dùng trong 2 giờ đầu,0,1
VNITE2026063018153037756,Sữa Chua Dâu (L),VNCAT2025121001491933286,SỮA CHUA,109000,1,,,VNMOG2026020119173846534,ĐỂ TRỌN VỊ NGON (ĐỪNG CHỌN NHÉ),0,1,VNMOD20260201191738027869,Giữ lạnh khi chưa sử dụng,0,1
VNITE20251210014919035586,Sữa Chua Dâu (M),VNCAT2025121001491933286,SỮA CHUA,79000,1,,,VNMOG2026040205120434503,TRÂN CHÂU HẠT NỔ SIZE M,0,7,VNMOD20260509171054013175,🍈Trân Châu Nổ Dưa Lưới M,25000,1
VNITE20251210014919035586,Sữa Chua Dâu (M),VNCAT2025121001491933286,SỮA CHUA,79000,1,,,VNMOG2026040205120434503,TRÂN CHÂU HẠT NỔ SIZE M,0,7,VNMOD20260509171054029404,🥝Trân Châu Nổ Kiwi M,25000,1
VNITE20251210014919035586,Sữa Chua Dâu (M),VNCAT2025121001491933286,SỮA CHUA,79000,1,,,VNMOG2026040205120434503,TRÂN CHÂU HẠT NỔ SIZE M,0,7,VNMOD20260402051204015377,🍇Trân Châu Nổ Nho M,25000,1
VNITE20251210014919035586,Sữa Chua Dâu (M),VNCAT2025121001491933286,SỮA CHUA,79000,1,,,VNMOG2026040205120434503,TRÂN CHÂU HẠT NỔ SIZE M,0,7,VNMOD20260402051204027788,🫐Trân Châu Nổ Việt Quất M,25000,1
VNITE20251210014919035586,Sữa Chua Dâu (M),VNCAT2025121001491933286,SỮA CHUA,79000,1,,,VNMOG2026040205120434503,TRÂN CHÂU HẠT NỔ SIZE M,0,7,VNMOD20260402051204039633,🍓Trân Châu Nổ Dâu Tây M,25000,1
VNITE20251210014919035586,Sữa Chua Dâu (M),VNCAT2025121001491933286,SỮA CHUA,79000,1,,,VNMOG2026040205120434503,TRÂN CHÂU HẠT NỔ SIZE M,0,7,VNMOD20260402051204042483,🍑Trân Châu Nổ Đào M,25000,1
VNITE20251210014919035586,Sữa Chua Dâu (M),VNCAT2025121001491933286,SỮA CHUA,79000,1,,,VNMOG2026040205120434503,TRÂN CHÂU HẠT NỔ SIZE M,0,7,VNMOD20260402051204050121,🫙Trân Châu Nổ Sữa Chua M,25000,1
VNITE20251210014919035586,Sữa Chua Dâu (M),VNCAT2025121001491933286,SỮA CHUA,79000,1,,,VNMOG2026020119173846534,ĐỂ TRỌN VỊ NGON (ĐỪNG CHỌN NHÉ),0,1,VNMOD20260201191738014297,Ngon nhất khi dùng trong 2 giờ đầu,0,1
VNITE20251210014919035586,Sữa Chua Dâu (M),VNCAT2025121001491933286,SỮA CHUA,79000,1,,,VNMOG2026020119173846534,ĐỂ TRỌN VỊ NGON (ĐỪNG CHỌN NHÉ),0,1,VNMOD20260201191738027869,Giữ lạnh khi chưa sử dụng,0,1
VNITE20251210014919035586,Sữa Chua Dâu (M),VNCAT2025121001491933286,SỮA CHUA,79000,1,,,VNMOG2026010214381357793,TOPPINGS NƯỚC SIZE M,0,14,VNMOD20260728120859016081,🏐Nhãn Nhục,40000,1
VNITE20251210014919035586,Sữa Chua Dâu (M),VNCAT2025121001491933286,SỮA CHUA,79000,1,,,VNMOG2026010214381357793,TOPPINGS NƯỚC SIZE M,0,14,VNMOD20260728120859024399,🍄Nấm Tuyết,30000,1
VNITE20251210014919035586,Sữa Chua Dâu (M),VNCAT2025121001491933286,SỮA CHUA,79000,1,,,VNMOG2026010214381357793,TOPPINGS NƯỚC SIZE M,0,14,VNMOD20260728120859035219,🫗Nhựa Đào,30000,1
VNITE20251210014919035586,Sữa Chua Dâu (M),VNCAT2025121001491933286,SỮA CHUA,79000,1,,,VNMOG2026010214381357793,TOPPINGS NƯỚC SIZE M,0,14,VNMOD20260525094214016070,🌼Vàng Lá,20000,1
VNITE20251210014919035586,Sữa Chua Dâu (M),VNCAT2025121001491933286,SỮA CHUA,79000,1,,,VNMOG2026010214381357793,TOPPINGS NƯỚC SIZE M,0,14,VNMOD20260525094214029352,🍭Kẹo Mút Xốp,20000,1
VNITE20251210014919035586,Sữa Chua Dâu (M),VNCAT2025121001491933286,SỮA CHUA,79000,1,,,VNMOG2026010214381357793,TOPPINGS NƯỚC SIZE M,0,14,VNMOD20260520121848014884,☕️Thạch Cafe,15000,1
VNITE20251210014919035586,Sữa Chua Dâu (M),VNCAT2025121001491933286,SỮA CHUA,79000,1,,,VNMOG2026010214381357793,TOPPINGS NƯỚC SIZE M,0,14,VNMOD20260509171133012746,🍑Thạch Dừa Vị Đào,15000,1
VNITE20251210014919035586,Sữa Chua Dâu (M),VNCAT2025121001491933286,SỮA CHUA,79000,1,,,VNMOG2026010214381357793,TOPPINGS NƯỚC SIZE M,0,14,VNMOD20260509171133025336,🩶Hạt Chia,10000,1
VNITE20251210014919035586,Sữa Chua Dâu (M),VNCAT2025121001491933286,SỮA CHUA,79000,1,,,VNMOG2026010214381357793,TOPPINGS NƯỚC SIZE M,0,14,VNMOD20260520121848024526,🍑Mochi Đào,30000,1
VNITE20251210014919035586,Sữa Chua Dâu (M),VNCAT2025121001491933286,SỮA CHUA,79000,1,,,VNMOG2026010214381357793,TOPPINGS NƯỚC SIZE M,0,14,VNMOD20260102143813012309,⚪️Khúc Bạch,30000,1
VNITE20251210014919035586,Sữa Chua Dâu (M),VNCAT2025121001491933286,SỮA CHUA,79000,1,,,VNMOG2026010214381357793,TOPPINGS NƯỚC SIZE M,0,14,VNMOD20260102143813021051,🖤Sương Sáo,15000,1
VNITE20251210014919035586,Sữa Chua Dâu (M),VNCAT2025121001491933286,SỮA CHUA,79000,1,,,VNMOG2026010214381357793,TOPPINGS NƯỚC SIZE M,0,14,VNMOD20260102143813035207,🍵Thạch Matcha,15000,1
VNITE20251210014919035586,Sữa Chua Dâu (M),VNCAT2025121001491933286,SỮA CHUA,79000,1,,,VNMOG2026010214381357793,TOPPINGS NƯỚC SIZE M,0,14,VNMOD20260102143813047639,🍀Thạch Nha Đam,20000,1
VNITE20251210014919035586,Sữa Chua Dâu (M),VNCAT2025121001491933286,SỮA CHUA,79000,1,,,VNMOG2026010214381357793,TOPPINGS NƯỚC SIZE M,0,14,VNMOD20260102143813069685,🫧Trân Châu Trắng,15000,1
VNITE20251210014919035586,Sữa Chua Dâu (M),VNCAT2025121001491933286,SỮA CHUA,79000,1,,,VNMOG2026010214381357793,TOPPINGS NƯỚC SIZE M,0,14,VNMOD20260128094817012683,💜Hạt Nổ Khoai Môn,30000,1
VNITE20251210014919035586,Sữa Chua Dâu (M),VNCAT2025121001491933286,SỮA CHUA,79000,1,,,VNMOG2026010214381357793,TOPPINGS NƯỚC SIZE M,0,14,VNMOD20260102143813118751,🍮Kem Flan,50000,1
VNITE20251210014919035586,Sữa Chua Dâu (M),VNCAT2025121001491933286,SỮA CHUA,79000,1,,,VNMOG2026010214381357793,TOPPINGS NƯỚC SIZE M,0,14,VNMOD20260102143813120730,🧂Kem Muối,15000,1
VNITE2026063018031964164,Trà Sữa Khoai Môn (L),VNCAT2025121001465876373,TRÀ SỮA,99000,1,,,VNMOG2026063019062792408,TOPPINGS NƯỚC SIZE L,0,14,VNMOD20260728120958018426,🫗Nhựa Đào,40000,1
VNITE2026063018031964164,Trà Sữa Khoai Môn (L),VNCAT2025121001465876373,TRÀ SỮA,99000,1,,,VNMOG2026063019062792408,TOPPINGS NƯỚC SIZE L,0,14,VNMOD20260728120958024241,🍄Nấm Tuyết,40000,1
VNITE2026063018031964164,Trà Sữa Khoai Môn (L),VNCAT2025121001465876373,TRÀ SỮA,99000,1,,,VNMOG2026063019062792408,TOPPINGS NƯỚC SIZE L,0,14,VNMOD20260728120958033950,🏐Nhãn Nhục,50000,1
VNITE2026063018031964164,Trà Sữa Khoai Môn (L),VNCAT2025121001465876373,TRÀ SỮA,99000,1,,,VNMOG2026063019062792408,TOPPINGS NƯỚC SIZE L,0,14,VNMOD20260630190628016741,🌼Vàng Lá,20000,1
VNITE2026063018031964164,Trà Sữa Khoai Môn (L),VNCAT2025121001465876373,TRÀ SỮA,99000,1,,,VNMOG2026063019062792408,TOPPINGS NƯỚC SIZE L,0,14,VNMOD20260630190628024121,🍭Kẹo Mút Xốp,20000,1
VNITE2026063018031964164,Trà Sữa Khoai Môn (L),VNCAT2025121001465876373,TRÀ SỮA,99000,1,,,VNMOG2026063019062792408,TOPPINGS NƯỚC SIZE L,0,14,VNMOD20260630190628033861,☕️Thạch Cafe,20000,1
VNITE2026063018031964164,Trà Sữa Khoai Môn (L),VNCAT2025121001465876373,TRÀ SỮA,99000,1,,,VNMOG2026063019062792408,TOPPINGS NƯỚC SIZE L,0,14,VNMOD20260630190628046181,🍑Thạch Dừa Vị Đào,20000,1
VNITE2026063018031964164,Trà Sữa Khoai Môn (L),VNCAT2025121001465876373,TRÀ SỮA,99000,1,,,VNMOG2026063019062792408,TOPPINGS NƯỚC SIZE L,0,14,VNMOD20260630190628057865,🩶Hạt Chia,15000,1
VNITE2026063018031964164,Trà Sữa Khoai Môn (L),VNCAT2025121001465876373,TRÀ SỮA,99000,1,,,VNMOG2026063019062792408,TOPPINGS NƯỚC SIZE L,0,14,VNMOD20260630190628062501,🍑Mochi Đào,30000,1
VNITE2026063018031964164,Trà Sữa Khoai Môn (L),VNCAT2025121001465876373,TRÀ SỮA,99000,1,,,VNMOG2026063019062792408,TOPPINGS NƯỚC SIZE L,0,14,VNMOD20260630190628075255,⚪️Khúc Bạch,35000,1
VNITE2026063018031964164,Trà Sữa Khoai Môn (L),VNCAT2025121001465876373,TRÀ SỮA,99000,1,,,VNMOG2026063019062792408,TOPPINGS NƯỚC SIZE L,0,14,VNMOD20260630190628086001,🖤Sương Sáo,20000,1
VNITE2026063018031964164,Trà Sữa Khoai Môn (L),VNCAT2025121001465876373,TRÀ SỮA,99000,1,,,VNMOG2026063019062792408,TOPPINGS NƯỚC SIZE L,0,14,VNMOD20260630190628097471,🍵Thạch Matcha,20000,1
VNITE2026063018031964164,Trà Sữa Khoai Môn (L),VNCAT2025121001465876373,TRÀ SỮA,99000,1,,,VNMOG2026063019062792408,TOPPINGS NƯỚC SIZE L,0,14,VNMOD20260630190628109200,🍀Thạch Nha Đam,25000,1
VNITE2026063018031964164,Trà Sữa Khoai Môn (L),VNCAT2025121001465876373,TRÀ SỮA,99000,1,,,VNMOG2026063019062792408,TOPPINGS NƯỚC SIZE L,0,14,VNMOD20260630190628119022,🧋Trân Châu Trắng,20000,1
VNITE2026063018031964164,Trà Sữa Khoai Môn (L),VNCAT2025121001465876373,TRÀ SỮA,99000,1,,,VNMOG2026063019062792408,TOPPINGS NƯỚC SIZE L,0,14,VNMOD20260630190628120791,💜Hạt Nổ Khoai Môn,40000,1
VNITE2026063018031964164,Trà Sữa Khoai Môn (L),VNCAT2025121001465876373,TRÀ SỮA,99000,1,,,VNMOG2026063019062792408,TOPPINGS NƯỚC SIZE L,0,14,VNMOD20260630190628134965,🍮Kem Flan,50000,1
VNITE2026063018031964164,Trà Sữa Khoai Môn (L),VNCAT2025121001465876373,TRÀ SỮA,99000,1,,,VNMOG2026063019062792408,TOPPINGS NƯỚC SIZE L,0,14,VNMOD20260630190628148911,🧂Kem Muối,20000,1
VNITE2026063018031964164,Trà Sữa Khoai Môn (L),VNCAT2025121001465876373,TRÀ SỮA,99000,1,,,VNMOG2026063018560291224,TRÂN CHÂU HẠT NỔ SIZE L,0,7,VNMOD20260630185602010509,🍈Trân Châu Nổ Dưa Lưới L,35000,1
VNITE2026063018031964164,Trà Sữa Khoai Môn (L),VNCAT2025121001465876373,TRÀ SỮA,99000,1,,,VNMOG2026063018560291224,TRÂN CHÂU HẠT NỔ SIZE L,0,7,VNMOD20260701203137011333,🍇Trân Châu Nổ Nho L,35000,1
VNITE2026063018031964164,Trà Sữa Khoai Môn (L),VNCAT2025121001465876373,TRÀ SỮA,99000,1,,,VNMOG2026063018560291224,TRÂN CHÂU HẠT NỔ SIZE L,0,7,VNMOD20260630185602024752,🫐Trân Châu Nổ Việt Quất L,35000,1
VNITE2026063018031964164,Trà Sữa Khoai Môn (L),VNCAT2025121001465876373,TRÀ SỮA,99000,1,,,VNMOG2026063018560291224,TRÂN CHÂU HẠT NỔ SIZE L,0,7,VNMOD20260630185602039482,🍓Trân Châu Nổ Dâu Tây L,35000,1
VNITE2026063018031964164,Trà Sữa Khoai Môn (L),VNCAT2025121001465876373,TRÀ SỮA,99000,1,,,VNMOG2026063018560291224,TRÂN CHÂU HẠT NỔ SIZE L,0,7,VNMOD20260701203137028578,🥝Trân Châu Nổ Kiwi L,35000,1
VNITE2026063018031964164,Trà Sữa Khoai Môn (L),VNCAT2025121001465876373,TRÀ SỮA,99000,1,,,VNMOG2026063018560291224,TRÂN CHÂU HẠT NỔ SIZE L,0,7,VNMOD20260630185602041378,🍑Trân Châu Nổ Đào L,35000,1
VNITE2026063018031964164,Trà Sữa Khoai Môn (L),VNCAT2025121001465876373,TRÀ SỮA,99000,1,,,VNMOG2026063018560291224,TRÂN CHÂU HẠT NỔ SIZE L,0,7,VNMOD20260630185602051732,🫙Trân Châu Nổ Sữa Chua L,35000,1
VNITE2026063018031964164,Trà Sữa Khoai Môn (L),VNCAT2025121001465876373,TRÀ SỮA,99000,1,,,VNMOG2026010213175723002,MỨC ĐÁ,1,1,VNMOD20260102131757039130,0% Đá,0,1
VNITE2026063018031964164,Trà Sữa Khoai Môn (L),VNCAT2025121001465876373,TRÀ SỮA,99000,1,,,VNMOG2026010213175723002,MỨC ĐÁ,1,1,VNMOD20260102131757021927,50% Đá,0,1
VNITE2026063018031964164,Trà Sữa Khoai Môn (L),VNCAT2025121001465876373,TRÀ SỮA,99000,1,,,VNMOG2026010213175723002,MỨC ĐÁ,1,1,VNMOD20260102131757017020,100% Đá,0,1
VNITE2026063018031964164,Trà Sữa Khoai Môn (L),VNCAT2025121001465876373,TRÀ SỮA,99000,1,,,VNMOG2026010213175723002,MỨC ĐÁ,1,1,VNMOD20260102131757048225,Đá Riêng Đựng Túi Zip,5000,1
VNITE2026063018031964164,Trà Sữa Khoai Môn (L),VNCAT2025121001465876373,TRÀ SỮA,99000,1,,,VNMOG2026010213141935691,MỨC ĐƯỜNG,1,1,VNMOD20260102131419014497,0% Sugar Level,0,1
VNITE2026063018031964164,Trà Sữa Khoai Môn (L),VNCAT2025121001465876373,TRÀ SỮA,99000,1,,,VNMOG2026010213141935691,MỨC ĐƯỜNG,1,1,VNMOD20260102131419029122,25% Sugar Level,0,1
VNITE2026063018031964164,Trà Sữa Khoai Môn (L),VNCAT2025121001465876373,TRÀ SỮA,99000,1,,,VNMOG2026010213141935691,MỨC ĐƯỜNG,1,1,VNMOD20260102131419033486,50% Sugar Level,0,1
VNITE2026063018031964164,Trà Sữa Khoai Môn (L),VNCAT2025121001465876373,TRÀ SỮA,99000,1,,,VNMOG2026010213141935691,MỨC ĐƯỜNG,1,1,VNMOD20260102131419040560,75% Sugar Level,0,1
VNITE2026063018031964164,Trà Sữa Khoai Môn (L),VNCAT2025121001465876373,TRÀ SỮA,99000,1,,,VNMOG2026010213141935691,MỨC ĐƯỜNG,1,1,VNMOD20260102131419052459,100% Sugar Level,0,1
VNITE20251210014658112838,Trà Sữa Khoai Môn (M),VNCAT2025121001465876373,TRÀ SỮA,89000,1,,,VNMOG2026040205120434503,TRÂN CHÂU HẠT NỔ SIZE M,0,7,VNMOD20260509171054013175,🍈Trân Châu Nổ Dưa Lưới M,25000,1
VNITE20251210014658112838,Trà Sữa Khoai Môn (M),VNCAT2025121001465876373,TRÀ SỮA,89000,1,,,VNMOG2026040205120434503,TRÂN CHÂU HẠT NỔ SIZE M,0,7,VNMOD20260509171054029404,🥝Trân Châu Nổ Kiwi M,25000,1
VNITE20251210014658112838,Trà Sữa Khoai Môn (M),VNCAT2025121001465876373,TRÀ SỮA,89000,1,,,VNMOG2026040205120434503,TRÂN CHÂU HẠT NỔ SIZE M,0,7,VNMOD20260402051204015377,🍇Trân Châu Nổ Nho M,25000,1
VNITE20251210014658112838,Trà Sữa Khoai Môn (M),VNCAT2025121001465876373,TRÀ SỮA,89000,1,,,VNMOG2026040205120434503,TRÂN CHÂU HẠT NỔ SIZE M,0,7,VNMOD20260402051204027788,🫐Trân Châu Nổ Việt Quất M,25000,1
VNITE20251210014658112838,Trà Sữa Khoai Môn (M),VNCAT2025121001465876373,TRÀ SỮA,89000,1,,,VNMOG2026040205120434503,TRÂN CHÂU HẠT NỔ SIZE M,0,7,VNMOD20260402051204039633,🍓Trân Châu Nổ Dâu Tây M,25000,1
VNITE20251210014658112838,Trà Sữa Khoai Môn (M),VNCAT2025121001465876373,TRÀ SỮA,89000,1,,,VNMOG2026040205120434503,TRÂN CHÂU HẠT NỔ SIZE M,0,7,VNMOD20260402051204042483,🍑Trân Châu Nổ Đào M,25000,1
VNITE20251210014658112838,Trà Sữa Khoai Môn (M),VNCAT2025121001465876373,TRÀ SỮA,89000,1,,,VNMOG2026040205120434503,TRÂN CHÂU HẠT NỔ SIZE M,0,7,VNMOD20260402051204050121,🫙Trân Châu Nổ Sữa Chua M,25000,1
VNITE20251210014658112838,Trà Sữa Khoai Môn (M),VNCAT2025121001465876373,TRÀ SỮA,89000,1,,,VNMOG2026010213141935691,MỨC ĐƯỜNG,1,1,VNMOD20260102131419014497,0% Sugar Level,0,1
VNITE20251210014658112838,Trà Sữa Khoai Môn (M),VNCAT2025121001465876373,TRÀ SỮA,89000,1,,,VNMOG2026010213141935691,MỨC ĐƯỜNG,1,1,VNMOD20260102131419029122,25% Sugar Level,0,1
VNITE20251210014658112838,Trà Sữa Khoai Môn (M),VNCAT2025121001465876373,TRÀ SỮA,89000,1,,,VNMOG2026010213141935691,MỨC ĐƯỜNG,1,1,VNMOD20260102131419033486,50% Sugar Level,0,1
VNITE20251210014658112838,Trà Sữa Khoai Môn (M),VNCAT2025121001465876373,TRÀ SỮA,89000,1,,,VNMOG2026010213141935691,MỨC ĐƯỜNG,1,1,VNMOD20260102131419040560,75% Sugar Level,0,1
VNITE20251210014658112838,Trà Sữa Khoai Môn (M),VNCAT2025121001465876373,TRÀ SỮA,89000,1,,,VNMOG2026010213141935691,MỨC ĐƯỜNG,1,1,VNMOD20260102131419052459,100% Sugar Level,0,1
VNITE20251210014658112838,Trà Sữa Khoai Môn (M),VNCAT2025121001465876373,TRÀ SỮA,89000,1,,,VNMOG2026010213175723002,MỨC ĐÁ,1,1,VNMOD20260102131757039130,0% Đá,0,1
VNITE20251210014658112838,Trà Sữa Khoai Môn (M),VNCAT2025121001465876373,TRÀ SỮA,89000,1,,,VNMOG2026010213175723002,MỨC ĐÁ,1,1,VNMOD20260102131757021927,50% Đá,0,1
VNITE20251210014658112838,Trà Sữa Khoai Môn (M),VNCAT2025121001465876373,TRÀ SỮA,89000,1,,,VNMOG2026010213175723002,MỨC ĐÁ,1,1,VNMOD20260102131757017020,100% Đá,0,1
VNITE20251210014658112838,Trà Sữa Khoai Môn (M),VNCAT2025121001465876373,TRÀ SỮA,89000,1,,,VNMOG2026010213175723002,MỨC ĐÁ,1,1,VNMOD20260102131757048225,Đá Riêng Đựng Túi Zip,5000,1
VNITE20251210014658112838,Trà Sữa Khoai Môn (M),VNCAT2025121001465876373,TRÀ SỮA,89000,1,,,VNMOG2026010214381357793,TOPPINGS NƯỚC SIZE M,0,14,VNMOD20260728120859016081,🏐Nhãn Nhục,40000,1
VNITE20251210014658112838,Trà Sữa Khoai Môn (M),VNCAT2025121001465876373,TRÀ SỮA,89000,1,,,VNMOG2026010214381357793,TOPPINGS NƯỚC SIZE M,0,14,VNMOD20260728120859024399,🍄Nấm Tuyết,30000,1
VNITE20251210014658112838,Trà Sữa Khoai Môn (M),VNCAT2025121001465876373,TRÀ SỮA,89000,1,,,VNMOG2026010214381357793,TOPPINGS NƯỚC SIZE M,0,14,VNMOD20260728120859035219,🫗Nhựa Đào,30000,1
VNITE20251210014658112838,Trà Sữa Khoai Môn (M),VNCAT2025121001465876373,TRÀ SỮA,89000,1,,,VNMOG2026010214381357793,TOPPINGS NƯỚC SIZE M,0,14,VNMOD20260525094214016070,🌼Vàng Lá,20000,1
VNITE20251210014658112838,Trà Sữa Khoai Môn (M),VNCAT2025121001465876373,TRÀ SỮA,89000,1,,,VNMOG2026010214381357793,TOPPINGS NƯỚC SIZE M,0,14,VNMOD20260525094214029352,🍭Kẹo Mút Xốp,20000,1
VNITE20251210014658112838,Trà Sữa Khoai Môn (M),VNCAT2025121001465876373,TRÀ SỮA,89000,1,,,VNMOG2026010214381357793,TOPPINGS NƯỚC SIZE M,0,14,VNMOD20260520121848014884,☕️Thạch Cafe,15000,1
VNITE20251210014658112838,Trà Sữa Khoai Môn (M),VNCAT2025121001465876373,TRÀ SỮA,89000,1,,,VNMOG2026010214381357793,TOPPINGS NƯỚC SIZE M,0,14,VNMOD20260509171133012746,🍑Thạch Dừa Vị Đào,15000,1
VNITE20251210014658112838,Trà Sữa Khoai Môn (M),VNCAT2025121001465876373,TRÀ SỮA,89000,1,,,VNMOG2026010214381357793,TOPPINGS NƯỚC SIZE M,0,14,VNMOD20260509171133025336,🩶Hạt Chia,10000,1
VNITE20251210014658112838,Trà Sữa Khoai Môn (M),VNCAT2025121001465876373,TRÀ SỮA,89000,1,,,VNMOG2026010214381357793,TOPPINGS NƯỚC SIZE M,0,14,VNMOD20260520121848024526,🍑Mochi Đào,30000,1
VNITE20251210014658112838,Trà Sữa Khoai Môn (M),VNCAT2025121001465876373,TRÀ SỮA,89000,1,,,VNMOG2026010214381357793,TOPPINGS NƯỚC SIZE M,0,14,VNMOD20260102143813012309,⚪️Khúc Bạch,30000,1
VNITE20251210014658112838,Trà Sữa Khoai Môn (M),VNCAT2025121001465876373,TRÀ SỮA,89000,1,,,VNMOG2026010214381357793,TOPPINGS NƯỚC SIZE M,0,14,VNMOD20260102143813021051,🖤Sương Sáo,15000,1
VNITE20251210014658112838,Trà Sữa Khoai Môn (M),VNCAT2025121001465876373,TRÀ SỮA,89000,1,,,VNMOG2026010214381357793,TOPPINGS NƯỚC SIZE M,0,14,VNMOD20260102143813035207,🍵Thạch Matcha,15000,1
VNITE20251210014658112838,Trà Sữa Khoai Môn (M),VNCAT2025121001465876373,TRÀ SỮA,89000,1,,,VNMOG2026010214381357793,TOPPINGS NƯỚC SIZE M,0,14,VNMOD20260102143813047639,🍀Thạch Nha Đam,20000,1
VNITE20251210014658112838,Trà Sữa Khoai Môn (M),VNCAT2025121001465876373,TRÀ SỮA,89000,1,,,VNMOG2026010214381357793,TOPPINGS NƯỚC SIZE M,0,14,VNMOD20260102143813069685,🫧Trân Châu Trắng,15000,1
VNITE20251210014658112838,Trà Sữa Khoai Môn (M),VNCAT2025121001465876373,TRÀ SỮA,89000,1,,,VNMOG2026010214381357793,TOPPINGS NƯỚC SIZE M,0,14,VNMOD20260128094817012683,💜Hạt Nổ Khoai Môn,30000,1
VNITE20251210014658112838,Trà Sữa Khoai Môn (M),VNCAT2025121001465876373,TRÀ SỮA,89000,1,,,VNMOG2026010214381357793,TOPPINGS NƯỚC SIZE M,0,14,VNMOD20260102143813118751,🍮Kem Flan,50000,1
VNITE20251210014658112838,Trà Sữa Khoai Môn (M),VNCAT2025121001465876373,TRÀ SỮA,89000,1,,,VNMOG2026010214381357793,TOPPINGS NƯỚC SIZE M,0,14,VNMOD20260102143813120730,🧂Kem Muối,15000,1
VNITE20251210014658076622,Trà Sữa Khúc Bạch (L),VNCAT2025121001465876373,TRÀ SỮA,79000,1,,,VNMOG2026063019062792408,TOPPINGS NƯỚC SIZE L,0,14,VNMOD20260728120958018426,🫗Nhựa Đào,40000,1
VNITE20251210014658076622,Trà Sữa Khúc Bạch (L),VNCAT2025121001465876373,TRÀ SỮA,79000,1,,,VNMOG2026063019062792408,TOPPINGS NƯỚC SIZE L,0,14,VNMOD20260728120958024241,🍄Nấm Tuyết,40000,1
VNITE20251210014658076622,Trà Sữa Khúc Bạch (L),VNCAT2025121001465876373,TRÀ SỮA,79000,1,,,VNMOG2026063019062792408,TOPPINGS NƯỚC SIZE L,0,14,VNMOD20260728120958033950,🏐Nhãn Nhục,50000,1
VNITE20251210014658076622,Trà Sữa Khúc Bạch (L),VNCAT2025121001465876373,TRÀ SỮA,79000,1,,,VNMOG2026063019062792408,TOPPINGS NƯỚC SIZE L,0,14,VNMOD20260630190628016741,🌼Vàng Lá,20000,1
VNITE20251210014658076622,Trà Sữa Khúc Bạch (L),VNCAT2025121001465876373,TRÀ SỮA,79000,1,,,VNMOG2026063019062792408,TOPPINGS NƯỚC SIZE L,0,14,VNMOD20260630190628024121,🍭Kẹo Mút Xốp,20000,1
VNITE20251210014658076622,Trà Sữa Khúc Bạch (L),VNCAT2025121001465876373,TRÀ SỮA,79000,1,,,VNMOG2026063019062792408,TOPPINGS NƯỚC SIZE L,0,14,VNMOD20260630190628033861,☕️Thạch Cafe,20000,1
VNITE20251210014658076622,Trà Sữa Khúc Bạch (L),VNCAT2025121001465876373,TRÀ SỮA,79000,1,,,VNMOG2026063019062792408,TOPPINGS NƯỚC SIZE L,0,14,VNMOD20260630190628046181,🍑Thạch Dừa Vị Đào,20000,1
VNITE20251210014658076622,Trà Sữa Khúc Bạch (L),VNCAT2025121001465876373,TRÀ SỮA,79000,1,,,VNMOG2026063019062792408,TOPPINGS NƯỚC SIZE L,0,14,VNMOD20260630190628057865,🩶Hạt Chia,15000,1
VNITE20251210014658076622,Trà Sữa Khúc Bạch (L),VNCAT2025121001465876373,TRÀ SỮA,79000,1,,,VNMOG2026063019062792408,TOPPINGS NƯỚC SIZE L,0,14,VNMOD20260630190628062501,🍑Mochi Đào,30000,1
VNITE20251210014658076622,Trà Sữa Khúc Bạch (L),VNCAT2025121001465876373,TRÀ SỮA,79000,1,,,VNMOG2026063019062792408,TOPPINGS NƯỚC SIZE L,0,14,VNMOD20260630190628075255,⚪️Khúc Bạch,35000,1
VNITE20251210014658076622,Trà Sữa Khúc Bạch (L),VNCAT2025121001465876373,TRÀ SỮA,79000,1,,,VNMOG2026063019062792408,TOPPINGS NƯỚC SIZE L,0,14,VNMOD20260630190628086001,🖤Sương Sáo,20000,1
VNITE20251210014658076622,Trà Sữa Khúc Bạch (L),VNCAT2025121001465876373,TRÀ SỮA,79000,1,,,VNMOG2026063019062792408,TOPPINGS NƯỚC SIZE L,0,14,VNMOD20260630190628097471,🍵Thạch Matcha,20000,1
VNITE20251210014658076622,Trà Sữa Khúc Bạch (L),VNCAT2025121001465876373,TRÀ SỮA,79000,1,,,VNMOG2026063019062792408,TOPPINGS NƯỚC SIZE L,0,14,VNMOD20260630190628109200,🍀Thạch Nha Đam,25000,1
VNITE20251210014658076622,Trà Sữa Khúc Bạch (L),VNCAT2025121001465876373,TRÀ SỮA,79000,1,,,VNMOG2026063019062792408,TOPPINGS NƯỚC SIZE L,0,14,VNMOD20260630190628119022,🧋Trân Châu Trắng,20000,1
VNITE20251210014658076622,Trà Sữa Khúc Bạch (L),VNCAT2025121001465876373,TRÀ SỮA,79000,1,,,VNMOG2026063019062792408,TOPPINGS NƯỚC SIZE L,0,14,VNMOD20260630190628120791,💜Hạt Nổ Khoai Môn,40000,1
VNITE20251210014658076622,Trà Sữa Khúc Bạch (L),VNCAT2025121001465876373,TRÀ SỮA,79000,1,,,VNMOG2026063019062792408,TOPPINGS NƯỚC SIZE L,0,14,VNMOD20260630190628134965,🍮Kem Flan,50000,1
VNITE20251210014658076622,Trà Sữa Khúc Bạch (L),VNCAT2025121001465876373,TRÀ SỮA,79000,1,,,VNMOG2026063019062792408,TOPPINGS NƯỚC SIZE L,0,14,VNMOD20260630190628148911,🧂Kem Muối,20000,1
VNITE20251210014658076622,Trà Sữa Khúc Bạch (L),VNCAT2025121001465876373,TRÀ SỮA,79000,1,,,VNMOG2026063018560291224,TRÂN CHÂU HẠT NỔ SIZE L,0,7,VNMOD20260630185602010509,🍈Trân Châu Nổ Dưa Lưới L,35000,1
VNITE20251210014658076622,Trà Sữa Khúc Bạch (L),VNCAT2025121001465876373,TRÀ SỮA,79000,1,,,VNMOG2026063018560291224,TRÂN CHÂU HẠT NỔ SIZE L,0,7,VNMOD20260701203137011333,🍇Trân Châu Nổ Nho L,35000,1
VNITE20251210014658076622,Trà Sữa Khúc Bạch (L),VNCAT2025121001465876373,TRÀ SỮA,79000,1,,,VNMOG2026063018560291224,TRÂN CHÂU HẠT NỔ SIZE L,0,7,VNMOD20260630185602024752,🫐Trân Châu Nổ Việt Quất L,35000,1
VNITE20251210014658076622,Trà Sữa Khúc Bạch (L),VNCAT2025121001465876373,TRÀ SỮA,79000,1,,,VNMOG2026063018560291224,TRÂN CHÂU HẠT NỔ SIZE L,0,7,VNMOD20260630185602039482,🍓Trân Châu Nổ Dâu Tây L,35000,1
VNITE20251210014658076622,Trà Sữa Khúc Bạch (L),VNCAT2025121001465876373,TRÀ SỮA,79000,1,,,VNMOG2026063018560291224,TRÂN CHÂU HẠT NỔ SIZE L,0,7,VNMOD20260701203137028578,🥝Trân Châu Nổ Kiwi L,35000,1
VNITE20251210014658076622,Trà Sữa Khúc Bạch (L),VNCAT2025121001465876373,TRÀ SỮA,79000,1,,,VNMOG2026063018560291224,TRÂN CHÂU HẠT NỔ SIZE L,0,7,VNMOD20260630185602041378,🍑Trân Châu Nổ Đào L,35000,1
VNITE20251210014658076622,Trà Sữa Khúc Bạch (L),VNCAT2025121001465876373,TRÀ SỮA,79000,1,,,VNMOG2026063018560291224,TRÂN CHÂU HẠT NỔ SIZE L,0,7,VNMOD20260630185602051732,🫙Trân Châu Nổ Sữa Chua L,35000,1
VNITE20251210014658076622,Trà Sữa Khúc Bạch (L),VNCAT2025121001465876373,TRÀ SỮA,79000,1,,,VNMOG2026010213141935691,MỨC ĐƯỜNG,1,1,VNMOD20260102131419014497,0% Sugar Level,0,1
VNITE20251210014658076622,Trà Sữa Khúc Bạch (L),VNCAT2025121001465876373,TRÀ SỮA,79000,1,,,VNMOG2026010213141935691,MỨC ĐƯỜNG,1,1,VNMOD20260102131419029122,25% Sugar Level,0,1
VNITE20251210014658076622,Trà Sữa Khúc Bạch (L),VNCAT2025121001465876373,TRÀ SỮA,79000,1,,,VNMOG2026010213141935691,MỨC ĐƯỜNG,1,1,VNMOD20260102131419033486,50% Sugar Level,0,1
VNITE20251210014658076622,Trà Sữa Khúc Bạch (L),VNCAT2025121001465876373,TRÀ SỮA,79000,1,,,VNMOG2026010213141935691,MỨC ĐƯỜNG,1,1,VNMOD20260102131419040560,75% Sugar Level,0,1
VNITE20251210014658076622,Trà Sữa Khúc Bạch (L),VNCAT2025121001465876373,TRÀ SỮA,79000,1,,,VNMOG2026010213141935691,MỨC ĐƯỜNG,1,1,VNMOD20260102131419052459,100% Sugar Level,0,1
VNITE20251210014658076622,Trà Sữa Khúc Bạch (L),VNCAT2025121001465876373,TRÀ SỮA,79000,1,,,VNMOG2026010213175723002,MỨC ĐÁ,1,1,VNMOD20260102131757039130,0% Đá,0,1
VNITE20251210014658076622,Trà Sữa Khúc Bạch (L),VNCAT2025121001465876373,TRÀ SỮA,79000,1,,,VNMOG2026010213175723002,MỨC ĐÁ,1,1,VNMOD20260102131757021927,50% Đá,0,1
VNITE20251210014658076622,Trà Sữa Khúc Bạch (L),VNCAT2025121001465876373,TRÀ SỮA,79000,1,,,VNMOG2026010213175723002,MỨC ĐÁ,1,1,VNMOD20260102131757017020,100% Đá,0,1
VNITE20251210014658076622,Trà Sữa Khúc Bạch (L),VNCAT2025121001465876373,TRÀ SỮA,79000,1,,,VNMOG2026010213175723002,MỨC ĐÁ,1,1,VNMOD20260102131757048225,Đá Riêng Đựng Túi Zip,5000,1
VNITE2026063018042642419,Trà Sữa Khúc Bạch (M),VNCAT2025121001465876373,TRÀ SỮA,69000,1,,,VNMOG2026010214381357793,TOPPINGS NƯỚC SIZE M,0,14,VNMOD20260728120859016081,🏐Nhãn Nhục,40000,1
VNITE2026063018042642419,Trà Sữa Khúc Bạch (M),VNCAT2025121001465876373,TRÀ SỮA,69000,1,,,VNMOG2026010214381357793,TOPPINGS NƯỚC SIZE M,0,14,VNMOD20260728120859024399,🍄Nấm Tuyết,30000,1
VNITE2026063018042642419,Trà Sữa Khúc Bạch (M),VNCAT2025121001465876373,TRÀ SỮA,69000,1,,,VNMOG2026010214381357793,TOPPINGS NƯỚC SIZE M,0,14,VNMOD20260728120859035219,🫗Nhựa Đào,30000,1
VNITE2026063018042642419,Trà Sữa Khúc Bạch (M),VNCAT2025121001465876373,TRÀ SỮA,69000,1,,,VNMOG2026010214381357793,TOPPINGS NƯỚC SIZE M,0,14,VNMOD20260525094214016070,🌼Vàng Lá,20000,1
VNITE2026063018042642419,Trà Sữa Khúc Bạch (M),VNCAT2025121001465876373,TRÀ SỮA,69000,1,,,VNMOG2026010214381357793,TOPPINGS NƯỚC SIZE M,0,14,VNMOD20260525094214029352,🍭Kẹo Mút Xốp,20000,1
VNITE2026063018042642419,Trà Sữa Khúc Bạch (M),VNCAT2025121001465876373,TRÀ SỮA,69000,1,,,VNMOG2026010214381357793,TOPPINGS NƯỚC SIZE M,0,14,VNMOD20260520121848014884,☕️Thạch Cafe,15000,1
VNITE2026063018042642419,Trà Sữa Khúc Bạch (M),VNCAT2025121001465876373,TRÀ SỮA,69000,1,,,VNMOG2026010214381357793,TOPPINGS NƯỚC SIZE M,0,14,VNMOD20260509171133012746,🍑Thạch Dừa Vị Đào,15000,1
VNITE2026063018042642419,Trà Sữa Khúc Bạch (M),VNCAT2025121001465876373,TRÀ SỮA,69000,1,,,VNMOG2026010214381357793,TOPPINGS NƯỚC SIZE M,0,14,VNMOD20260509171133025336,🩶Hạt Chia,10000,1
VNITE2026063018042642419,Trà Sữa Khúc Bạch (M),VNCAT2025121001465876373,TRÀ SỮA,69000,1,,,VNMOG2026010214381357793,TOPPINGS NƯỚC SIZE M,0,14,VNMOD20260520121848024526,🍑Mochi Đào,30000,1
VNITE2026063018042642419,Trà Sữa Khúc Bạch (M),VNCAT2025121001465876373,TRÀ SỮA,69000,1,,,VNMOG2026010214381357793,TOPPINGS NƯỚC SIZE M,0,14,VNMOD20260102143813012309,⚪️Khúc Bạch,30000,1
VNITE2026063018042642419,Trà Sữa Khúc Bạch (M),VNCAT2025121001465876373,TRÀ SỮA,69000,1,,,VNMOG2026010214381357793,TOPPINGS NƯỚC SIZE M,0,14,VNMOD20260102143813021051,🖤Sương Sáo,15000,1
VNITE2026063018042642419,Trà Sữa Khúc Bạch (M),VNCAT2025121001465876373,TRÀ SỮA,69000,1,,,VNMOG2026010214381357793,TOPPINGS NƯỚC SIZE M,0,14,VNMOD20260102143813035207,🍵Thạch Matcha,15000,1
VNITE2026063018042642419,Trà Sữa Khúc Bạch (M),VNCAT2025121001465876373,TRÀ SỮA,69000,1,,,VNMOG2026010214381357793,TOPPINGS NƯỚC SIZE M,0,14,VNMOD20260102143813047639,🍀Thạch Nha Đam,20000,1
VNITE2026063018042642419,Trà Sữa Khúc Bạch (M),VNCAT2025121001465876373,TRÀ SỮA,69000,1,,,VNMOG2026010214381357793,TOPPINGS NƯỚC SIZE M,0,14,VNMOD20260102143813069685,🫧Trân Châu Trắng,15000,1
VNITE2026063018042642419,Trà Sữa Khúc Bạch (M),VNCAT2025121001465876373,TRÀ SỮA,69000,1,,,VNMOG2026010214381357793,TOPPINGS NƯỚC SIZE M,0,14,VNMOD20260128094817012683,💜Hạt Nổ Khoai Môn,30000,1
VNITE2026063018042642419,Trà Sữa Khúc Bạch (M),VNCAT2025121001465876373,TRÀ SỮA,69000,1,,,VNMOG2026010214381357793,TOPPINGS NƯỚC SIZE M,0,14,VNMOD20260102143813118751,🍮Kem Flan,50000,1
VNITE2026063018042642419,Trà Sữa Khúc Bạch (M),VNCAT2025121001465876373,TRÀ SỮA,69000,1,,,VNMOG2026010214381357793,TOPPINGS NƯỚC SIZE M,0,14,VNMOD20260102143813120730,🧂Kem Muối,15000,1
VNITE2026063018042642419,Trà Sữa Khúc Bạch (M),VNCAT2025121001465876373,TRÀ SỮA,69000,1,,,VNMOG2026040205120434503,TRÂN CHÂU HẠT NỔ SIZE M,0,7,VNMOD20260509171054013175,🍈Trân Châu Nổ Dưa Lưới M,25000,1
VNITE2026063018042642419,Trà Sữa Khúc Bạch (M),VNCAT2025121001465876373,TRÀ SỮA,69000,1,,,VNMOG2026040205120434503,TRÂN CHÂU HẠT NỔ SIZE M,0,7,VNMOD20260509171054029404,🥝Trân Châu Nổ Kiwi M,25000,1
VNITE2026063018042642419,Trà Sữa Khúc Bạch (M),VNCAT2025121001465876373,TRÀ SỮA,69000,1,,,VNMOG2026040205120434503,TRÂN CHÂU HẠT NỔ SIZE M,0,7,VNMOD20260402051204015377,🍇Trân Châu Nổ Nho M,25000,1
VNITE2026063018042642419,Trà Sữa Khúc Bạch (M),VNCAT2025121001465876373,TRÀ SỮA,69000,1,,,VNMOG2026040205120434503,TRÂN CHÂU HẠT NỔ SIZE M,0,7,VNMOD20260402051204027788,🫐Trân Châu Nổ Việt Quất M,25000,1
VNITE2026063018042642419,Trà Sữa Khúc Bạch (M),VNCAT2025121001465876373,TRÀ SỮA,69000,1,,,VNMOG2026040205120434503,TRÂN CHÂU HẠT NỔ SIZE M,0,7,VNMOD20260402051204039633,🍓Trân Châu Nổ Dâu Tây M,25000,1
VNITE2026063018042642419,Trà Sữa Khúc Bạch (M),VNCAT2025121001465876373,TRÀ SỮA,69000,1,,,VNMOG2026040205120434503,TRÂN CHÂU HẠT NỔ SIZE M,0,7,VNMOD20260402051204042483,🍑Trân Châu Nổ Đào M,25000,1
VNITE2026063018042642419,Trà Sữa Khúc Bạch (M),VNCAT2025121001465876373,TRÀ SỮA,69000,1,,,VNMOG2026040205120434503,TRÂN CHÂU HẠT NỔ SIZE M,0,7,VNMOD20260402051204050121,🫙Trân Châu Nổ Sữa Chua M,25000,1
VNITE2026063018042642419,Trà Sữa Khúc Bạch (M),VNCAT2025121001465876373,TRÀ SỮA,69000,1,,,VNMOG2026010213175723002,MỨC ĐÁ,1,1,VNMOD20260102131757039130,0% Đá,0,1
VNITE2026063018042642419,Trà Sữa Khúc Bạch (M),VNCAT2025121001465876373,TRÀ SỮA,69000,1,,,VNMOG2026010213175723002,MỨC ĐÁ,1,1,VNMOD20260102131757021927,50% Đá,0,1
VNITE2026063018042642419,Trà Sữa Khúc Bạch (M),VNCAT2025121001465876373,TRÀ SỮA,69000,1,,,VNMOG2026010213175723002,MỨC ĐÁ,1,1,VNMOD20260102131757017020,100% Đá,0,1
VNITE2026063018042642419,Trà Sữa Khúc Bạch (M),VNCAT2025121001465876373,TRÀ SỮA,69000,1,,,VNMOG2026010213175723002,MỨC ĐÁ,1,1,VNMOD20260102131757048225,Đá Riêng Đựng Túi Zip,5000,1
VNITE2026063018042642419,Trà Sữa Khúc Bạch (M),VNCAT2025121001465876373,TRÀ SỮA,69000,1,,,VNMOG2026010213141935691,MỨC ĐƯỜNG,1,1,VNMOD20260102131419014497,0% Sugar Level,0,1
VNITE2026063018042642419,Trà Sữa Khúc Bạch (M),VNCAT2025121001465876373,TRÀ SỮA,69000,1,,,VNMOG2026010213141935691,MỨC ĐƯỜNG,1,1,VNMOD20260102131419029122,25% Sugar Level,0,1
VNITE2026063018042642419,Trà Sữa Khúc Bạch (M),VNCAT2025121001465876373,TRÀ SỮA,69000,1,,,VNMOG2026010213141935691,MỨC ĐƯỜNG,1,1,VNMOD20260102131419033486,50% Sugar Level,0,1
VNITE2026063018042642419,Trà Sữa Khúc Bạch (M),VNCAT2025121001465876373,TRÀ SỮA,69000,1,,,VNMOG2026010213141935691,MỨC ĐƯỜNG,1,1,VNMOD20260102131419040560,75% Sugar Level,0,1
VNITE2026063018042642419,Trà Sữa Khúc Bạch (M),VNCAT2025121001465876373,TRÀ SỮA,69000,1,,,VNMOG2026010213141935691,MỨC ĐƯỜNG,1,1,VNMOD20260102131419052459,100% Sugar Level,0,1
VNITE20251210014658015988,Trà Sữa Gạo Rang (L),VNCAT2025121001465876373,TRÀ SỮA,79000,1,,,VNMOG2026063019062792408,TOPPINGS NƯỚC SIZE L,0,14,VNMOD20260728120958018426,🫗Nhựa Đào,40000,1
VNITE20251210014658015988,Trà Sữa Gạo Rang (L),VNCAT2025121001465876373,TRÀ SỮA,79000,1,,,VNMOG2026063019062792408,TOPPINGS NƯỚC SIZE L,0,14,VNMOD20260728120958024241,🍄Nấm Tuyết,40000,1
VNITE20251210014658015988,Trà Sữa Gạo Rang (L),VNCAT2025121001465876373,TRÀ SỮA,79000,1,,,VNMOG2026063019062792408,TOPPINGS NƯỚC SIZE L,0,14,VNMOD20260728120958033950,🏐Nhãn Nhục,50000,1
VNITE20251210014658015988,Trà Sữa Gạo Rang (L),VNCAT2025121001465876373,TRÀ SỮA,79000,1,,,VNMOG2026063019062792408,TOPPINGS NƯỚC SIZE L,0,14,VNMOD20260630190628016741,🌼Vàng Lá,20000,1
VNITE20251210014658015988,Trà Sữa Gạo Rang (L),VNCAT2025121001465876373,TRÀ SỮA,79000,1,,,VNMOG2026063019062792408,TOPPINGS NƯỚC SIZE L,0,14,VNMOD20260630190628024121,🍭Kẹo Mút Xốp,20000,1
VNITE20251210014658015988,Trà Sữa Gạo Rang (L),VNCAT2025121001465876373,TRÀ SỮA,79000,1,,,VNMOG2026063019062792408,TOPPINGS NƯỚC SIZE L,0,14,VNMOD20260630190628033861,☕️Thạch Cafe,20000,1
VNITE20251210014658015988,Trà Sữa Gạo Rang (L),VNCAT2025121001465876373,TRÀ SỮA,79000,1,,,VNMOG2026063019062792408,TOPPINGS NƯỚC SIZE L,0,14,VNMOD20260630190628046181,🍑Thạch Dừa Vị Đào,20000,1
VNITE20251210014658015988,Trà Sữa Gạo Rang (L),VNCAT2025121001465876373,TRÀ SỮA,79000,1,,,VNMOG2026063019062792408,TOPPINGS NƯỚC SIZE L,0,14,VNMOD20260630190628057865,🩶Hạt Chia,15000,1
VNITE20251210014658015988,Trà Sữa Gạo Rang (L),VNCAT2025121001465876373,TRÀ SỮA,79000,1,,,VNMOG2026063019062792408,TOPPINGS NƯỚC SIZE L,0,14,VNMOD20260630190628062501,🍑Mochi Đào,30000,1
VNITE20251210014658015988,Trà Sữa Gạo Rang (L),VNCAT2025121001465876373,TRÀ SỮA,79000,1,,,VNMOG2026063019062792408,TOPPINGS NƯỚC SIZE L,0,14,VNMOD20260630190628075255,⚪️Khúc Bạch,35000,1
VNITE20251210014658015988,Trà Sữa Gạo Rang (L),VNCAT2025121001465876373,TRÀ SỮA,79000,1,,,VNMOG2026063019062792408,TOPPINGS NƯỚC SIZE L,0,14,VNMOD20260630190628086001,🖤Sương Sáo,20000,1
VNITE20251210014658015988,Trà Sữa Gạo Rang (L),VNCAT2025121001465876373,TRÀ SỮA,79000,1,,,VNMOG2026063019062792408,TOPPINGS NƯỚC SIZE L,0,14,VNMOD20260630190628097471,🍵Thạch Matcha,20000,1
VNITE20251210014658015988,Trà Sữa Gạo Rang (L),VNCAT2025121001465876373,TRÀ SỮA,79000,1,,,VNMOG2026063019062792408,TOPPINGS NƯỚC SIZE L,0,14,VNMOD20260630190628109200,🍀Thạch Nha Đam,25000,1
VNITE20251210014658015988,Trà Sữa Gạo Rang (L),VNCAT2025121001465876373,TRÀ SỮA,79000,1,,,VNMOG2026063019062792408,TOPPINGS NƯỚC SIZE L,0,14,VNMOD20260630190628119022,🧋Trân Châu Trắng,20000,1
VNITE20251210014658015988,Trà Sữa Gạo Rang (L),VNCAT2025121001465876373,TRÀ SỮA,79000,1,,,VNMOG2026063019062792408,TOPPINGS NƯỚC SIZE L,0,14,VNMOD20260630190628120791,💜Hạt Nổ Khoai Môn,40000,1
VNITE20251210014658015988,Trà Sữa Gạo Rang (L),VNCAT2025121001465876373,TRÀ SỮA,79000,1,,,VNMOG2026063019062792408,TOPPINGS NƯỚC SIZE L,0,14,VNMOD20260630190628134965,🍮Kem Flan,50000,1
VNITE20251210014658015988,Trà Sữa Gạo Rang (L),VNCAT2025121001465876373,TRÀ SỮA,79000,1,,,VNMOG2026063019062792408,TOPPINGS NƯỚC SIZE L,0,14,VNMOD20260630190628148911,🧂Kem Muối,20000,1
VNITE20251210014658015988,Trà Sữa Gạo Rang (L),VNCAT2025121001465876373,TRÀ SỮA,79000,1,,,VNMOG2026063018560291224,TRÂN CHÂU HẠT NỔ SIZE L,0,7,VNMOD20260630185602010509,🍈Trân Châu Nổ Dưa Lưới L,35000,1
VNITE20251210014658015988,Trà Sữa Gạo Rang (L),VNCAT2025121001465876373,TRÀ SỮA,79000,1,,,VNMOG2026063018560291224,TRÂN CHÂU HẠT NỔ SIZE L,0,7,VNMOD20260701203137011333,🍇Trân Châu Nổ Nho L,35000,1
VNITE20251210014658015988,Trà Sữa Gạo Rang (L),VNCAT2025121001465876373,TRÀ SỮA,79000,1,,,VNMOG2026063018560291224,TRÂN CHÂU HẠT NỔ SIZE L,0,7,VNMOD20260630185602024752,🫐Trân Châu Nổ Việt Quất L,35000,1
VNITE20251210014658015988,Trà Sữa Gạo Rang (L),VNCAT2025121001465876373,TRÀ SỮA,79000,1,,,VNMOG2026063018560291224,TRÂN CHÂU HẠT NỔ SIZE L,0,7,VNMOD20260630185602039482,🍓Trân Châu Nổ Dâu Tây L,35000,1
VNITE20251210014658015988,Trà Sữa Gạo Rang (L),VNCAT2025121001465876373,TRÀ SỮA,79000,1,,,VNMOG2026063018560291224,TRÂN CHÂU HẠT NỔ SIZE L,0,7,VNMOD20260701203137028578,🥝Trân Châu Nổ Kiwi L,35000,1
VNITE20251210014658015988,Trà Sữa Gạo Rang (L),VNCAT2025121001465876373,TRÀ SỮA,79000,1,,,VNMOG2026063018560291224,TRÂN CHÂU HẠT NỔ SIZE L,0,7,VNMOD20260630185602041378,🍑Trân Châu Nổ Đào L,35000,1
VNITE20251210014658015988,Trà Sữa Gạo Rang (L),VNCAT2025121001465876373,TRÀ SỮA,79000,1,,,VNMOG2026063018560291224,TRÂN CHÂU HẠT NỔ SIZE L,0,7,VNMOD20260630185602051732,🫙Trân Châu Nổ Sữa Chua L,35000,1
VNITE20251210014658015988,Trà Sữa Gạo Rang (L),VNCAT2025121001465876373,TRÀ SỮA,79000,1,,,VNMOG2026010213141935691,MỨC ĐƯỜNG,1,1,VNMOD20260102131419014497,0% Sugar Level,0,1
VNITE20251210014658015988,Trà Sữa Gạo Rang (L),VNCAT2025121001465876373,TRÀ SỮA,79000,1,,,VNMOG2026010213141935691,MỨC ĐƯỜNG,1,1,VNMOD20260102131419029122,25% Sugar Level,0,1
VNITE20251210014658015988,Trà Sữa Gạo Rang (L),VNCAT2025121001465876373,TRÀ SỮA,79000,1,,,VNMOG2026010213141935691,MỨC ĐƯỜNG,1,1,VNMOD20260102131419033486,50% Sugar Level,0,1
VNITE20251210014658015988,Trà Sữa Gạo Rang (L),VNCAT2025121001465876373,TRÀ SỮA,79000,1,,,VNMOG2026010213141935691,MỨC ĐƯỜNG,1,1,VNMOD20260102131419040560,75% Sugar Level,0,1
VNITE20251210014658015988,Trà Sữa Gạo Rang (L),VNCAT2025121001465876373,TRÀ SỮA,79000,1,,,VNMOG2026010213141935691,MỨC ĐƯỜNG,1,1,VNMOD20260102131419052459,100% Sugar Level,0,1
VNITE20251210014658015988,Trà Sữa Gạo Rang (L),VNCAT2025121001465876373,TRÀ SỮA,79000,1,,,VNMOG2026010213175723002,MỨC ĐÁ,1,1,VNMOD20260102131757039130,0% Đá,0,1
VNITE20251210014658015988,Trà Sữa Gạo Rang (L),VNCAT2025121001465876373,TRÀ SỮA,79000,1,,,VNMOG2026010213175723002,MỨC ĐÁ,1,1,VNMOD20260102131757021927,50% Đá,0,1
VNITE20251210014658015988,Trà Sữa Gạo Rang (L),VNCAT2025121001465876373,TRÀ SỮA,79000,1,,,VNMOG2026010213175723002,MỨC ĐÁ,1,1,VNMOD20260102131757017020,100% Đá,0,1
VNITE20251210014658015988,Trà Sữa Gạo Rang (L),VNCAT2025121001465876373,TRÀ SỮA,79000,1,,,VNMOG2026010213175723002,MỨC ĐÁ,1,1,VNMOD20260102131757048225,Đá Riêng Đựng Túi Zip,5000,1
VNITE2026063018050591393,Trà Sữa Gạo Rang (M),VNCAT2025121001465876373,TRÀ SỮA,69000,1,,,VNMOG2026010214381357793,TOPPINGS NƯỚC SIZE M,0,14,VNMOD20260728120859016081,🏐Nhãn Nhục,40000,1
VNITE2026063018050591393,Trà Sữa Gạo Rang (M),VNCAT2025121001465876373,TRÀ SỮA,69000,1,,,VNMOG2026010214381357793,TOPPINGS NƯỚC SIZE M,0,14,VNMOD20260728120859024399,🍄Nấm Tuyết,30000,1
VNITE2026063018050591393,Trà Sữa Gạo Rang (M),VNCAT2025121001465876373,TRÀ SỮA,69000,1,,,VNMOG2026010214381357793,TOPPINGS NƯỚC SIZE M,0,14,VNMOD20260728120859035219,🫗Nhựa Đào,30000,1
VNITE2026063018050591393,Trà Sữa Gạo Rang (M),VNCAT2025121001465876373,TRÀ SỮA,69000,1,,,VNMOG2026010214381357793,TOPPINGS NƯỚC SIZE M,0,14,VNMOD20260525094214016070,🌼Vàng Lá,20000,1
VNITE2026063018050591393,Trà Sữa Gạo Rang (M),VNCAT2025121001465876373,TRÀ SỮA,69000,1,,,VNMOG2026010214381357793,TOPPINGS NƯỚC SIZE M,0,14,VNMOD20260525094214029352,🍭Kẹo Mút Xốp,20000,1
VNITE2026063018050591393,Trà Sữa Gạo Rang (M),VNCAT2025121001465876373,TRÀ SỮA,69000,1,,,VNMOG2026010214381357793,TOPPINGS NƯỚC SIZE M,0,14,VNMOD20260520121848014884,☕️Thạch Cafe,15000,1
VNITE2026063018050591393,Trà Sữa Gạo Rang (M),VNCAT2025121001465876373,TRÀ SỮA,69000,1,,,VNMOG2026010214381357793,TOPPINGS NƯỚC SIZE M,0,14,VNMOD20260509171133012746,🍑Thạch Dừa Vị Đào,15000,1
VNITE2026063018050591393,Trà Sữa Gạo Rang (M),VNCAT2025121001465876373,TRÀ SỮA,69000,1,,,VNMOG2026010214381357793,TOPPINGS NƯỚC SIZE M,0,14,VNMOD20260509171133025336,🩶Hạt Chia,10000,1
VNITE2026063018050591393,Trà Sữa Gạo Rang (M),VNCAT2025121001465876373,TRÀ SỮA,69000,1,,,VNMOG2026010214381357793,TOPPINGS NƯỚC SIZE M,0,14,VNMOD20260520121848024526,🍑Mochi Đào,30000,1
VNITE2026063018050591393,Trà Sữa Gạo Rang (M),VNCAT2025121001465876373,TRÀ SỮA,69000,1,,,VNMOG2026010214381357793,TOPPINGS NƯỚC SIZE M,0,14,VNMOD20260102143813012309,⚪️Khúc Bạch,30000,1
VNITE2026063018050591393,Trà Sữa Gạo Rang (M),VNCAT2025121001465876373,TRÀ SỮA,69000,1,,,VNMOG2026010214381357793,TOPPINGS NƯỚC SIZE M,0,14,VNMOD20260102143813021051,🖤Sương Sáo,15000,1
VNITE2026063018050591393,Trà Sữa Gạo Rang (M),VNCAT2025121001465876373,TRÀ SỮA,69000,1,,,VNMOG2026010214381357793,TOPPINGS NƯỚC SIZE M,0,14,VNMOD20260102143813035207,🍵Thạch Matcha,15000,1
VNITE2026063018050591393,Trà Sữa Gạo Rang (M),VNCAT2025121001465876373,TRÀ SỮA,69000,1,,,VNMOG2026010214381357793,TOPPINGS NƯỚC SIZE M,0,14,VNMOD20260102143813047639,🍀Thạch Nha Đam,20000,1
VNITE2026063018050591393,Trà Sữa Gạo Rang (M),VNCAT2025121001465876373,TRÀ SỮA,69000,1,,,VNMOG2026010214381357793,TOPPINGS NƯỚC SIZE M,0,14,VNMOD20260102143813069685,🫧Trân Châu Trắng,15000,1
VNITE2026063018050591393,Trà Sữa Gạo Rang (M),VNCAT2025121001465876373,TRÀ SỮA,69000,1,,,VNMOG2026010214381357793,TOPPINGS NƯỚC SIZE M,0,14,VNMOD20260128094817012683,💜Hạt Nổ Khoai Môn,30000,1
VNITE2026063018050591393,Trà Sữa Gạo Rang (M),VNCAT2025121001465876373,TRÀ SỮA,69000,1,,,VNMOG2026010214381357793,TOPPINGS NƯỚC SIZE M,0,14,VNMOD20260102143813118751,🍮Kem Flan,50000,1
VNITE2026063018050591393,Trà Sữa Gạo Rang (M),VNCAT2025121001465876373,TRÀ SỮA,69000,1,,,VNMOG2026010214381357793,TOPPINGS NƯỚC SIZE M,0,14,VNMOD20260102143813120730,🧂Kem Muối,15000,1
VNITE2026063018050591393,Trà Sữa Gạo Rang (M),VNCAT2025121001465876373,TRÀ SỮA,69000,1,,,VNMOG2026040205120434503,TRÂN CHÂU HẠT NỔ SIZE M,0,7,VNMOD20260509171054013175,🍈Trân Châu Nổ Dưa Lưới M,25000,1
VNITE2026063018050591393,Trà Sữa Gạo Rang (M),VNCAT2025121001465876373,TRÀ SỮA,69000,1,,,VNMOG2026040205120434503,TRÂN CHÂU HẠT NỔ SIZE M,0,7,VNMOD20260509171054029404,🥝Trân Châu Nổ Kiwi M,25000,1
VNITE2026063018050591393,Trà Sữa Gạo Rang (M),VNCAT2025121001465876373,TRÀ SỮA,69000,1,,,VNMOG2026040205120434503,TRÂN CHÂU HẠT NỔ SIZE M,0,7,VNMOD20260402051204015377,🍇Trân Châu Nổ Nho M,25000,1
VNITE2026063018050591393,Trà Sữa Gạo Rang (M),VNCAT2025121001465876373,TRÀ SỮA,69000,1,,,VNMOG2026040205120434503,TRÂN CHÂU HẠT NỔ SIZE M,0,7,VNMOD20260402051204027788,🫐Trân Châu Nổ Việt Quất M,25000,1
VNITE2026063018050591393,Trà Sữa Gạo Rang (M),VNCAT2025121001465876373,TRÀ SỮA,69000,1,,,VNMOG2026040205120434503,TRÂN CHÂU HẠT NỔ SIZE M,0,7,VNMOD20260402051204039633,🍓Trân Châu Nổ Dâu Tây M,25000,1
VNITE2026063018050591393,Trà Sữa Gạo Rang (M),VNCAT2025121001465876373,TRÀ SỮA,69000,1,,,VNMOG2026040205120434503,TRÂN CHÂU HẠT NỔ SIZE M,0,7,VNMOD20260402051204042483,🍑Trân Châu Nổ Đào M,25000,1
VNITE2026063018050591393,Trà Sữa Gạo Rang (M),VNCAT2025121001465876373,TRÀ SỮA,69000,1,,,VNMOG2026040205120434503,TRÂN CHÂU HẠT NỔ SIZE M,0,7,VNMOD20260402051204050121,🫙Trân Châu Nổ Sữa Chua M,25000,1
VNITE2026063018050591393,Trà Sữa Gạo Rang (M),VNCAT2025121001465876373,TRÀ SỮA,69000,1,,,VNMOG2026010213175723002,MỨC ĐÁ,1,1,VNMOD20260102131757039130,0% Đá,0,1
VNITE2026063018050591393,Trà Sữa Gạo Rang (M),VNCAT2025121001465876373,TRÀ SỮA,69000,1,,,VNMOG2026010213175723002,MỨC ĐÁ,1,1,VNMOD20260102131757021927,50% Đá,0,1
VNITE2026063018050591393,Trà Sữa Gạo Rang (M),VNCAT2025121001465876373,TRÀ SỮA,69000,1,,,VNMOG2026010213175723002,MỨC ĐÁ,1,1,VNMOD20260102131757017020,100% Đá,0,1
VNITE2026063018050591393,Trà Sữa Gạo Rang (M),VNCAT2025121001465876373,TRÀ SỮA,69000,1,,,VNMOG2026010213175723002,MỨC ĐÁ,1,1,VNMOD20260102131757048225,Đá Riêng Đựng Túi Zip,5000,1
VNITE2026063018050591393,Trà Sữa Gạo Rang (M),VNCAT2025121001465876373,TRÀ SỮA,69000,1,,,VNMOG2026010213141935691,MỨC ĐƯỜNG,1,1,VNMOD20260102131419014497,0% Sugar Level,0,1
VNITE2026063018050591393,Trà Sữa Gạo Rang (M),VNCAT2025121001465876373,TRÀ SỮA,69000,1,,,VNMOG2026010213141935691,MỨC ĐƯỜNG,1,1,VNMOD20260102131419029122,25% Sugar Level,0,1
VNITE2026063018050591393,Trà Sữa Gạo Rang (M),VNCAT2025121001465876373,TRÀ SỮA,69000,1,,,VNMOG2026010213141935691,MỨC ĐƯỜNG,1,1,VNMOD20260102131419033486,50% Sugar Level,0,1
VNITE2026063018050591393,Trà Sữa Gạo Rang (M),VNCAT2025121001465876373,TRÀ SỮA,69000,1,,,VNMOG2026010213141935691,MỨC ĐƯỜNG,1,1,VNMOD20260102131419040560,75% Sugar Level,0,1
VNITE2026063018050591393,Trà Sữa Gạo Rang (M),VNCAT2025121001465876373,TRÀ SỮA,69000,1,,,VNMOG2026010213141935691,MỨC ĐƯỜNG,1,1,VNMOD20260102131419052459,100% Sugar Level,0,1
VNITE2026063018092180498,Trà Sữa Tiramisu (L),VNCAT2025121001465876373,TRÀ SỮA,99000,1,,,VNMOG2026063019062792408,TOPPINGS NƯỚC SIZE L,0,14,VNMOD20260728120958018426,🫗Nhựa Đào,40000,1
VNITE2026063018092180498,Trà Sữa Tiramisu (L),VNCAT2025121001465876373,TRÀ SỮA,99000,1,,,VNMOG2026063019062792408,TOPPINGS NƯỚC SIZE L,0,14,VNMOD20260728120958024241,🍄Nấm Tuyết,40000,1
VNITE2026063018092180498,Trà Sữa Tiramisu (L),VNCAT2025121001465876373,TRÀ SỮA,99000,1,,,VNMOG2026063019062792408,TOPPINGS NƯỚC SIZE L,0,14,VNMOD20260728120958033950,🏐Nhãn Nhục,50000,1
VNITE2026063018092180498,Trà Sữa Tiramisu (L),VNCAT2025121001465876373,TRÀ SỮA,99000,1,,,VNMOG2026063019062792408,TOPPINGS NƯỚC SIZE L,0,14,VNMOD20260630190628016741,🌼Vàng Lá,20000,1
VNITE2026063018092180498,Trà Sữa Tiramisu (L),VNCAT2025121001465876373,TRÀ SỮA,99000,1,,,VNMOG2026063019062792408,TOPPINGS NƯỚC SIZE L,0,14,VNMOD20260630190628024121,🍭Kẹo Mút Xốp,20000,1
VNITE2026063018092180498,Trà Sữa Tiramisu (L),VNCAT2025121001465876373,TRÀ SỮA,99000,1,,,VNMOG2026063019062792408,TOPPINGS NƯỚC SIZE L,0,14,VNMOD20260630190628033861,☕️Thạch Cafe,20000,1
VNITE2026063018092180498,Trà Sữa Tiramisu (L),VNCAT2025121001465876373,TRÀ SỮA,99000,1,,,VNMOG2026063019062792408,TOPPINGS NƯỚC SIZE L,0,14,VNMOD20260630190628046181,🍑Thạch Dừa Vị Đào,20000,1
VNITE2026063018092180498,Trà Sữa Tiramisu (L),VNCAT2025121001465876373,TRÀ SỮA,99000,1,,,VNMOG2026063019062792408,TOPPINGS NƯỚC SIZE L,0,14,VNMOD20260630190628057865,🩶Hạt Chia,15000,1
VNITE2026063018092180498,Trà Sữa Tiramisu (L),VNCAT2025121001465876373,TRÀ SỮA,99000,1,,,VNMOG2026063019062792408,TOPPINGS NƯỚC SIZE L,0,14,VNMOD20260630190628062501,🍑Mochi Đào,30000,1
VNITE2026063018092180498,Trà Sữa Tiramisu (L),VNCAT2025121001465876373,TRÀ SỮA,99000,1,,,VNMOG2026063019062792408,TOPPINGS NƯỚC SIZE L,0,14,VNMOD20260630190628075255,⚪️Khúc Bạch,35000,1
VNITE2026063018092180498,Trà Sữa Tiramisu (L),VNCAT2025121001465876373,TRÀ SỮA,99000,1,,,VNMOG2026063019062792408,TOPPINGS NƯỚC SIZE L,0,14,VNMOD20260630190628086001,🖤Sương Sáo,20000,1
VNITE2026063018092180498,Trà Sữa Tiramisu (L),VNCAT2025121001465876373,TRÀ SỮA,99000,1,,,VNMOG2026063019062792408,TOPPINGS NƯỚC SIZE L,0,14,VNMOD20260630190628097471,🍵Thạch Matcha,20000,1
VNITE2026063018092180498,Trà Sữa Tiramisu (L),VNCAT2025121001465876373,TRÀ SỮA,99000,1,,,VNMOG2026063019062792408,TOPPINGS NƯỚC SIZE L,0,14,VNMOD20260630190628109200,🍀Thạch Nha Đam,25000,1
VNITE2026063018092180498,Trà Sữa Tiramisu (L),VNCAT2025121001465876373,TRÀ SỮA,99000,1,,,VNMOG2026063019062792408,TOPPINGS NƯỚC SIZE L,0,14,VNMOD20260630190628119022,🧋Trân Châu Trắng,20000,1
VNITE2026063018092180498,Trà Sữa Tiramisu (L),VNCAT2025121001465876373,TRÀ SỮA,99000,1,,,VNMOG2026063019062792408,TOPPINGS NƯỚC SIZE L,0,14,VNMOD20260630190628120791,💜Hạt Nổ Khoai Môn,40000,1
VNITE2026063018092180498,Trà Sữa Tiramisu (L),VNCAT2025121001465876373,TRÀ SỮA,99000,1,,,VNMOG2026063019062792408,TOPPINGS NƯỚC SIZE L,0,14,VNMOD20260630190628134965,🍮Kem Flan,50000,1
VNITE2026063018092180498,Trà Sữa Tiramisu (L),VNCAT2025121001465876373,TRÀ SỮA,99000,1,,,VNMOG2026063019062792408,TOPPINGS NƯỚC SIZE L,0,14,VNMOD20260630190628148911,🧂Kem Muối,20000,1
VNITE2026063018092180498,Trà Sữa Tiramisu (L),VNCAT2025121001465876373,TRÀ SỮA,99000,1,,,VNMOG2026063018560291224,TRÂN CHÂU HẠT NỔ SIZE L,0,7,VNMOD20260630185602010509,🍈Trân Châu Nổ Dưa Lưới L,35000,1
VNITE2026063018092180498,Trà Sữa Tiramisu (L),VNCAT2025121001465876373,TRÀ SỮA,99000,1,,,VNMOG2026063018560291224,TRÂN CHÂU HẠT NỔ SIZE L,0,7,VNMOD20260701203137011333,🍇Trân Châu Nổ Nho L,35000,1
VNITE2026063018092180498,Trà Sữa Tiramisu (L),VNCAT2025121001465876373,TRÀ SỮA,99000,1,,,VNMOG2026063018560291224,TRÂN CHÂU HẠT NỔ SIZE L,0,7,VNMOD20260630185602024752,🫐Trân Châu Nổ Việt Quất L,35000,1
VNITE2026063018092180498,Trà Sữa Tiramisu (L),VNCAT2025121001465876373,TRÀ SỮA,99000,1,,,VNMOG2026063018560291224,TRÂN CHÂU HẠT NỔ SIZE L,0,7,VNMOD20260630185602039482,🍓Trân Châu Nổ Dâu Tây L,35000,1
VNITE2026063018092180498,Trà Sữa Tiramisu (L),VNCAT2025121001465876373,TRÀ SỮA,99000,1,,,VNMOG2026063018560291224,TRÂN CHÂU HẠT NỔ SIZE L,0,7,VNMOD20260701203137028578,🥝Trân Châu Nổ Kiwi L,35000,1
VNITE2026063018092180498,Trà Sữa Tiramisu (L),VNCAT2025121001465876373,TRÀ SỮA,99000,1,,,VNMOG2026063018560291224,TRÂN CHÂU HẠT NỔ SIZE L,0,7,VNMOD20260630185602041378,🍑Trân Châu Nổ Đào L,35000,1
VNITE2026063018092180498,Trà Sữa Tiramisu (L),VNCAT2025121001465876373,TRÀ SỮA,99000,1,,,VNMOG2026063018560291224,TRÂN CHÂU HẠT NỔ SIZE L,0,7,VNMOD20260630185602051732,🫙Trân Châu Nổ Sữa Chua L,35000,1
VNITE2026063018092180498,Trà Sữa Tiramisu (L),VNCAT2025121001465876373,TRÀ SỮA,99000,1,,,VNMOG2026010213175723002,MỨC ĐÁ,1,1,VNMOD20260102131757039130,0% Đá,0,1
VNITE2026063018092180498,Trà Sữa Tiramisu (L),VNCAT2025121001465876373,TRÀ SỮA,99000,1,,,VNMOG2026010213175723002,MỨC ĐÁ,1,1,VNMOD20260102131757021927,50% Đá,0,1
VNITE2026063018092180498,Trà Sữa Tiramisu (L),VNCAT2025121001465876373,TRÀ SỮA,99000,1,,,VNMOG2026010213175723002,MỨC ĐÁ,1,1,VNMOD20260102131757017020,100% Đá,0,1
VNITE2026063018092180498,Trà Sữa Tiramisu (L),VNCAT2025121001465876373,TRÀ SỮA,99000,1,,,VNMOG2026010213175723002,MỨC ĐÁ,1,1,VNMOD20260102131757048225,Đá Riêng Đựng Túi Zip,5000,1
VNITE2026063018092180498,Trà Sữa Tiramisu (L),VNCAT2025121001465876373,TRÀ SỮA,99000,1,,,VNMOG2026010213141935691,MỨC ĐƯỜNG,1,1,VNMOD20260102131419014497,0% Sugar Level,0,1
VNITE2026063018092180498,Trà Sữa Tiramisu (L),VNCAT2025121001465876373,TRÀ SỮA,99000,1,,,VNMOG2026010213141935691,MỨC ĐƯỜNG,1,1,VNMOD20260102131419029122,25% Sugar Level,0,1
VNITE2026063018092180498,Trà Sữa Tiramisu (L),VNCAT2025121001465876373,TRÀ SỮA,99000,1,,,VNMOG2026010213141935691,MỨC ĐƯỜNG,1,1,VNMOD20260102131419033486,50% Sugar Level,0,1
VNITE2026063018092180498,Trà Sữa Tiramisu (L),VNCAT2025121001465876373,TRÀ SỮA,99000,1,,,VNMOG2026010213141935691,MỨC ĐƯỜNG,1,1,VNMOD20260102131419040560,75% Sugar Level,0,1
VNITE2026063018092180498,Trà Sữa Tiramisu (L),VNCAT2025121001465876373,TRÀ SỮA,99000,1,,,VNMOG2026010213141935691,MỨC ĐƯỜNG,1,1,VNMOD20260102131419052459,100% Sugar Level,0,1
VNITE2026063018091343171,Trà Sữa Tiramisu (M),VNCAT2025121001465876373,TRÀ SỮA,89000,1,,,VNMOG2026040205120434503,TRÂN CHÂU HẠT NỔ SIZE M,0,7,VNMOD20260509171054013175,🍈Trân Châu Nổ Dưa Lưới M,25000,1
VNITE2026063018091343171,Trà Sữa Tiramisu (M),VNCAT2025121001465876373,TRÀ SỮA,89000,1,,,VNMOG2026040205120434503,TRÂN CHÂU HẠT NỔ SIZE M,0,7,VNMOD20260509171054029404,🥝Trân Châu Nổ Kiwi M,25000,1
VNITE2026063018091343171,Trà Sữa Tiramisu (M),VNCAT2025121001465876373,TRÀ SỮA,89000,1,,,VNMOG2026040205120434503,TRÂN CHÂU HẠT NỔ SIZE M,0,7,VNMOD20260402051204015377,🍇Trân Châu Nổ Nho M,25000,1
VNITE2026063018091343171,Trà Sữa Tiramisu (M),VNCAT2025121001465876373,TRÀ SỮA,89000,1,,,VNMOG2026040205120434503,TRÂN CHÂU HẠT NỔ SIZE M,0,7,VNMOD20260402051204027788,🫐Trân Châu Nổ Việt Quất M,25000,1
VNITE2026063018091343171,Trà Sữa Tiramisu (M),VNCAT2025121001465876373,TRÀ SỮA,89000,1,,,VNMOG2026040205120434503,TRÂN CHÂU HẠT NỔ SIZE M,0,7,VNMOD20260402051204039633,🍓Trân Châu Nổ Dâu Tây M,25000,1
VNITE2026063018091343171,Trà Sữa Tiramisu (M),VNCAT2025121001465876373,TRÀ SỮA,89000,1,,,VNMOG2026040205120434503,TRÂN CHÂU HẠT NỔ SIZE M,0,7,VNMOD20260402051204042483,🍑Trân Châu Nổ Đào M,25000,1
VNITE2026063018091343171,Trà Sữa Tiramisu (M),VNCAT2025121001465876373,TRÀ SỮA,89000,1,,,VNMOG2026040205120434503,TRÂN CHÂU HẠT NỔ SIZE M,0,7,VNMOD20260402051204050121,🫙Trân Châu Nổ Sữa Chua M,25000,1
VNITE2026063018091343171,Trà Sữa Tiramisu (M),VNCAT2025121001465876373,TRÀ SỮA,89000,1,,,VNMOG2026010214381357793,TOPPINGS NƯỚC SIZE M,0,14,VNMOD20260728120859016081,🏐Nhãn Nhục,40000,1
VNITE2026063018091343171,Trà Sữa Tiramisu (M),VNCAT2025121001465876373,TRÀ SỮA,89000,1,,,VNMOG2026010214381357793,TOPPINGS NƯỚC SIZE M,0,14,VNMOD20260728120859024399,🍄Nấm Tuyết,30000,1
VNITE2026063018091343171,Trà Sữa Tiramisu (M),VNCAT2025121001465876373,TRÀ SỮA,89000,1,,,VNMOG2026010214381357793,TOPPINGS NƯỚC SIZE M,0,14,VNMOD20260728120859035219,🫗Nhựa Đào,30000,1
VNITE2026063018091343171,Trà Sữa Tiramisu (M),VNCAT2025121001465876373,TRÀ SỮA,89000,1,,,VNMOG2026010214381357793,TOPPINGS NƯỚC SIZE M,0,14,VNMOD20260525094214016070,🌼Vàng Lá,20000,1
VNITE2026063018091343171,Trà Sữa Tiramisu (M),VNCAT2025121001465876373,TRÀ SỮA,89000,1,,,VNMOG2026010214381357793,TOPPINGS NƯỚC SIZE M,0,14,VNMOD20260525094214029352,🍭Kẹo Mút Xốp,20000,1
VNITE2026063018091343171,Trà Sữa Tiramisu (M),VNCAT2025121001465876373,TRÀ SỮA,89000,1,,,VNMOG2026010214381357793,TOPPINGS NƯỚC SIZE M,0,14,VNMOD20260520121848014884,☕️Thạch Cafe,15000,1
VNITE2026063018091343171,Trà Sữa Tiramisu (M),VNCAT2025121001465876373,TRÀ SỮA,89000,1,,,VNMOG2026010214381357793,TOPPINGS NƯỚC SIZE M,0,14,VNMOD20260509171133012746,🍑Thạch Dừa Vị Đào,15000,1
VNITE2026063018091343171,Trà Sữa Tiramisu (M),VNCAT2025121001465876373,TRÀ SỮA,89000,1,,,VNMOG2026010214381357793,TOPPINGS NƯỚC SIZE M,0,14,VNMOD20260509171133025336,🩶Hạt Chia,10000,1
VNITE2026063018091343171,Trà Sữa Tiramisu (M),VNCAT2025121001465876373,TRÀ SỮA,89000,1,,,VNMOG2026010214381357793,TOPPINGS NƯỚC SIZE M,0,14,VNMOD20260520121848024526,🍑Mochi Đào,30000,1
VNITE2026063018091343171,Trà Sữa Tiramisu (M),VNCAT2025121001465876373,TRÀ SỮA,89000,1,,,VNMOG2026010214381357793,TOPPINGS NƯỚC SIZE M,0,14,VNMOD20260102143813012309,⚪️Khúc Bạch,30000,1
VNITE2026063018091343171,Trà Sữa Tiramisu (M),VNCAT2025121001465876373,TRÀ SỮA,89000,1,,,VNMOG2026010214381357793,TOPPINGS NƯỚC SIZE M,0,14,VNMOD20260102143813021051,🖤Sương Sáo,15000,1
VNITE2026063018091343171,Trà Sữa Tiramisu (M),VNCAT2025121001465876373,TRÀ SỮA,89000,1,,,VNMOG2026010214381357793,TOPPINGS NƯỚC SIZE M,0,14,VNMOD20260102143813035207,🍵Thạch Matcha,15000,1
VNITE2026063018091343171,Trà Sữa Tiramisu (M),VNCAT2025121001465876373,TRÀ SỮA,89000,1,,,VNMOG2026010214381357793,TOPPINGS NƯỚC SIZE M,0,14,VNMOD20260102143813047639,🍀Thạch Nha Đam,20000,1
VNITE2026063018091343171,Trà Sữa Tiramisu (M),VNCAT2025121001465876373,TRÀ SỮA,89000,1,,,VNMOG2026010214381357793,TOPPINGS NƯỚC SIZE M,0,14,VNMOD20260102143813069685,🫧Trân Châu Trắng,15000,1
VNITE2026063018091343171,Trà Sữa Tiramisu (M),VNCAT2025121001465876373,TRÀ SỮA,89000,1,,,VNMOG2026010214381357793,TOPPINGS NƯỚC SIZE M,0,14,VNMOD20260128094817012683,💜Hạt Nổ Khoai Môn,30000,1
VNITE2026063018091343171,Trà Sữa Tiramisu (M),VNCAT2025121001465876373,TRÀ SỮA,89000,1,,,VNMOG2026010214381357793,TOPPINGS NƯỚC SIZE M,0,14,VNMOD20260102143813118751,🍮Kem Flan,50000,1
VNITE2026063018091343171,Trà Sữa Tiramisu (M),VNCAT2025121001465876373,TRÀ SỮA,89000,1,,,VNMOG2026010214381357793,TOPPINGS NƯỚC SIZE M,0,14,VNMOD20260102143813120730,🧂Kem Muối,15000,1
VNITE2026063018091343171,Trà Sữa Tiramisu (M),VNCAT2025121001465876373,TRÀ SỮA,89000,1,,,VNMOG2026010213175723002,MỨC ĐÁ,1,1,VNMOD20260102131757039130,0% Đá,0,1
VNITE2026063018091343171,Trà Sữa Tiramisu (M),VNCAT2025121001465876373,TRÀ SỮA,89000,1,,,VNMOG2026010213175723002,MỨC ĐÁ,1,1,VNMOD20260102131757021927,50% Đá,0,1
VNITE2026063018091343171,Trà Sữa Tiramisu (M),VNCAT2025121001465876373,TRÀ SỮA,89000,1,,,VNMOG2026010213175723002,MỨC ĐÁ,1,1,VNMOD20260102131757017020,100% Đá,0,1
VNITE2026063018091343171,Trà Sữa Tiramisu (M),VNCAT2025121001465876373,TRÀ SỮA,89000,1,,,VNMOG2026010213175723002,MỨC ĐÁ,1,1,VNMOD20260102131757048225,Đá Riêng Đựng Túi Zip,5000,1
VNITE2026063018091343171,Trà Sữa Tiramisu (M),VNCAT2025121001465876373,TRÀ SỮA,89000,1,,,VNMOG2026010213141935691,MỨC ĐƯỜNG,1,1,VNMOD20260102131419014497,0% Sugar Level,0,1
VNITE2026063018091343171,Trà Sữa Tiramisu (M),VNCAT2025121001465876373,TRÀ SỮA,89000,1,,,VNMOG2026010213141935691,MỨC ĐƯỜNG,1,1,VNMOD20260102131419029122,25% Sugar Level,0,1
VNITE2026063018091343171,Trà Sữa Tiramisu (M),VNCAT2025121001465876373,TRÀ SỮA,89000,1,,,VNMOG2026010213141935691,MỨC ĐƯỜNG,1,1,VNMOD20260102131419033486,50% Sugar Level,0,1
VNITE2026063018091343171,Trà Sữa Tiramisu (M),VNCAT2025121001465876373,TRÀ SỮA,89000,1,,,VNMOG2026010213141935691,MỨC ĐƯỜNG,1,1,VNMOD20260102131419040560,75% Sugar Level,0,1
VNITE2026063018091343171,Trà Sữa Tiramisu (M),VNCAT2025121001465876373,TRÀ SỮA,89000,1,,,VNMOG2026010213141935691,MỨC ĐƯỜNG,1,1,VNMOD20260102131419052459,100% Sugar Level,0,1
VNITE2026063018055132427,Trà Sữa Dừa Lá Dứa (L),VNCAT2025121001465876373,TRÀ SỮA,99000,1,,,VNMOG2026063019062792408,TOPPINGS NƯỚC SIZE L,0,14,VNMOD20260728120958018426,🫗Nhựa Đào,40000,1
VNITE2026063018055132427,Trà Sữa Dừa Lá Dứa (L),VNCAT2025121001465876373,TRÀ SỮA,99000,1,,,VNMOG2026063019062792408,TOPPINGS NƯỚC SIZE L,0,14,VNMOD20260728120958024241,🍄Nấm Tuyết,40000,1
VNITE2026063018055132427,Trà Sữa Dừa Lá Dứa (L),VNCAT2025121001465876373,TRÀ SỮA,99000,1,,,VNMOG2026063019062792408,TOPPINGS NƯỚC SIZE L,0,14,VNMOD20260728120958033950,🏐Nhãn Nhục,50000,1
VNITE2026063018055132427,Trà Sữa Dừa Lá Dứa (L),VNCAT2025121001465876373,TRÀ SỮA,99000,1,,,VNMOG2026063019062792408,TOPPINGS NƯỚC SIZE L,0,14,VNMOD20260630190628016741,🌼Vàng Lá,20000,1
VNITE2026063018055132427,Trà Sữa Dừa Lá Dứa (L),VNCAT2025121001465876373,TRÀ SỮA,99000,1,,,VNMOG2026063019062792408,TOPPINGS NƯỚC SIZE L,0,14,VNMOD20260630190628024121,🍭Kẹo Mút Xốp,20000,1
VNITE2026063018055132427,Trà Sữa Dừa Lá Dứa (L),VNCAT2025121001465876373,TRÀ SỮA,99000,1,,,VNMOG2026063019062792408,TOPPINGS NƯỚC SIZE L,0,14,VNMOD20260630190628033861,☕️Thạch Cafe,20000,1
VNITE2026063018055132427,Trà Sữa Dừa Lá Dứa (L),VNCAT2025121001465876373,TRÀ SỮA,99000,1,,,VNMOG2026063019062792408,TOPPINGS NƯỚC SIZE L,0,14,VNMOD20260630190628046181,🍑Thạch Dừa Vị Đào,20000,1
VNITE2026063018055132427,Trà Sữa Dừa Lá Dứa (L),VNCAT2025121001465876373,TRÀ SỮA,99000,1,,,VNMOG2026063019062792408,TOPPINGS NƯỚC SIZE L,0,14,VNMOD20260630190628057865,🩶Hạt Chia,15000,1
VNITE2026063018055132427,Trà Sữa Dừa Lá Dứa (L),VNCAT2025121001465876373,TRÀ SỮA,99000,1,,,VNMOG2026063019062792408,TOPPINGS NƯỚC SIZE L,0,14,VNMOD20260630190628062501,🍑Mochi Đào,30000,1
VNITE2026063018055132427,Trà Sữa Dừa Lá Dứa (L),VNCAT2025121001465876373,TRÀ SỮA,99000,1,,,VNMOG2026063019062792408,TOPPINGS NƯỚC SIZE L,0,14,VNMOD20260630190628075255,⚪️Khúc Bạch,35000,1
VNITE2026063018055132427,Trà Sữa Dừa Lá Dứa (L),VNCAT2025121001465876373,TRÀ SỮA,99000,1,,,VNMOG2026063019062792408,TOPPINGS NƯỚC SIZE L,0,14,VNMOD20260630190628086001,🖤Sương Sáo,20000,1
VNITE2026063018055132427,Trà Sữa Dừa Lá Dứa (L),VNCAT2025121001465876373,TRÀ SỮA,99000,1,,,VNMOG2026063019062792408,TOPPINGS NƯỚC SIZE L,0,14,VNMOD20260630190628097471,🍵Thạch Matcha,20000,1
VNITE2026063018055132427,Trà Sữa Dừa Lá Dứa (L),VNCAT2025121001465876373,TRÀ SỮA,99000,1,,,VNMOG2026063019062792408,TOPPINGS NƯỚC SIZE L,0,14,VNMOD20260630190628109200,🍀Thạch Nha Đam,25000,1
VNITE2026063018055132427,Trà Sữa Dừa Lá Dứa (L),VNCAT2025121001465876373,TRÀ SỮA,99000,1,,,VNMOG2026063019062792408,TOPPINGS NƯỚC SIZE L,0,14,VNMOD20260630190628119022,🧋Trân Châu Trắng,20000,1
VNITE2026063018055132427,Trà Sữa Dừa Lá Dứa (L),VNCAT2025121001465876373,TRÀ SỮA,99000,1,,,VNMOG2026063019062792408,TOPPINGS NƯỚC SIZE L,0,14,VNMOD20260630190628120791,💜Hạt Nổ Khoai Môn,40000,1
VNITE2026063018055132427,Trà Sữa Dừa Lá Dứa (L),VNCAT2025121001465876373,TRÀ SỮA,99000,1,,,VNMOG2026063019062792408,TOPPINGS NƯỚC SIZE L,0,14,VNMOD20260630190628134965,🍮Kem Flan,50000,1
VNITE2026063018055132427,Trà Sữa Dừa Lá Dứa (L),VNCAT2025121001465876373,TRÀ SỮA,99000,1,,,VNMOG2026063019062792408,TOPPINGS NƯỚC SIZE L,0,14,VNMOD20260630190628148911,🧂Kem Muối,20000,1
VNITE2026063018055132427,Trà Sữa Dừa Lá Dứa (L),VNCAT2025121001465876373,TRÀ SỮA,99000,1,,,VNMOG2026063018560291224,TRÂN CHÂU HẠT NỔ SIZE L,0,7,VNMOD20260630185602010509,🍈Trân Châu Nổ Dưa Lưới L,35000,1
VNITE2026063018055132427,Trà Sữa Dừa Lá Dứa (L),VNCAT2025121001465876373,TRÀ SỮA,99000,1,,,VNMOG2026063018560291224,TRÂN CHÂU HẠT NỔ SIZE L,0,7,VNMOD20260701203137011333,🍇Trân Châu Nổ Nho L,35000,1
VNITE2026063018055132427,Trà Sữa Dừa Lá Dứa (L),VNCAT2025121001465876373,TRÀ SỮA,99000,1,,,VNMOG2026063018560291224,TRÂN CHÂU HẠT NỔ SIZE L,0,7,VNMOD20260630185602024752,🫐Trân Châu Nổ Việt Quất L,35000,1
VNITE2026063018055132427,Trà Sữa Dừa Lá Dứa (L),VNCAT2025121001465876373,TRÀ SỮA,99000,1,,,VNMOG2026063018560291224,TRÂN CHÂU HẠT NỔ SIZE L,0,7,VNMOD20260630185602039482,🍓Trân Châu Nổ Dâu Tây L,35000,1
VNITE2026063018055132427,Trà Sữa Dừa Lá Dứa (L),VNCAT2025121001465876373,TRÀ SỮA,99000,1,,,VNMOG2026063018560291224,TRÂN CHÂU HẠT NỔ SIZE L,0,7,VNMOD20260701203137028578,🥝Trân Châu Nổ Kiwi L,35000,1
VNITE2026063018055132427,Trà Sữa Dừa Lá Dứa (L),VNCAT2025121001465876373,TRÀ SỮA,99000,1,,,VNMOG2026063018560291224,TRÂN CHÂU HẠT NỔ SIZE L,0,7,VNMOD20260630185602041378,🍑Trân Châu Nổ Đào L,35000,1
VNITE2026063018055132427,Trà Sữa Dừa Lá Dứa (L),VNCAT2025121001465876373,TRÀ SỮA,99000,1,,,VNMOG2026063018560291224,TRÂN CHÂU HẠT NỔ SIZE L,0,7,VNMOD20260630185602051732,🫙Trân Châu Nổ Sữa Chua L,35000,1
VNITE2026063018055132427,Trà Sữa Dừa Lá Dứa (L),VNCAT2025121001465876373,TRÀ SỮA,99000,1,,,VNMOG2026010213175723002,MỨC ĐÁ,1,1,VNMOD20260102131757039130,0% Đá,0,1
VNITE2026063018055132427,Trà Sữa Dừa Lá Dứa (L),VNCAT2025121001465876373,TRÀ SỮA,99000,1,,,VNMOG2026010213175723002,MỨC ĐÁ,1,1,VNMOD20260102131757021927,50% Đá,0,1
VNITE2026063018055132427,Trà Sữa Dừa Lá Dứa (L),VNCAT2025121001465876373,TRÀ SỮA,99000,1,,,VNMOG2026010213175723002,MỨC ĐÁ,1,1,VNMOD20260102131757017020,100% Đá,0,1
VNITE2026063018055132427,Trà Sữa Dừa Lá Dứa (L),VNCAT2025121001465876373,TRÀ SỮA,99000,1,,,VNMOG2026010213175723002,MỨC ĐÁ,1,1,VNMOD20260102131757048225,Đá Riêng Đựng Túi Zip,5000,1
VNITE2026063018055132427,Trà Sữa Dừa Lá Dứa (L),VNCAT2025121001465876373,TRÀ SỮA,99000,1,,,VNMOG2026010213141935691,MỨC ĐƯỜNG,1,1,VNMOD20260102131419014497,0% Sugar Level,0,1
VNITE2026063018055132427,Trà Sữa Dừa Lá Dứa (L),VNCAT2025121001465876373,TRÀ SỮA,99000,1,,,VNMOG2026010213141935691,MỨC ĐƯỜNG,1,1,VNMOD20260102131419029122,25% Sugar Level,0,1
VNITE2026063018055132427,Trà Sữa Dừa Lá Dứa (L),VNCAT2025121001465876373,TRÀ SỮA,99000,1,,,VNMOG2026010213141935691,MỨC ĐƯỜNG,1,1,VNMOD20260102131419033486,50% Sugar Level,0,1
VNITE2026063018055132427,Trà Sữa Dừa Lá Dứa (L),VNCAT2025121001465876373,TRÀ SỮA,99000,1,,,VNMOG2026010213141935691,MỨC ĐƯỜNG,1,1,VNMOD20260102131419040560,75% Sugar Level,0,1
VNITE2026063018055132427,Trà Sữa Dừa Lá Dứa (L),VNCAT2025121001465876373,TRÀ SỮA,99000,1,,,VNMOG2026010213141935691,MỨC ĐƯỜNG,1,1,VNMOD20260102131419052459,100% Sugar Level,0,1
VNITE20251210014658108690,Trà Sữa Dừa Lá Dứa (M),VNCAT2025121001465876373,TRÀ SỮA,79000,1,,,VNMOG2026010213141935691,MỨC ĐƯỜNG,1,1,VNMOD20260102131419014497,0% Sugar Level,0,1
VNITE20251210014658108690,Trà Sữa Dừa Lá Dứa (M),VNCAT2025121001465876373,TRÀ SỮA,79000,1,,,VNMOG2026010213141935691,MỨC ĐƯỜNG,1,1,VNMOD20260102131419029122,25% Sugar Level,0,1
VNITE20251210014658108690,Trà Sữa Dừa Lá Dứa (M),VNCAT2025121001465876373,TRÀ SỮA,79000,1,,,VNMOG2026010213141935691,MỨC ĐƯỜNG,1,1,VNMOD20260102131419033486,50% Sugar Level,0,1
VNITE20251210014658108690,Trà Sữa Dừa Lá Dứa (M),VNCAT2025121001465876373,TRÀ SỮA,79000,1,,,VNMOG2026010213141935691,MỨC ĐƯỜNG,1,1,VNMOD20260102131419040560,75% Sugar Level,0,1
VNITE20251210014658108690,Trà Sữa Dừa Lá Dứa (M),VNCAT2025121001465876373,TRÀ SỮA,79000,1,,,VNMOG2026010213141935691,MỨC ĐƯỜNG,1,1,VNMOD20260102131419052459,100% Sugar Level,0,1
VNITE20251210014658108690,Trà Sữa Dừa Lá Dứa (M),VNCAT2025121001465876373,TRÀ SỮA,79000,1,,,VNMOG2026040205120434503,TRÂN CHÂU HẠT NỔ SIZE M,0,7,VNMOD20260509171054013175,🍈Trân Châu Nổ Dưa Lưới M,25000,1
VNITE20251210014658108690,Trà Sữa Dừa Lá Dứa (M),VNCAT2025121001465876373,TRÀ SỮA,79000,1,,,VNMOG2026040205120434503,TRÂN CHÂU HẠT NỔ SIZE M,0,7,VNMOD20260509171054029404,🥝Trân Châu Nổ Kiwi M,25000,1
VNITE20251210014658108690,Trà Sữa Dừa Lá Dứa (M),VNCAT2025121001465876373,TRÀ SỮA,79000,1,,,VNMOG2026040205120434503,TRÂN CHÂU HẠT NỔ SIZE M,0,7,VNMOD20260402051204015377,🍇Trân Châu Nổ Nho M,25000,1
VNITE20251210014658108690,Trà Sữa Dừa Lá Dứa (M),VNCAT2025121001465876373,TRÀ SỮA,79000,1,,,VNMOG2026040205120434503,TRÂN CHÂU HẠT NỔ SIZE M,0,7,VNMOD20260402051204027788,🫐Trân Châu Nổ Việt Quất M,25000,1
VNITE20251210014658108690,Trà Sữa Dừa Lá Dứa (M),VNCAT2025121001465876373,TRÀ SỮA,79000,1,,,VNMOG2026040205120434503,TRÂN CHÂU HẠT NỔ SIZE M,0,7,VNMOD20260402051204039633,🍓Trân Châu Nổ Dâu Tây M,25000,1
VNITE20251210014658108690,Trà Sữa Dừa Lá Dứa (M),VNCAT2025121001465876373,TRÀ SỮA,79000,1,,,VNMOG2026040205120434503,TRÂN CHÂU HẠT NỔ SIZE M,0,7,VNMOD20260402051204042483,🍑Trân Châu Nổ Đào M,25000,1
VNITE20251210014658108690,Trà Sữa Dừa Lá Dứa (M),VNCAT2025121001465876373,TRÀ SỮA,79000,1,,,VNMOG2026040205120434503,TRÂN CHÂU HẠT NỔ SIZE M,0,7,VNMOD20260402051204050121,🫙Trân Châu Nổ Sữa Chua M,25000,1
VNITE20251210014658108690,Trà Sữa Dừa Lá Dứa (M),VNCAT2025121001465876373,TRÀ SỮA,79000,1,,,VNMOG2026010213175723002,MỨC ĐÁ,1,1,VNMOD20260102131757039130,0% Đá,0,1
VNITE20251210014658108690,Trà Sữa Dừa Lá Dứa (M),VNCAT2025121001465876373,TRÀ SỮA,79000,1,,,VNMOG2026010213175723002,MỨC ĐÁ,1,1,VNMOD20260102131757021927,50% Đá,0,1
VNITE20251210014658108690,Trà Sữa Dừa Lá Dứa (M),VNCAT2025121001465876373,TRÀ SỮA,79000,1,,,VNMOG2026010213175723002,MỨC ĐÁ,1,1,VNMOD20260102131757017020,100% Đá,0,1
VNITE20251210014658108690,Trà Sữa Dừa Lá Dứa (M),VNCAT2025121001465876373,TRÀ SỮA,79000,1,,,VNMOG2026010213175723002,MỨC ĐÁ,1,1,VNMOD20260102131757048225,Đá Riêng Đựng Túi Zip,5000,1
VNITE20251210014658108690,Trà Sữa Dừa Lá Dứa (M),VNCAT2025121001465876373,TRÀ SỮA,79000,1,,,VNMOG2026010214381357793,TOPPINGS NƯỚC SIZE M,0,14,VNMOD20260728120859016081,🏐Nhãn Nhục,40000,1
VNITE20251210014658108690,Trà Sữa Dừa Lá Dứa (M),VNCAT2025121001465876373,TRÀ SỮA,79000,1,,,VNMOG2026010214381357793,TOPPINGS NƯỚC SIZE M,0,14,VNMOD20260728120859024399,🍄Nấm Tuyết,30000,1
VNITE20251210014658108690,Trà Sữa Dừa Lá Dứa (M),VNCAT2025121001465876373,TRÀ SỮA,79000,1,,,VNMOG2026010214381357793,TOPPINGS NƯỚC SIZE M,0,14,VNMOD20260728120859035219,🫗Nhựa Đào,30000,1
VNITE20251210014658108690,Trà Sữa Dừa Lá Dứa (M),VNCAT2025121001465876373,TRÀ SỮA,79000,1,,,VNMOG2026010214381357793,TOPPINGS NƯỚC SIZE M,0,14,VNMOD20260525094214016070,🌼Vàng Lá,20000,1
VNITE20251210014658108690,Trà Sữa Dừa Lá Dứa (M),VNCAT2025121001465876373,TRÀ SỮA,79000,1,,,VNMOG2026010214381357793,TOPPINGS NƯỚC SIZE M,0,14,VNMOD20260525094214029352,🍭Kẹo Mút Xốp,20000,1
VNITE20251210014658108690,Trà Sữa Dừa Lá Dứa (M),VNCAT2025121001465876373,TRÀ SỮA,79000,1,,,VNMOG2026010214381357793,TOPPINGS NƯỚC SIZE M,0,14,VNMOD20260520121848014884,☕️Thạch Cafe,15000,1
VNITE20251210014658108690,Trà Sữa Dừa Lá Dứa (M),VNCAT2025121001465876373,TRÀ SỮA,79000,1,,,VNMOG2026010214381357793,TOPPINGS NƯỚC SIZE M,0,14,VNMOD20260509171133012746,🍑Thạch Dừa Vị Đào,15000,1
VNITE20251210014658108690,Trà Sữa Dừa Lá Dứa (M),VNCAT2025121001465876373,TRÀ SỮA,79000,1,,,VNMOG2026010214381357793,TOPPINGS NƯỚC SIZE M,0,14,VNMOD20260509171133025336,🩶Hạt Chia,10000,1
VNITE20251210014658108690,Trà Sữa Dừa Lá Dứa (M),VNCAT2025121001465876373,TRÀ SỮA,79000,1,,,VNMOG2026010214381357793,TOPPINGS NƯỚC SIZE M,0,14,VNMOD20260520121848024526,🍑Mochi Đào,30000,1
VNITE20251210014658108690,Trà Sữa Dừa Lá Dứa (M),VNCAT2025121001465876373,TRÀ SỮA,79000,1,,,VNMOG2026010214381357793,TOPPINGS NƯỚC SIZE M,0,14,VNMOD20260102143813012309,⚪️Khúc Bạch,30000,1
VNITE20251210014658108690,Trà Sữa Dừa Lá Dứa (M),VNCAT2025121001465876373,TRÀ SỮA,79000,1,,,VNMOG2026010214381357793,TOPPINGS NƯỚC SIZE M,0,14,VNMOD20260102143813021051,🖤Sương Sáo,15000,1
VNITE20251210014658108690,Trà Sữa Dừa Lá Dứa (M),VNCAT2025121001465876373,TRÀ SỮA,79000,1,,,VNMOG2026010214381357793,TOPPINGS NƯỚC SIZE M,0,14,VNMOD20260102143813035207,🍵Thạch Matcha,15000,1
VNITE20251210014658108690,Trà Sữa Dừa Lá Dứa (M),VNCAT2025121001465876373,TRÀ SỮA,79000,1,,,VNMOG2026010214381357793,TOPPINGS NƯỚC SIZE M,0,14,VNMOD20260102143813047639,🍀Thạch Nha Đam,20000,1
VNITE20251210014658108690,Trà Sữa Dừa Lá Dứa (M),VNCAT2025121001465876373,TRÀ SỮA,79000,1,,,VNMOG2026010214381357793,TOPPINGS NƯỚC SIZE M,0,14,VNMOD20260102143813069685,🫧Trân Châu Trắng,15000,1
VNITE20251210014658108690,Trà Sữa Dừa Lá Dứa (M),VNCAT2025121001465876373,TRÀ SỮA,79000,1,,,VNMOG2026010214381357793,TOPPINGS NƯỚC SIZE M,0,14,VNMOD20260128094817012683,💜Hạt Nổ Khoai Môn,30000,1
VNITE20251210014658108690,Trà Sữa Dừa Lá Dứa (M),VNCAT2025121001465876373,TRÀ SỮA,79000,1,,,VNMOG2026010214381357793,TOPPINGS NƯỚC SIZE M,0,14,VNMOD20260102143813118751,🍮Kem Flan,50000,1
VNITE20251210014658108690,Trà Sữa Dừa Lá Dứa (M),VNCAT2025121001465876373,TRÀ SỮA,79000,1,,,VNMOG2026010214381357793,TOPPINGS NƯỚC SIZE M,0,14,VNMOD20260102143813120730,🧂Kem Muối,15000,1
VNITE20251210014658089182,Hồng Trà Sữa (L),VNCAT2025121001465876373,TRÀ SỮA,79000,1,,,VNMOG2026063019062792408,TOPPINGS NƯỚC SIZE L,0,14,VNMOD20260728120958018426,🫗Nhựa Đào,40000,1
VNITE20251210014658089182,Hồng Trà Sữa (L),VNCAT2025121001465876373,TRÀ SỮA,79000,1,,,VNMOG2026063019062792408,TOPPINGS NƯỚC SIZE L,0,14,VNMOD20260728120958024241,🍄Nấm Tuyết,40000,1
VNITE20251210014658089182,Hồng Trà Sữa (L),VNCAT2025121001465876373,TRÀ SỮA,79000,1,,,VNMOG2026063019062792408,TOPPINGS NƯỚC SIZE L,0,14,VNMOD20260728120958033950,🏐Nhãn Nhục,50000,1
VNITE20251210014658089182,Hồng Trà Sữa (L),VNCAT2025121001465876373,TRÀ SỮA,79000,1,,,VNMOG2026063019062792408,TOPPINGS NƯỚC SIZE L,0,14,VNMOD20260630190628016741,🌼Vàng Lá,20000,1
VNITE20251210014658089182,Hồng Trà Sữa (L),VNCAT2025121001465876373,TRÀ SỮA,79000,1,,,VNMOG2026063019062792408,TOPPINGS NƯỚC SIZE L,0,14,VNMOD20260630190628024121,🍭Kẹo Mút Xốp,20000,1
VNITE20251210014658089182,Hồng Trà Sữa (L),VNCAT2025121001465876373,TRÀ SỮA,79000,1,,,VNMOG2026063019062792408,TOPPINGS NƯỚC SIZE L,0,14,VNMOD20260630190628033861,☕️Thạch Cafe,20000,1
VNITE20251210014658089182,Hồng Trà Sữa (L),VNCAT2025121001465876373,TRÀ SỮA,79000,1,,,VNMOG2026063019062792408,TOPPINGS NƯỚC SIZE L,0,14,VNMOD20260630190628046181,🍑Thạch Dừa Vị Đào,20000,1
VNITE20251210014658089182,Hồng Trà Sữa (L),VNCAT2025121001465876373,TRÀ SỮA,79000,1,,,VNMOG2026063019062792408,TOPPINGS NƯỚC SIZE L,0,14,VNMOD20260630190628057865,🩶Hạt Chia,15000,1
VNITE20251210014658089182,Hồng Trà Sữa (L),VNCAT2025121001465876373,TRÀ SỮA,79000,1,,,VNMOG2026063019062792408,TOPPINGS NƯỚC SIZE L,0,14,VNMOD20260630190628062501,🍑Mochi Đào,30000,1
VNITE20251210014658089182,Hồng Trà Sữa (L),VNCAT2025121001465876373,TRÀ SỮA,79000,1,,,VNMOG2026063019062792408,TOPPINGS NƯỚC SIZE L,0,14,VNMOD20260630190628075255,⚪️Khúc Bạch,35000,1
VNITE20251210014658089182,Hồng Trà Sữa (L),VNCAT2025121001465876373,TRÀ SỮA,79000,1,,,VNMOG2026063019062792408,TOPPINGS NƯỚC SIZE L,0,14,VNMOD20260630190628086001,🖤Sương Sáo,20000,1
VNITE20251210014658089182,Hồng Trà Sữa (L),VNCAT2025121001465876373,TRÀ SỮA,79000,1,,,VNMOG2026063019062792408,TOPPINGS NƯỚC SIZE L,0,14,VNMOD20260630190628097471,🍵Thạch Matcha,20000,1
VNITE20251210014658089182,Hồng Trà Sữa (L),VNCAT2025121001465876373,TRÀ SỮA,79000,1,,,VNMOG2026063019062792408,TOPPINGS NƯỚC SIZE L,0,14,VNMOD20260630190628109200,🍀Thạch Nha Đam,25000,1
VNITE20251210014658089182,Hồng Trà Sữa (L),VNCAT2025121001465876373,TRÀ SỮA,79000,1,,,VNMOG2026063019062792408,TOPPINGS NƯỚC SIZE L,0,14,VNMOD20260630190628119022,🧋Trân Châu Trắng,20000,1
VNITE20251210014658089182,Hồng Trà Sữa (L),VNCAT2025121001465876373,TRÀ SỮA,79000,1,,,VNMOG2026063019062792408,TOPPINGS NƯỚC SIZE L,0,14,VNMOD20260630190628120791,💜Hạt Nổ Khoai Môn,40000,1
VNITE20251210014658089182,Hồng Trà Sữa (L),VNCAT2025121001465876373,TRÀ SỮA,79000,1,,,VNMOG2026063019062792408,TOPPINGS NƯỚC SIZE L,0,14,VNMOD20260630190628134965,🍮Kem Flan,50000,1
VNITE20251210014658089182,Hồng Trà Sữa (L),VNCAT2025121001465876373,TRÀ SỮA,79000,1,,,VNMOG2026063019062792408,TOPPINGS NƯỚC SIZE L,0,14,VNMOD20260630190628148911,🧂Kem Muối,20000,1
VNITE20251210014658089182,Hồng Trà Sữa (L),VNCAT2025121001465876373,TRÀ SỮA,79000,1,,,VNMOG2026063018560291224,TRÂN CHÂU HẠT NỔ SIZE L,0,7,VNMOD20260630185602010509,🍈Trân Châu Nổ Dưa Lưới L,35000,1
VNITE20251210014658089182,Hồng Trà Sữa (L),VNCAT2025121001465876373,TRÀ SỮA,79000,1,,,VNMOG2026063018560291224,TRÂN CHÂU HẠT NỔ SIZE L,0,7,VNMOD20260701203137011333,🍇Trân Châu Nổ Nho L,35000,1
VNITE20251210014658089182,Hồng Trà Sữa (L),VNCAT2025121001465876373,TRÀ SỮA,79000,1,,,VNMOG2026063018560291224,TRÂN CHÂU HẠT NỔ SIZE L,0,7,VNMOD20260630185602024752,🫐Trân Châu Nổ Việt Quất L,35000,1
VNITE20251210014658089182,Hồng Trà Sữa (L),VNCAT2025121001465876373,TRÀ SỮA,79000,1,,,VNMOG2026063018560291224,TRÂN CHÂU HẠT NỔ SIZE L,0,7,VNMOD20260630185602039482,🍓Trân Châu Nổ Dâu Tây L,35000,1
VNITE20251210014658089182,Hồng Trà Sữa (L),VNCAT2025121001465876373,TRÀ SỮA,79000,1,,,VNMOG2026063018560291224,TRÂN CHÂU HẠT NỔ SIZE L,0,7,VNMOD20260701203137028578,🥝Trân Châu Nổ Kiwi L,35000,1
VNITE20251210014658089182,Hồng Trà Sữa (L),VNCAT2025121001465876373,TRÀ SỮA,79000,1,,,VNMOG2026063018560291224,TRÂN CHÂU HẠT NỔ SIZE L,0,7,VNMOD20260630185602041378,🍑Trân Châu Nổ Đào L,35000,1
VNITE20251210014658089182,Hồng Trà Sữa (L),VNCAT2025121001465876373,TRÀ SỮA,79000,1,,,VNMOG2026063018560291224,TRÂN CHÂU HẠT NỔ SIZE L,0,7,VNMOD20260630185602051732,🫙Trân Châu Nổ Sữa Chua L,35000,1
VNITE20251210014658089182,Hồng Trà Sữa (L),VNCAT2025121001465876373,TRÀ SỮA,79000,1,,,VNMOG2026010213141935691,MỨC ĐƯỜNG,1,1,VNMOD20260102131419014497,0% Sugar Level,0,1
VNITE20251210014658089182,Hồng Trà Sữa (L),VNCAT2025121001465876373,TRÀ SỮA,79000,1,,,VNMOG2026010213141935691,MỨC ĐƯỜNG,1,1,VNMOD20260102131419029122,25% Sugar Level,0,1
VNITE20251210014658089182,Hồng Trà Sữa (L),VNCAT2025121001465876373,TRÀ SỮA,79000,1,,,VNMOG2026010213141935691,MỨC ĐƯỜNG,1,1,VNMOD20260102131419033486,50% Sugar Level,0,1
VNITE20251210014658089182,Hồng Trà Sữa (L),VNCAT2025121001465876373,TRÀ SỮA,79000,1,,,VNMOG2026010213141935691,MỨC ĐƯỜNG,1,1,VNMOD20260102131419040560,75% Sugar Level,0,1
VNITE20251210014658089182,Hồng Trà Sữa (L),VNCAT2025121001465876373,TRÀ SỮA,79000,1,,,VNMOG2026010213141935691,MỨC ĐƯỜNG,1,1,VNMOD20260102131419052459,100% Sugar Level,0,1
VNITE20251210014658089182,Hồng Trà Sữa (L),VNCAT2025121001465876373,TRÀ SỮA,79000,1,,,VNMOG2026010213175723002,MỨC ĐÁ,1,1,VNMOD20260102131757039130,0% Đá,0,1
VNITE20251210014658089182,Hồng Trà Sữa (L),VNCAT2025121001465876373,TRÀ SỮA,79000,1,,,VNMOG2026010213175723002,MỨC ĐÁ,1,1,VNMOD20260102131757021927,50% Đá,0,1
VNITE20251210014658089182,Hồng Trà Sữa (L),VNCAT2025121001465876373,TRÀ SỮA,79000,1,,,VNMOG2026010213175723002,MỨC ĐÁ,1,1,VNMOD20260102131757017020,100% Đá,0,1
VNITE20251210014658089182,Hồng Trà Sữa (L),VNCAT2025121001465876373,TRÀ SỮA,79000,1,,,VNMOG2026010213175723002,MỨC ĐÁ,1,1,VNMOD20260102131757048225,Đá Riêng Đựng Túi Zip,5000,1
VNITE2026063018074532303,Hồng Trà Sữa (M),VNCAT2025121001465876373,TRÀ SỮA,69000,1,,,VNMOG2026010214381357793,TOPPINGS NƯỚC SIZE M,0,14,VNMOD20260728120859016081,🏐Nhãn Nhục,40000,1
VNITE2026063018074532303,Hồng Trà Sữa (M),VNCAT2025121001465876373,TRÀ SỮA,69000,1,,,VNMOG2026010214381357793,TOPPINGS NƯỚC SIZE M,0,14,VNMOD20260728120859024399,🍄Nấm Tuyết,30000,1
VNITE2026063018074532303,Hồng Trà Sữa (M),VNCAT2025121001465876373,TRÀ SỮA,69000,1,,,VNMOG2026010214381357793,TOPPINGS NƯỚC SIZE M,0,14,VNMOD20260728120859035219,🫗Nhựa Đào,30000,1
VNITE2026063018074532303,Hồng Trà Sữa (M),VNCAT2025121001465876373,TRÀ SỮA,69000,1,,,VNMOG2026010214381357793,TOPPINGS NƯỚC SIZE M,0,14,VNMOD20260525094214016070,🌼Vàng Lá,20000,1
VNITE2026063018074532303,Hồng Trà Sữa (M),VNCAT2025121001465876373,TRÀ SỮA,69000,1,,,VNMOG2026010214381357793,TOPPINGS NƯỚC SIZE M,0,14,VNMOD20260525094214029352,🍭Kẹo Mút Xốp,20000,1
VNITE2026063018074532303,Hồng Trà Sữa (M),VNCAT2025121001465876373,TRÀ SỮA,69000,1,,,VNMOG2026010214381357793,TOPPINGS NƯỚC SIZE M,0,14,VNMOD20260520121848014884,☕️Thạch Cafe,15000,1
VNITE2026063018074532303,Hồng Trà Sữa (M),VNCAT2025121001465876373,TRÀ SỮA,69000,1,,,VNMOG2026010214381357793,TOPPINGS NƯỚC SIZE M,0,14,VNMOD20260509171133012746,🍑Thạch Dừa Vị Đào,15000,1
VNITE2026063018074532303,Hồng Trà Sữa (M),VNCAT2025121001465876373,TRÀ SỮA,69000,1,,,VNMOG2026010214381357793,TOPPINGS NƯỚC SIZE M,0,14,VNMOD20260509171133025336,🩶Hạt Chia,10000,1
VNITE2026063018074532303,Hồng Trà Sữa (M),VNCAT2025121001465876373,TRÀ SỮA,69000,1,,,VNMOG2026010214381357793,TOPPINGS NƯỚC SIZE M,0,14,VNMOD20260520121848024526,🍑Mochi Đào,30000,1
VNITE2026063018074532303,Hồng Trà Sữa (M),VNCAT2025121001465876373,TRÀ SỮA,69000,1,,,VNMOG2026010214381357793,TOPPINGS NƯỚC SIZE M,0,14,VNMOD20260102143813012309,⚪️Khúc Bạch,30000,1
VNITE2026063018074532303,Hồng Trà Sữa (M),VNCAT2025121001465876373,TRÀ SỮA,69000,1,,,VNMOG2026010214381357793,TOPPINGS NƯỚC SIZE M,0,14,VNMOD20260102143813021051,🖤Sương Sáo,15000,1
VNITE2026063018074532303,Hồng Trà Sữa (M),VNCAT2025121001465876373,TRÀ SỮA,69000,1,,,VNMOG2026010214381357793,TOPPINGS NƯỚC SIZE M,0,14,VNMOD20260102143813035207,🍵Thạch Matcha,15000,1
VNITE2026063018074532303,Hồng Trà Sữa (M),VNCAT2025121001465876373,TRÀ SỮA,69000,1,,,VNMOG2026010214381357793,TOPPINGS NƯỚC SIZE M,0,14,VNMOD20260102143813047639,🍀Thạch Nha Đam,20000,1
VNITE2026063018074532303,Hồng Trà Sữa (M),VNCAT2025121001465876373,TRÀ SỮA,69000,1,,,VNMOG2026010214381357793,TOPPINGS NƯỚC SIZE M,0,14,VNMOD20260102143813069685,🫧Trân Châu Trắng,15000,1
VNITE2026063018074532303,Hồng Trà Sữa (M),VNCAT2025121001465876373,TRÀ SỮA,69000,1,,,VNMOG2026010214381357793,TOPPINGS NƯỚC SIZE M,0,14,VNMOD20260128094817012683,💜Hạt Nổ Khoai Môn,30000,1
VNITE2026063018074532303,Hồng Trà Sữa (M),VNCAT2025121001465876373,TRÀ SỮA,69000,1,,,VNMOG2026010214381357793,TOPPINGS NƯỚC SIZE M,0,14,VNMOD20260102143813118751,🍮Kem Flan,50000,1
VNITE2026063018074532303,Hồng Trà Sữa (M),VNCAT2025121001465876373,TRÀ SỮA,69000,1,,,VNMOG2026010214381357793,TOPPINGS NƯỚC SIZE M,0,14,VNMOD20260102143813120730,🧂Kem Muối,15000,1
VNITE2026063018074532303,Hồng Trà Sữa (M),VNCAT2025121001465876373,TRÀ SỮA,69000,1,,,VNMOG2026040205120434503,TRÂN CHÂU HẠT NỔ SIZE M,0,7,VNMOD20260509171054013175,🍈Trân Châu Nổ Dưa Lưới M,25000,1
VNITE2026063018074532303,Hồng Trà Sữa (M),VNCAT2025121001465876373,TRÀ SỮA,69000,1,,,VNMOG2026040205120434503,TRÂN CHÂU HẠT NỔ SIZE M,0,7,VNMOD20260509171054029404,🥝Trân Châu Nổ Kiwi M,25000,1
VNITE2026063018074532303,Hồng Trà Sữa (M),VNCAT2025121001465876373,TRÀ SỮA,69000,1,,,VNMOG2026040205120434503,TRÂN CHÂU HẠT NỔ SIZE M,0,7,VNMOD20260402051204015377,🍇Trân Châu Nổ Nho M,25000,1
VNITE2026063018074532303,Hồng Trà Sữa (M),VNCAT2025121001465876373,TRÀ SỮA,69000,1,,,VNMOG2026040205120434503,TRÂN CHÂU HẠT NỔ SIZE M,0,7,VNMOD20260402051204027788,🫐Trân Châu Nổ Việt Quất M,25000,1
VNITE2026063018074532303,Hồng Trà Sữa (M),VNCAT2025121001465876373,TRÀ SỮA,69000,1,,,VNMOG2026040205120434503,TRÂN CHÂU HẠT NỔ SIZE M,0,7,VNMOD20260402051204039633,🍓Trân Châu Nổ Dâu Tây M,25000,1
VNITE2026063018074532303,Hồng Trà Sữa (M),VNCAT2025121001465876373,TRÀ SỮA,69000,1,,,VNMOG2026040205120434503,TRÂN CHÂU HẠT NỔ SIZE M,0,7,VNMOD20260402051204042483,🍑Trân Châu Nổ Đào M,25000,1
VNITE2026063018074532303,Hồng Trà Sữa (M),VNCAT2025121001465876373,TRÀ SỮA,69000,1,,,VNMOG2026040205120434503,TRÂN CHÂU HẠT NỔ SIZE M,0,7,VNMOD20260402051204050121,🫙Trân Châu Nổ Sữa Chua M,25000,1
VNITE2026063018074532303,Hồng Trà Sữa (M),VNCAT2025121001465876373,TRÀ SỮA,69000,1,,,VNMOG2026010213175723002,MỨC ĐÁ,1,1,VNMOD20260102131757039130,0% Đá,0,1
VNITE2026063018074532303,Hồng Trà Sữa (M),VNCAT2025121001465876373,TRÀ SỮA,69000,1,,,VNMOG2026010213175723002,MỨC ĐÁ,1,1,VNMOD20260102131757021927,50% Đá,0,1
VNITE2026063018074532303,Hồng Trà Sữa (M),VNCAT2025121001465876373,TRÀ SỮA,69000,1,,,VNMOG2026010213175723002,MỨC ĐÁ,1,1,VNMOD20260102131757017020,100% Đá,0,1
VNITE2026063018074532303,Hồng Trà Sữa (M),VNCAT2025121001465876373,TRÀ SỮA,69000,1,,,VNMOG2026010213175723002,MỨC ĐÁ,1,1,VNMOD20260102131757048225,Đá Riêng Đựng Túi Zip,5000,1
VNITE2026063018074532303,Hồng Trà Sữa (M),VNCAT2025121001465876373,TRÀ SỮA,69000,1,,,VNMOG2026010213141935691,MỨC ĐƯỜNG,1,1,VNMOD20260102131419014497,0% Sugar Level,0,1
VNITE2026063018074532303,Hồng Trà Sữa (M),VNCAT2025121001465876373,TRÀ SỮA,69000,1,,,VNMOG2026010213141935691,MỨC ĐƯỜNG,1,1,VNMOD20260102131419029122,25% Sugar Level,0,1
VNITE2026063018074532303,Hồng Trà Sữa (M),VNCAT2025121001465876373,TRÀ SỮA,69000,1,,,VNMOG2026010213141935691,MỨC ĐƯỜNG,1,1,VNMOD20260102131419033486,50% Sugar Level,0,1
VNITE2026063018074532303,Hồng Trà Sữa (M),VNCAT2025121001465876373,TRÀ SỮA,69000,1,,,VNMOG2026010213141935691,MỨC ĐƯỜNG,1,1,VNMOD20260102131419040560,75% Sugar Level,0,1
VNITE2026063018074532303,Hồng Trà Sữa (M),VNCAT2025121001465876373,TRÀ SỮA,69000,1,,,VNMOG2026010213141935691,MỨC ĐƯỜNG,1,1,VNMOD20260102131419052459,100% Sugar Level,0,1
VNITE20251210014658046375,Ô Long Xanh Sữa (L),VNCAT2025121001465876373,TRÀ SỮA,79000,1,,,VNMOG2026063018560291224,TRÂN CHÂU HẠT NỔ SIZE L,0,7,VNMOD20260630185602010509,🍈Trân Châu Nổ Dưa Lưới L,35000,1
VNITE20251210014658046375,Ô Long Xanh Sữa (L),VNCAT2025121001465876373,TRÀ SỮA,79000,1,,,VNMOG2026063018560291224,TRÂN CHÂU HẠT NỔ SIZE L,0,7,VNMOD20260701203137011333,🍇Trân Châu Nổ Nho L,35000,1
VNITE20251210014658046375,Ô Long Xanh Sữa (L),VNCAT2025121001465876373,TRÀ SỮA,79000,1,,,VNMOG2026063018560291224,TRÂN CHÂU HẠT NỔ SIZE L,0,7,VNMOD20260630185602024752,🫐Trân Châu Nổ Việt Quất L,35000,1
VNITE20251210014658046375,Ô Long Xanh Sữa (L),VNCAT2025121001465876373,TRÀ SỮA,79000,1,,,VNMOG2026063018560291224,TRÂN CHÂU HẠT NỔ SIZE L,0,7,VNMOD20260630185602039482,🍓Trân Châu Nổ Dâu Tây L,35000,1
VNITE20251210014658046375,Ô Long Xanh Sữa (L),VNCAT2025121001465876373,TRÀ SỮA,79000,1,,,VNMOG2026063018560291224,TRÂN CHÂU HẠT NỔ SIZE L,0,7,VNMOD20260701203137028578,🥝Trân Châu Nổ Kiwi L,35000,1
VNITE20251210014658046375,Ô Long Xanh Sữa (L),VNCAT2025121001465876373,TRÀ SỮA,79000,1,,,VNMOG2026063018560291224,TRÂN CHÂU HẠT NỔ SIZE L,0,7,VNMOD20260630185602041378,🍑Trân Châu Nổ Đào L,35000,1
VNITE20251210014658046375,Ô Long Xanh Sữa (L),VNCAT2025121001465876373,TRÀ SỮA,79000,1,,,VNMOG2026063018560291224,TRÂN CHÂU HẠT NỔ SIZE L,0,7,VNMOD20260630185602051732,🫙Trân Châu Nổ Sữa Chua L,35000,1
VNITE20251210014658046375,Ô Long Xanh Sữa (L),VNCAT2025121001465876373,TRÀ SỮA,79000,1,,,VNMOG2026063019062792408,TOPPINGS NƯỚC SIZE L,0,14,VNMOD20260728120958018426,🫗Nhựa Đào,40000,1
VNITE20251210014658046375,Ô Long Xanh Sữa (L),VNCAT2025121001465876373,TRÀ SỮA,79000,1,,,VNMOG2026063019062792408,TOPPINGS NƯỚC SIZE L,0,14,VNMOD20260728120958024241,🍄Nấm Tuyết,40000,1
VNITE20251210014658046375,Ô Long Xanh Sữa (L),VNCAT2025121001465876373,TRÀ SỮA,79000,1,,,VNMOG2026063019062792408,TOPPINGS NƯỚC SIZE L,0,14,VNMOD20260728120958033950,🏐Nhãn Nhục,50000,1
VNITE20251210014658046375,Ô Long Xanh Sữa (L),VNCAT2025121001465876373,TRÀ SỮA,79000,1,,,VNMOG2026063019062792408,TOPPINGS NƯỚC SIZE L,0,14,VNMOD20260630190628016741,🌼Vàng Lá,20000,1
VNITE20251210014658046375,Ô Long Xanh Sữa (L),VNCAT2025121001465876373,TRÀ SỮA,79000,1,,,VNMOG2026063019062792408,TOPPINGS NƯỚC SIZE L,0,14,VNMOD20260630190628024121,🍭Kẹo Mút Xốp,20000,1
VNITE20251210014658046375,Ô Long Xanh Sữa (L),VNCAT2025121001465876373,TRÀ SỮA,79000,1,,,VNMOG2026063019062792408,TOPPINGS NƯỚC SIZE L,0,14,VNMOD20260630190628033861,☕️Thạch Cafe,20000,1
VNITE20251210014658046375,Ô Long Xanh Sữa (L),VNCAT2025121001465876373,TRÀ SỮA,79000,1,,,VNMOG2026063019062792408,TOPPINGS NƯỚC SIZE L,0,14,VNMOD20260630190628046181,🍑Thạch Dừa Vị Đào,20000,1
VNITE20251210014658046375,Ô Long Xanh Sữa (L),VNCAT2025121001465876373,TRÀ SỮA,79000,1,,,VNMOG2026063019062792408,TOPPINGS NƯỚC SIZE L,0,14,VNMOD20260630190628057865,🩶Hạt Chia,15000,1
VNITE20251210014658046375,Ô Long Xanh Sữa (L),VNCAT2025121001465876373,TRÀ SỮA,79000,1,,,VNMOG2026063019062792408,TOPPINGS NƯỚC SIZE L,0,14,VNMOD20260630190628062501,🍑Mochi Đào,30000,1
VNITE20251210014658046375,Ô Long Xanh Sữa (L),VNCAT2025121001465876373,TRÀ SỮA,79000,1,,,VNMOG2026063019062792408,TOPPINGS NƯỚC SIZE L,0,14,VNMOD20260630190628075255,⚪️Khúc Bạch,35000,1
VNITE20251210014658046375,Ô Long Xanh Sữa (L),VNCAT2025121001465876373,TRÀ SỮA,79000,1,,,VNMOG2026063019062792408,TOPPINGS NƯỚC SIZE L,0,14,VNMOD20260630190628086001,🖤Sương Sáo,20000,1
VNITE20251210014658046375,Ô Long Xanh Sữa (L),VNCAT2025121001465876373,TRÀ SỮA,79000,1,,,VNMOG2026063019062792408,TOPPINGS NƯỚC SIZE L,0,14,VNMOD20260630190628097471,🍵Thạch Matcha,20000,1
VNITE20251210014658046375,Ô Long Xanh Sữa (L),VNCAT2025121001465876373,TRÀ SỮA,79000,1,,,VNMOG2026063019062792408,TOPPINGS NƯỚC SIZE L,0,14,VNMOD20260630190628109200,🍀Thạch Nha Đam,25000,1
VNITE20251210014658046375,Ô Long Xanh Sữa (L),VNCAT2025121001465876373,TRÀ SỮA,79000,1,,,VNMOG2026063019062792408,TOPPINGS NƯỚC SIZE L,0,14,VNMOD20260630190628119022,🧋Trân Châu Trắng,20000,1
VNITE20251210014658046375,Ô Long Xanh Sữa (L),VNCAT2025121001465876373,TRÀ SỮA,79000,1,,,VNMOG2026063019062792408,TOPPINGS NƯỚC SIZE L,0,14,VNMOD20260630190628120791,💜Hạt Nổ Khoai Môn,40000,1
VNITE20251210014658046375,Ô Long Xanh Sữa (L),VNCAT2025121001465876373,TRÀ SỮA,79000,1,,,VNMOG2026063019062792408,TOPPINGS NƯỚC SIZE L,0,14,VNMOD20260630190628134965,🍮Kem Flan,50000,1
VNITE20251210014658046375,Ô Long Xanh Sữa (L),VNCAT2025121001465876373,TRÀ SỮA,79000,1,,,VNMOG2026063019062792408,TOPPINGS NƯỚC SIZE L,0,14,VNMOD20260630190628148911,🧂Kem Muối,20000,1
VNITE20251210014658046375,Ô Long Xanh Sữa (L),VNCAT2025121001465876373,TRÀ SỮA,79000,1,,,VNMOG2026010213141935691,MỨC ĐƯỜNG,1,1,VNMOD20260102131419014497,0% Sugar Level,0,1
VNITE20251210014658046375,Ô Long Xanh Sữa (L),VNCAT2025121001465876373,TRÀ SỮA,79000,1,,,VNMOG2026010213141935691,MỨC ĐƯỜNG,1,1,VNMOD20260102131419029122,25% Sugar Level,0,1
VNITE20251210014658046375,Ô Long Xanh Sữa (L),VNCAT2025121001465876373,TRÀ SỮA,79000,1,,,VNMOG2026010213141935691,MỨC ĐƯỜNG,1,1,VNMOD20260102131419033486,50% Sugar Level,0,1
VNITE20251210014658046375,Ô Long Xanh Sữa (L),VNCAT2025121001465876373,TRÀ SỮA,79000,1,,,VNMOG2026010213141935691,MỨC ĐƯỜNG,1,1,VNMOD20260102131419040560,75% Sugar Level,0,1
VNITE20251210014658046375,Ô Long Xanh Sữa (L),VNCAT2025121001465876373,TRÀ SỮA,79000,1,,,VNMOG2026010213141935691,MỨC ĐƯỜNG,1,1,VNMOD20260102131419052459,100% Sugar Level,0,1
VNITE20251210014658046375,Ô Long Xanh Sữa (L),VNCAT2025121001465876373,TRÀ SỮA,79000,1,,,VNMOG2026010213175723002,MỨC ĐÁ,1,1,VNMOD20260102131757039130,0% Đá,0,1
VNITE20251210014658046375,Ô Long Xanh Sữa (L),VNCAT2025121001465876373,TRÀ SỮA,79000,1,,,VNMOG2026010213175723002,MỨC ĐÁ,1,1,VNMOD20260102131757021927,50% Đá,0,1
VNITE20251210014658046375,Ô Long Xanh Sữa (L),VNCAT2025121001465876373,TRÀ SỮA,79000,1,,,VNMOG2026010213175723002,MỨC ĐÁ,1,1,VNMOD20260102131757017020,100% Đá,0,1
VNITE20251210014658046375,Ô Long Xanh Sữa (L),VNCAT2025121001465876373,TRÀ SỮA,79000,1,,,VNMOG2026010213175723002,MỨC ĐÁ,1,1,VNMOD20260102131757048225,Đá Riêng Đựng Túi Zip,5000,1
VNITE2026063018085160042,Ô Long Xanh Sữa (M),VNCAT2025121001465876373,TRÀ SỮA,69000,1,,,VNMOG2026010214381357793,TOPPINGS NƯỚC SIZE M,0,14,VNMOD20260728120859016081,🏐Nhãn Nhục,40000,1
VNITE2026063018085160042,Ô Long Xanh Sữa (M),VNCAT2025121001465876373,TRÀ SỮA,69000,1,,,VNMOG2026010214381357793,TOPPINGS NƯỚC SIZE M,0,14,VNMOD20260728120859024399,🍄Nấm Tuyết,30000,1
VNITE2026063018085160042,Ô Long Xanh Sữa (M),VNCAT2025121001465876373,TRÀ SỮA,69000,1,,,VNMOG2026010214381357793,TOPPINGS NƯỚC SIZE M,0,14,VNMOD20260728120859035219,🫗Nhựa Đào,30000,1
VNITE2026063018085160042,Ô Long Xanh Sữa (M),VNCAT2025121001465876373,TRÀ SỮA,69000,1,,,VNMOG2026010214381357793,TOPPINGS NƯỚC SIZE M,0,14,VNMOD20260525094214016070,🌼Vàng Lá,20000,1
VNITE2026063018085160042,Ô Long Xanh Sữa (M),VNCAT2025121001465876373,TRÀ SỮA,69000,1,,,VNMOG2026010214381357793,TOPPINGS NƯỚC SIZE M,0,14,VNMOD20260525094214029352,🍭Kẹo Mút Xốp,20000,1
VNITE2026063018085160042,Ô Long Xanh Sữa (M),VNCAT2025121001465876373,TRÀ SỮA,69000,1,,,VNMOG2026010214381357793,TOPPINGS NƯỚC SIZE M,0,14,VNMOD20260520121848014884,☕️Thạch Cafe,15000,1
VNITE2026063018085160042,Ô Long Xanh Sữa (M),VNCAT2025121001465876373,TRÀ SỮA,69000,1,,,VNMOG2026010214381357793,TOPPINGS NƯỚC SIZE M,0,14,VNMOD20260509171133012746,🍑Thạch Dừa Vị Đào,15000,1
VNITE2026063018085160042,Ô Long Xanh Sữa (M),VNCAT2025121001465876373,TRÀ SỮA,69000,1,,,VNMOG2026010214381357793,TOPPINGS NƯỚC SIZE M,0,14,VNMOD20260509171133025336,🩶Hạt Chia,10000,1
VNITE2026063018085160042,Ô Long Xanh Sữa (M),VNCAT2025121001465876373,TRÀ SỮA,69000,1,,,VNMOG2026010214381357793,TOPPINGS NƯỚC SIZE M,0,14,VNMOD20260520121848024526,🍑Mochi Đào,30000,1
VNITE2026063018085160042,Ô Long Xanh Sữa (M),VNCAT2025121001465876373,TRÀ SỮA,69000,1,,,VNMOG2026010214381357793,TOPPINGS NƯỚC SIZE M,0,14,VNMOD20260102143813012309,⚪️Khúc Bạch,30000,1
VNITE2026063018085160042,Ô Long Xanh Sữa (M),VNCAT2025121001465876373,TRÀ SỮA,69000,1,,,VNMOG2026010214381357793,TOPPINGS NƯỚC SIZE M,0,14,VNMOD20260102143813021051,🖤Sương Sáo,15000,1
VNITE2026063018085160042,Ô Long Xanh Sữa (M),VNCAT2025121001465876373,TRÀ SỮA,69000,1,,,VNMOG2026010214381357793,TOPPINGS NƯỚC SIZE M,0,14,VNMOD20260102143813035207,🍵Thạch Matcha,15000,1
VNITE2026063018085160042,Ô Long Xanh Sữa (M),VNCAT2025121001465876373,TRÀ SỮA,69000,1,,,VNMOG2026010214381357793,TOPPINGS NƯỚC SIZE M,0,14,VNMOD20260102143813047639,🍀Thạch Nha Đam,20000,1
VNITE2026063018085160042,Ô Long Xanh Sữa (M),VNCAT2025121001465876373,TRÀ SỮA,69000,1,,,VNMOG2026010214381357793,TOPPINGS NƯỚC SIZE M,0,14,VNMOD20260102143813069685,🫧Trân Châu Trắng,15000,1
VNITE2026063018085160042,Ô Long Xanh Sữa (M),VNCAT2025121001465876373,TRÀ SỮA,69000,1,,,VNMOG2026010214381357793,TOPPINGS NƯỚC SIZE M,0,14,VNMOD20260128094817012683,💜Hạt Nổ Khoai Môn,30000,1
VNITE2026063018085160042,Ô Long Xanh Sữa (M),VNCAT2025121001465876373,TRÀ SỮA,69000,1,,,VNMOG2026010214381357793,TOPPINGS NƯỚC SIZE M,0,14,VNMOD20260102143813118751,🍮Kem Flan,50000,1
VNITE2026063018085160042,Ô Long Xanh Sữa (M),VNCAT2025121001465876373,TRÀ SỮA,69000,1,,,VNMOG2026010214381357793,TOPPINGS NƯỚC SIZE M,0,14,VNMOD20260102143813120730,🧂Kem Muối,15000,1
VNITE2026063018085160042,Ô Long Xanh Sữa (M),VNCAT2025121001465876373,TRÀ SỮA,69000,1,,,VNMOG2026040205120434503,TRÂN CHÂU HẠT NỔ SIZE M,0,7,VNMOD20260509171054013175,🍈Trân Châu Nổ Dưa Lưới M,25000,1
VNITE2026063018085160042,Ô Long Xanh Sữa (M),VNCAT2025121001465876373,TRÀ SỮA,69000,1,,,VNMOG2026040205120434503,TRÂN CHÂU HẠT NỔ SIZE M,0,7,VNMOD20260509171054029404,🥝Trân Châu Nổ Kiwi M,25000,1
VNITE2026063018085160042,Ô Long Xanh Sữa (M),VNCAT2025121001465876373,TRÀ SỮA,69000,1,,,VNMOG2026040205120434503,TRÂN CHÂU HẠT NỔ SIZE M,0,7,VNMOD20260402051204015377,🍇Trân Châu Nổ Nho M,25000,1
VNITE2026063018085160042,Ô Long Xanh Sữa (M),VNCAT2025121001465876373,TRÀ SỮA,69000,1,,,VNMOG2026040205120434503,TRÂN CHÂU HẠT NỔ SIZE M,0,7,VNMOD20260402051204027788,🫐Trân Châu Nổ Việt Quất M,25000,1
VNITE2026063018085160042,Ô Long Xanh Sữa (M),VNCAT2025121001465876373,TRÀ SỮA,69000,1,,,VNMOG2026040205120434503,TRÂN CHÂU HẠT NỔ SIZE M,0,7,VNMOD20260402051204039633,🍓Trân Châu Nổ Dâu Tây M,25000,1
VNITE2026063018085160042,Ô Long Xanh Sữa (M),VNCAT2025121001465876373,TRÀ SỮA,69000,1,,,VNMOG2026040205120434503,TRÂN CHÂU HẠT NỔ SIZE M,0,7,VNMOD20260402051204042483,🍑Trân Châu Nổ Đào M,25000,1
VNITE2026063018085160042,Ô Long Xanh Sữa (M),VNCAT2025121001465876373,TRÀ SỮA,69000,1,,,VNMOG2026040205120434503,TRÂN CHÂU HẠT NỔ SIZE M,0,7,VNMOD20260402051204050121,🫙Trân Châu Nổ Sữa Chua M,25000,1
VNITE2026063018085160042,Ô Long Xanh Sữa (M),VNCAT2025121001465876373,TRÀ SỮA,69000,1,,,VNMOG2026010213175723002,MỨC ĐÁ,1,1,VNMOD20260102131757039130,0% Đá,0,1
VNITE2026063018085160042,Ô Long Xanh Sữa (M),VNCAT2025121001465876373,TRÀ SỮA,69000,1,,,VNMOG2026010213175723002,MỨC ĐÁ,1,1,VNMOD20260102131757021927,50% Đá,0,1
VNITE2026063018085160042,Ô Long Xanh Sữa (M),VNCAT2025121001465876373,TRÀ SỮA,69000,1,,,VNMOG2026010213175723002,MỨC ĐÁ,1,1,VNMOD20260102131757017020,100% Đá,0,1
VNITE2026063018085160042,Ô Long Xanh Sữa (M),VNCAT2025121001465876373,TRÀ SỮA,69000,1,,,VNMOG2026010213175723002,MỨC ĐÁ,1,1,VNMOD20260102131757048225,Đá Riêng Đựng Túi Zip,5000,1
VNITE2026063018085160042,Ô Long Xanh Sữa (M),VNCAT2025121001465876373,TRÀ SỮA,69000,1,,,VNMOG2026010213141935691,MỨC ĐƯỜNG,1,1,VNMOD20260102131419014497,0% Sugar Level,0,1
VNITE2026063018085160042,Ô Long Xanh Sữa (M),VNCAT2025121001465876373,TRÀ SỮA,69000,1,,,VNMOG2026010213141935691,MỨC ĐƯỜNG,1,1,VNMOD20260102131419029122,25% Sugar Level,0,1
VNITE2026063018085160042,Ô Long Xanh Sữa (M),VNCAT2025121001465876373,TRÀ SỮA,69000,1,,,VNMOG2026010213141935691,MỨC ĐƯỜNG,1,1,VNMOD20260102131419033486,50% Sugar Level,0,1
VNITE2026063018085160042,Ô Long Xanh Sữa (M),VNCAT2025121001465876373,TRÀ SỮA,69000,1,,,VNMOG2026010213141935691,MỨC ĐƯỜNG,1,1,VNMOD20260102131419040560,75% Sugar Level,0,1
VNITE2026063018085160042,Ô Long Xanh Sữa (M),VNCAT2025121001465876373,TRÀ SỮA,69000,1,,,VNMOG2026010213141935691,MỨC ĐƯỜNG,1,1,VNMOD20260102131419052459,100% Sugar Level,0,1
VNITE2026010215420593209,Hồng Trà Sữa Kem Flan Đặc Biệt,VNCAT2025121001465876373,TRÀ SỮA,89000,1,,,VNMOG2026063019062792408,TOPPINGS NƯỚC SIZE L,0,14,VNMOD20260728120958018426,🫗Nhựa Đào,40000,1
VNITE2026010215420593209,Hồng Trà Sữa Kem Flan Đặc Biệt,VNCAT2025121001465876373,TRÀ SỮA,89000,1,,,VNMOG2026063019062792408,TOPPINGS NƯỚC SIZE L,0,14,VNMOD20260728120958024241,🍄Nấm Tuyết,40000,1
VNITE2026010215420593209,Hồng Trà Sữa Kem Flan Đặc Biệt,VNCAT2025121001465876373,TRÀ SỮA,89000,1,,,VNMOG2026063019062792408,TOPPINGS NƯỚC SIZE L,0,14,VNMOD20260728120958033950,🏐Nhãn Nhục,50000,1
VNITE2026010215420593209,Hồng Trà Sữa Kem Flan Đặc Biệt,VNCAT2025121001465876373,TRÀ SỮA,89000,1,,,VNMOG2026063019062792408,TOPPINGS NƯỚC SIZE L,0,14,VNMOD20260630190628016741,🌼Vàng Lá,20000,1
VNITE2026010215420593209,Hồng Trà Sữa Kem Flan Đặc Biệt,VNCAT2025121001465876373,TRÀ SỮA,89000,1,,,VNMOG2026063019062792408,TOPPINGS NƯỚC SIZE L,0,14,VNMOD20260630190628024121,🍭Kẹo Mút Xốp,20000,1
VNITE2026010215420593209,Hồng Trà Sữa Kem Flan Đặc Biệt,VNCAT2025121001465876373,TRÀ SỮA,89000,1,,,VNMOG2026063019062792408,TOPPINGS NƯỚC SIZE L,0,14,VNMOD20260630190628033861,☕️Thạch Cafe,20000,1
VNITE2026010215420593209,Hồng Trà Sữa Kem Flan Đặc Biệt,VNCAT2025121001465876373,TRÀ SỮA,89000,1,,,VNMOG2026063019062792408,TOPPINGS NƯỚC SIZE L,0,14,VNMOD20260630190628046181,🍑Thạch Dừa Vị Đào,20000,1
VNITE2026010215420593209,Hồng Trà Sữa Kem Flan Đặc Biệt,VNCAT2025121001465876373,TRÀ SỮA,89000,1,,,VNMOG2026063019062792408,TOPPINGS NƯỚC SIZE L,0,14,VNMOD20260630190628057865,🩶Hạt Chia,15000,1
VNITE2026010215420593209,Hồng Trà Sữa Kem Flan Đặc Biệt,VNCAT2025121001465876373,TRÀ SỮA,89000,1,,,VNMOG2026063019062792408,TOPPINGS NƯỚC SIZE L,0,14,VNMOD20260630190628062501,🍑Mochi Đào,30000,1
VNITE2026010215420593209,Hồng Trà Sữa Kem Flan Đặc Biệt,VNCAT2025121001465876373,TRÀ SỮA,89000,1,,,VNMOG2026063019062792408,TOPPINGS NƯỚC SIZE L,0,14,VNMOD20260630190628075255,⚪️Khúc Bạch,35000,1
VNITE2026010215420593209,Hồng Trà Sữa Kem Flan Đặc Biệt,VNCAT2025121001465876373,TRÀ SỮA,89000,1,,,VNMOG2026063019062792408,TOPPINGS NƯỚC SIZE L,0,14,VNMOD20260630190628086001,🖤Sương Sáo,20000,1
VNITE2026010215420593209,Hồng Trà Sữa Kem Flan Đặc Biệt,VNCAT2025121001465876373,TRÀ SỮA,89000,1,,,VNMOG2026063019062792408,TOPPINGS NƯỚC SIZE L,0,14,VNMOD20260630190628097471,🍵Thạch Matcha,20000,1
VNITE2026010215420593209,Hồng Trà Sữa Kem Flan Đặc Biệt,VNCAT2025121001465876373,TRÀ SỮA,89000,1,,,VNMOG2026063019062792408,TOPPINGS NƯỚC SIZE L,0,14,VNMOD20260630190628109200,🍀Thạch Nha Đam,25000,1
VNITE2026010215420593209,Hồng Trà Sữa Kem Flan Đặc Biệt,VNCAT2025121001465876373,TRÀ SỮA,89000,1,,,VNMOG2026063019062792408,TOPPINGS NƯỚC SIZE L,0,14,VNMOD20260630190628119022,🧋Trân Châu Trắng,20000,1
VNITE2026010215420593209,Hồng Trà Sữa Kem Flan Đặc Biệt,VNCAT2025121001465876373,TRÀ SỮA,89000,1,,,VNMOG2026063019062792408,TOPPINGS NƯỚC SIZE L,0,14,VNMOD20260630190628120791,💜Hạt Nổ Khoai Môn,40000,1
VNITE2026010215420593209,Hồng Trà Sữa Kem Flan Đặc Biệt,VNCAT2025121001465876373,TRÀ SỮA,89000,1,,,VNMOG2026063019062792408,TOPPINGS NƯỚC SIZE L,0,14,VNMOD20260630190628134965,🍮Kem Flan,50000,1
VNITE2026010215420593209,Hồng Trà Sữa Kem Flan Đặc Biệt,VNCAT2025121001465876373,TRÀ SỮA,89000,1,,,VNMOG2026063019062792408,TOPPINGS NƯỚC SIZE L,0,14,VNMOD20260630190628148911,🧂Kem Muối,20000,1
VNITE2026010215420593209,Hồng Trà Sữa Kem Flan Đặc Biệt,VNCAT2025121001465876373,TRÀ SỮA,89000,1,,,VNMOG2026063018560291224,TRÂN CHÂU HẠT NỔ SIZE L,0,7,VNMOD20260630185602010509,🍈Trân Châu Nổ Dưa Lưới L,35000,1
VNITE2026010215420593209,Hồng Trà Sữa Kem Flan Đặc Biệt,VNCAT2025121001465876373,TRÀ SỮA,89000,1,,,VNMOG2026063018560291224,TRÂN CHÂU HẠT NỔ SIZE L,0,7,VNMOD20260701203137011333,🍇Trân Châu Nổ Nho L,35000,1
VNITE2026010215420593209,Hồng Trà Sữa Kem Flan Đặc Biệt,VNCAT2025121001465876373,TRÀ SỮA,89000,1,,,VNMOG2026063018560291224,TRÂN CHÂU HẠT NỔ SIZE L,0,7,VNMOD20260630185602024752,🫐Trân Châu Nổ Việt Quất L,35000,1
VNITE2026010215420593209,Hồng Trà Sữa Kem Flan Đặc Biệt,VNCAT2025121001465876373,TRÀ SỮA,89000,1,,,VNMOG2026063018560291224,TRÂN CHÂU HẠT NỔ SIZE L,0,7,VNMOD20260630185602039482,🍓Trân Châu Nổ Dâu Tây L,35000,1
VNITE2026010215420593209,Hồng Trà Sữa Kem Flan Đặc Biệt,VNCAT2025121001465876373,TRÀ SỮA,89000,1,,,VNMOG2026063018560291224,TRÂN CHÂU HẠT NỔ SIZE L,0,7,VNMOD20260701203137028578,🥝Trân Châu Nổ Kiwi L,35000,1
VNITE2026010215420593209,Hồng Trà Sữa Kem Flan Đặc Biệt,VNCAT2025121001465876373,TRÀ SỮA,89000,1,,,VNMOG2026063018560291224,TRÂN CHÂU HẠT NỔ SIZE L,0,7,VNMOD20260630185602041378,🍑Trân Châu Nổ Đào L,35000,1
VNITE2026010215420593209,Hồng Trà Sữa Kem Flan Đặc Biệt,VNCAT2025121001465876373,TRÀ SỮA,89000,1,,,VNMOG2026063018560291224,TRÂN CHÂU HẠT NỔ SIZE L,0,7,VNMOD20260630185602051732,🫙Trân Châu Nổ Sữa Chua L,35000,1
VNITE2026010215420593209,Hồng Trà Sữa Kem Flan Đặc Biệt,VNCAT2025121001465876373,TRÀ SỮA,89000,1,,,VNMOG2026010213141935691,MỨC ĐƯỜNG,1,1,VNMOD20260102131419014497,0% Sugar Level,0,1
VNITE2026010215420593209,Hồng Trà Sữa Kem Flan Đặc Biệt,VNCAT2025121001465876373,TRÀ SỮA,89000,1,,,VNMOG2026010213141935691,MỨC ĐƯỜNG,1,1,VNMOD20260102131419029122,25% Sugar Level,0,1
VNITE2026010215420593209,Hồng Trà Sữa Kem Flan Đặc Biệt,VNCAT2025121001465876373,TRÀ SỮA,89000,1,,,VNMOG2026010213141935691,MỨC ĐƯỜNG,1,1,VNMOD20260102131419033486,50% Sugar Level,0,1
VNITE2026010215420593209,Hồng Trà Sữa Kem Flan Đặc Biệt,VNCAT2025121001465876373,TRÀ SỮA,89000,1,,,VNMOG2026010213141935691,MỨC ĐƯỜNG,1,1,VNMOD20260102131419040560,75% Sugar Level,0,1
VNITE2026010215420593209,Hồng Trà Sữa Kem Flan Đặc Biệt,VNCAT2025121001465876373,TRÀ SỮA,89000,1,,,VNMOG2026010213141935691,MỨC ĐƯỜNG,1,1,VNMOD20260102131419052459,100% Sugar Level,0,1
VNITE2026010215420593209,Hồng Trà Sữa Kem Flan Đặc Biệt,VNCAT2025121001465876373,TRÀ SỮA,89000,1,,,VNMOG2026010213175723002,MỨC ĐÁ,1,1,VNMOD20260102131757039130,0% Đá,0,1
VNITE2026010215420593209,Hồng Trà Sữa Kem Flan Đặc Biệt,VNCAT2025121001465876373,TRÀ SỮA,89000,1,,,VNMOG2026010213175723002,MỨC ĐÁ,1,1,VNMOD20260102131757021927,50% Đá,0,1
VNITE2026010215420593209,Hồng Trà Sữa Kem Flan Đặc Biệt,VNCAT2025121001465876373,TRÀ SỮA,89000,1,,,VNMOG2026010213175723002,MỨC ĐÁ,1,1,VNMOD20260102131757017020,100% Đá,0,1
VNITE2026010215420593209,Hồng Trà Sữa Kem Flan Đặc Biệt,VNCAT2025121001465876373,TRÀ SỮA,89000,1,,,VNMOG2026010213175723002,MỨC ĐÁ,1,1,VNMOD20260102131757048225,Đá Riêng Đựng Túi Zip,5000,1
VNITE2026063017582854127,Trà Bí Đao (L),VNCAT2026063017570222073,TRÀ THẢO MỘC,79000,1,,,VNMOG2026063019062792408,TOPPINGS NƯỚC SIZE L,0,14,VNMOD20260728120958018426,🫗Nhựa Đào,40000,1
VNITE2026063017582854127,Trà Bí Đao (L),VNCAT2026063017570222073,TRÀ THẢO MỘC,79000,1,,,VNMOG2026063019062792408,TOPPINGS NƯỚC SIZE L,0,14,VNMOD20260728120958024241,🍄Nấm Tuyết,40000,1
VNITE2026063017582854127,Trà Bí Đao (L),VNCAT2026063017570222073,TRÀ THẢO MỘC,79000,1,,,VNMOG2026063019062792408,TOPPINGS NƯỚC SIZE L,0,14,VNMOD20260728120958033950,🏐Nhãn Nhục,50000,1
VNITE2026063017582854127,Trà Bí Đao (L),VNCAT2026063017570222073,TRÀ THẢO MỘC,79000,1,,,VNMOG2026063019062792408,TOPPINGS NƯỚC SIZE L,0,14,VNMOD20260630190628016741,🌼Vàng Lá,20000,1
VNITE2026063017582854127,Trà Bí Đao (L),VNCAT2026063017570222073,TRÀ THẢO MỘC,79000,1,,,VNMOG2026063019062792408,TOPPINGS NƯỚC SIZE L,0,14,VNMOD20260630190628024121,🍭Kẹo Mút Xốp,20000,1
VNITE2026063017582854127,Trà Bí Đao (L),VNCAT2026063017570222073,TRÀ THẢO MỘC,79000,1,,,VNMOG2026063019062792408,TOPPINGS NƯỚC SIZE L,0,14,VNMOD20260630190628033861,☕️Thạch Cafe,20000,1
VNITE2026063017582854127,Trà Bí Đao (L),VNCAT2026063017570222073,TRÀ THẢO MỘC,79000,1,,,VNMOG2026063019062792408,TOPPINGS NƯỚC SIZE L,0,14,VNMOD20260630190628046181,🍑Thạch Dừa Vị Đào,20000,1
VNITE2026063017582854127,Trà Bí Đao (L),VNCAT2026063017570222073,TRÀ THẢO MỘC,79000,1,,,VNMOG2026063019062792408,TOPPINGS NƯỚC SIZE L,0,14,VNMOD20260630190628057865,🩶Hạt Chia,15000,1
VNITE2026063017582854127,Trà Bí Đao (L),VNCAT2026063017570222073,TRÀ THẢO MỘC,79000,1,,,VNMOG2026063019062792408,TOPPINGS NƯỚC SIZE L,0,14,VNMOD20260630190628062501,🍑Mochi Đào,30000,1
VNITE2026063017582854127,Trà Bí Đao (L),VNCAT2026063017570222073,TRÀ THẢO MỘC,79000,1,,,VNMOG2026063019062792408,TOPPINGS NƯỚC SIZE L,0,14,VNMOD20260630190628075255,⚪️Khúc Bạch,35000,1
VNITE2026063017582854127,Trà Bí Đao (L),VNCAT2026063017570222073,TRÀ THẢO MỘC,79000,1,,,VNMOG2026063019062792408,TOPPINGS NƯỚC SIZE L,0,14,VNMOD20260630190628086001,🖤Sương Sáo,20000,1
VNITE2026063017582854127,Trà Bí Đao (L),VNCAT2026063017570222073,TRÀ THẢO MỘC,79000,1,,,VNMOG2026063019062792408,TOPPINGS NƯỚC SIZE L,0,14,VNMOD20260630190628097471,🍵Thạch Matcha,20000,1
VNITE2026063017582854127,Trà Bí Đao (L),VNCAT2026063017570222073,TRÀ THẢO MỘC,79000,1,,,VNMOG2026063019062792408,TOPPINGS NƯỚC SIZE L,0,14,VNMOD20260630190628109200,🍀Thạch Nha Đam,25000,1
VNITE2026063017582854127,Trà Bí Đao (L),VNCAT2026063017570222073,TRÀ THẢO MỘC,79000,1,,,VNMOG2026063019062792408,TOPPINGS NƯỚC SIZE L,0,14,VNMOD20260630190628119022,🧋Trân Châu Trắng,20000,1
VNITE2026063017582854127,Trà Bí Đao (L),VNCAT2026063017570222073,TRÀ THẢO MỘC,79000,1,,,VNMOG2026063019062792408,TOPPINGS NƯỚC SIZE L,0,14,VNMOD20260630190628120791,💜Hạt Nổ Khoai Môn,40000,1
VNITE2026063017582854127,Trà Bí Đao (L),VNCAT2026063017570222073,TRÀ THẢO MỘC,79000,1,,,VNMOG2026063019062792408,TOPPINGS NƯỚC SIZE L,0,14,VNMOD20260630190628134965,🍮Kem Flan,50000,1
VNITE2026063017582854127,Trà Bí Đao (L),VNCAT2026063017570222073,TRÀ THẢO MỘC,79000,1,,,VNMOG2026063019062792408,TOPPINGS NƯỚC SIZE L,0,14,VNMOD20260630190628148911,🧂Kem Muối,20000,1
VNITE2026063017582854127,Trà Bí Đao (L),VNCAT2026063017570222073,TRÀ THẢO MỘC,79000,1,,,VNMOG2026063018560291224,TRÂN CHÂU HẠT NỔ SIZE L,0,7,VNMOD20260630185602010509,🍈Trân Châu Nổ Dưa Lưới L,35000,1
VNITE2026063017582854127,Trà Bí Đao (L),VNCAT2026063017570222073,TRÀ THẢO MỘC,79000,1,,,VNMOG2026063018560291224,TRÂN CHÂU HẠT NỔ SIZE L,0,7,VNMOD20260701203137011333,🍇Trân Châu Nổ Nho L,35000,1
VNITE2026063017582854127,Trà Bí Đao (L),VNCAT2026063017570222073,TRÀ THẢO MỘC,79000,1,,,VNMOG2026063018560291224,TRÂN CHÂU HẠT NỔ SIZE L,0,7,VNMOD20260630185602024752,🫐Trân Châu Nổ Việt Quất L,35000,1
VNITE2026063017582854127,Trà Bí Đao (L),VNCAT2026063017570222073,TRÀ THẢO MỘC,79000,1,,,VNMOG2026063018560291224,TRÂN CHÂU HẠT NỔ SIZE L,0,7,VNMOD20260630185602039482,🍓Trân Châu Nổ Dâu Tây L,35000,1
VNITE2026063017582854127,Trà Bí Đao (L),VNCAT2026063017570222073,TRÀ THẢO MỘC,79000,1,,,VNMOG2026063018560291224,TRÂN CHÂU HẠT NỔ SIZE L,0,7,VNMOD20260701203137028578,🥝Trân Châu Nổ Kiwi L,35000,1
VNITE2026063017582854127,Trà Bí Đao (L),VNCAT2026063017570222073,TRÀ THẢO MỘC,79000,1,,,VNMOG2026063018560291224,TRÂN CHÂU HẠT NỔ SIZE L,0,7,VNMOD20260630185602041378,🍑Trân Châu Nổ Đào L,35000,1
VNITE2026063017582854127,Trà Bí Đao (L),VNCAT2026063017570222073,TRÀ THẢO MỘC,79000,1,,,VNMOG2026063018560291224,TRÂN CHÂU HẠT NỔ SIZE L,0,7,VNMOD20260630185602051732,🫙Trân Châu Nổ Sữa Chua L,35000,1
VNITE2026063017582854127,Trà Bí Đao (L),VNCAT2026063017570222073,TRÀ THẢO MỘC,79000,1,,,VNMOG2026010213175723002,MỨC ĐÁ,1,1,VNMOD20260102131757039130,0% Đá,0,1
VNITE2026063017582854127,Trà Bí Đao (L),VNCAT2026063017570222073,TRÀ THẢO MỘC,79000,1,,,VNMOG2026010213175723002,MỨC ĐÁ,1,1,VNMOD20260102131757021927,50% Đá,0,1
VNITE2026063017582854127,Trà Bí Đao (L),VNCAT2026063017570222073,TRÀ THẢO MỘC,79000,1,,,VNMOG2026010213175723002,MỨC ĐÁ,1,1,VNMOD20260102131757017020,100% Đá,0,1
VNITE2026063017582854127,Trà Bí Đao (L),VNCAT2026063017570222073,TRÀ THẢO MỘC,79000,1,,,VNMOG2026010213175723002,MỨC ĐÁ,1,1,VNMOD20260102131757048225,Đá Riêng Đựng Túi Zip,5000,1
VNITE2026063017580511482,Trà Bí Đao (M),VNCAT2026063017570222073,TRÀ THẢO MỘC,69000,1,,,VNMOG2026010214381357793,TOPPINGS NƯỚC SIZE M,0,14,VNMOD20260728120859016081,🏐Nhãn Nhục,40000,1
VNITE2026063017580511482,Trà Bí Đao (M),VNCAT2026063017570222073,TRÀ THẢO MỘC,69000,1,,,VNMOG2026010214381357793,TOPPINGS NƯỚC SIZE M,0,14,VNMOD20260728120859024399,🍄Nấm Tuyết,30000,1
VNITE2026063017580511482,Trà Bí Đao (M),VNCAT2026063017570222073,TRÀ THẢO MỘC,69000,1,,,VNMOG2026010214381357793,TOPPINGS NƯỚC SIZE M,0,14,VNMOD20260728120859035219,🫗Nhựa Đào,30000,1
VNITE2026063017580511482,Trà Bí Đao (M),VNCAT2026063017570222073,TRÀ THẢO MỘC,69000,1,,,VNMOG2026010214381357793,TOPPINGS NƯỚC SIZE M,0,14,VNMOD20260525094214016070,🌼Vàng Lá,20000,1
VNITE2026063017580511482,Trà Bí Đao (M),VNCAT2026063017570222073,TRÀ THẢO MỘC,69000,1,,,VNMOG2026010214381357793,TOPPINGS NƯỚC SIZE M,0,14,VNMOD20260525094214029352,🍭Kẹo Mút Xốp,20000,1
VNITE2026063017580511482,Trà Bí Đao (M),VNCAT2026063017570222073,TRÀ THẢO MỘC,69000,1,,,VNMOG2026010214381357793,TOPPINGS NƯỚC SIZE M,0,14,VNMOD20260520121848014884,☕️Thạch Cafe,15000,1
VNITE2026063017580511482,Trà Bí Đao (M),VNCAT2026063017570222073,TRÀ THẢO MỘC,69000,1,,,VNMOG2026010214381357793,TOPPINGS NƯỚC SIZE M,0,14,VNMOD20260509171133012746,🍑Thạch Dừa Vị Đào,15000,1
VNITE2026063017580511482,Trà Bí Đao (M),VNCAT2026063017570222073,TRÀ THẢO MỘC,69000,1,,,VNMOG2026010214381357793,TOPPINGS NƯỚC SIZE M,0,14,VNMOD20260509171133025336,🩶Hạt Chia,10000,1
VNITE2026063017580511482,Trà Bí Đao (M),VNCAT2026063017570222073,TRÀ THẢO MỘC,69000,1,,,VNMOG2026010214381357793,TOPPINGS NƯỚC SIZE M,0,14,VNMOD20260520121848024526,🍑Mochi Đào,30000,1
VNITE2026063017580511482,Trà Bí Đao (M),VNCAT2026063017570222073,TRÀ THẢO MỘC,69000,1,,,VNMOG2026010214381357793,TOPPINGS NƯỚC SIZE M,0,14,VNMOD20260102143813012309,⚪️Khúc Bạch,30000,1
VNITE2026063017580511482,Trà Bí Đao (M),VNCAT2026063017570222073,TRÀ THẢO MỘC,69000,1,,,VNMOG2026010214381357793,TOPPINGS NƯỚC SIZE M,0,14,VNMOD20260102143813021051,🖤Sương Sáo,15000,1
VNITE2026063017580511482,Trà Bí Đao (M),VNCAT2026063017570222073,TRÀ THẢO MỘC,69000,1,,,VNMOG2026010214381357793,TOPPINGS NƯỚC SIZE M,0,14,VNMOD20260102143813035207,🍵Thạch Matcha,15000,1
VNITE2026063017580511482,Trà Bí Đao (M),VNCAT2026063017570222073,TRÀ THẢO MỘC,69000,1,,,VNMOG2026010214381357793,TOPPINGS NƯỚC SIZE M,0,14,VNMOD20260102143813047639,🍀Thạch Nha Đam,20000,1
VNITE2026063017580511482,Trà Bí Đao (M),VNCAT2026063017570222073,TRÀ THẢO MỘC,69000,1,,,VNMOG2026010214381357793,TOPPINGS NƯỚC SIZE M,0,14,VNMOD20260102143813069685,🫧Trân Châu Trắng,15000,1
VNITE2026063017580511482,Trà Bí Đao (M),VNCAT2026063017570222073,TRÀ THẢO MỘC,69000,1,,,VNMOG2026010214381357793,TOPPINGS NƯỚC SIZE M,0,14,VNMOD20260128094817012683,💜Hạt Nổ Khoai Môn,30000,1
VNITE2026063017580511482,Trà Bí Đao (M),VNCAT2026063017570222073,TRÀ THẢO MỘC,69000,1,,,VNMOG2026010214381357793,TOPPINGS NƯỚC SIZE M,0,14,VNMOD20260102143813118751,🍮Kem Flan,50000,1
VNITE2026063017580511482,Trà Bí Đao (M),VNCAT2026063017570222073,TRÀ THẢO MỘC,69000,1,,,VNMOG2026010214381357793,TOPPINGS NƯỚC SIZE M,0,14,VNMOD20260102143813120730,🧂Kem Muối,15000,1
VNITE2026063017580511482,Trà Bí Đao (M),VNCAT2026063017570222073,TRÀ THẢO MỘC,69000,1,,,VNMOG2026040205120434503,TRÂN CHÂU HẠT NỔ SIZE M,0,7,VNMOD20260509171054013175,🍈Trân Châu Nổ Dưa Lưới M,25000,1
VNITE2026063017580511482,Trà Bí Đao (M),VNCAT2026063017570222073,TRÀ THẢO MỘC,69000,1,,,VNMOG2026040205120434503,TRÂN CHÂU HẠT NỔ SIZE M,0,7,VNMOD20260509171054029404,🥝Trân Châu Nổ Kiwi M,25000,1
VNITE2026063017580511482,Trà Bí Đao (M),VNCAT2026063017570222073,TRÀ THẢO MỘC,69000,1,,,VNMOG2026040205120434503,TRÂN CHÂU HẠT NỔ SIZE M,0,7,VNMOD20260402051204015377,🍇Trân Châu Nổ Nho M,25000,1
VNITE2026063017580511482,Trà Bí Đao (M),VNCAT2026063017570222073,TRÀ THẢO MỘC,69000,1,,,VNMOG2026040205120434503,TRÂN CHÂU HẠT NỔ SIZE M,0,7,VNMOD20260402051204027788,🫐Trân Châu Nổ Việt Quất M,25000,1
VNITE2026063017580511482,Trà Bí Đao (M),VNCAT2026063017570222073,TRÀ THẢO MỘC,69000,1,,,VNMOG2026040205120434503,TRÂN CHÂU HẠT NỔ SIZE M,0,7,VNMOD20260402051204039633,🍓Trân Châu Nổ Dâu Tây M,25000,1
VNITE2026063017580511482,Trà Bí Đao (M),VNCAT2026063017570222073,TRÀ THẢO MỘC,69000,1,,,VNMOG2026040205120434503,TRÂN CHÂU HẠT NỔ SIZE M,0,7,VNMOD20260402051204042483,🍑Trân Châu Nổ Đào M,25000,1
VNITE2026063017580511482,Trà Bí Đao (M),VNCAT2026063017570222073,TRÀ THẢO MỘC,69000,1,,,VNMOG2026040205120434503,TRÂN CHÂU HẠT NỔ SIZE M,0,7,VNMOD20260402051204050121,🫙Trân Châu Nổ Sữa Chua M,25000,1
VNITE2026063017580511482,Trà Bí Đao (M),VNCAT2026063017570222073,TRÀ THẢO MỘC,69000,1,,,VNMOG2026010213175723002,MỨC ĐÁ,1,1,VNMOD20260102131757039130,0% Đá,0,1
VNITE2026063017580511482,Trà Bí Đao (M),VNCAT2026063017570222073,TRÀ THẢO MỘC,69000,1,,,VNMOG2026010213175723002,MỨC ĐÁ,1,1,VNMOD20260102131757021927,50% Đá,0,1
VNITE2026063017580511482,Trà Bí Đao (M),VNCAT2026063017570222073,TRÀ THẢO MỘC,69000,1,,,VNMOG2026010213175723002,MỨC ĐÁ,1,1,VNMOD20260102131757017020,100% Đá,0,1
VNITE2026063017580511482,Trà Bí Đao (M),VNCAT2026063017570222073,TRÀ THẢO MỘC,69000,1,,,VNMOG2026010213175723002,MỨC ĐÁ,1,1,VNMOD20260102131757048225,Đá Riêng Đựng Túi Zip,5000,1
VNITE2026063017575142215,Trà Thảo Mộc Tứ Bảo (L),VNCAT2026063017570222073,TRÀ THẢO MỘC,79000,1,,,VNMOG2026063018560291224,TRÂN CHÂU HẠT NỔ SIZE L,0,7,VNMOD20260630185602010509,🍈Trân Châu Nổ Dưa Lưới L,35000,1
VNITE2026063017575142215,Trà Thảo Mộc Tứ Bảo (L),VNCAT2026063017570222073,TRÀ THẢO MỘC,79000,1,,,VNMOG2026063018560291224,TRÂN CHÂU HẠT NỔ SIZE L,0,7,VNMOD20260701203137011333,🍇Trân Châu Nổ Nho L,35000,1
VNITE2026063017575142215,Trà Thảo Mộc Tứ Bảo (L),VNCAT2026063017570222073,TRÀ THẢO MỘC,79000,1,,,VNMOG2026063018560291224,TRÂN CHÂU HẠT NỔ SIZE L,0,7,VNMOD20260630185602024752,🫐Trân Châu Nổ Việt Quất L,35000,1
VNITE2026063017575142215,Trà Thảo Mộc Tứ Bảo (L),VNCAT2026063017570222073,TRÀ THẢO MỘC,79000,1,,,VNMOG2026063018560291224,TRÂN CHÂU HẠT NỔ SIZE L,0,7,VNMOD20260630185602039482,🍓Trân Châu Nổ Dâu Tây L,35000,1
VNITE2026063017575142215,Trà Thảo Mộc Tứ Bảo (L),VNCAT2026063017570222073,TRÀ THẢO MỘC,79000,1,,,VNMOG2026063018560291224,TRÂN CHÂU HẠT NỔ SIZE L,0,7,VNMOD20260701203137028578,🥝Trân Châu Nổ Kiwi L,35000,1
VNITE2026063017575142215,Trà Thảo Mộc Tứ Bảo (L),VNCAT2026063017570222073,TRÀ THẢO MỘC,79000,1,,,VNMOG2026063018560291224,TRÂN CHÂU HẠT NỔ SIZE L,0,7,VNMOD20260630185602041378,🍑Trân Châu Nổ Đào L,35000,1
VNITE2026063017575142215,Trà Thảo Mộc Tứ Bảo (L),VNCAT2026063017570222073,TRÀ THẢO MỘC,79000,1,,,VNMOG2026063018560291224,TRÂN CHÂU HẠT NỔ SIZE L,0,7,VNMOD20260630185602051732,🫙Trân Châu Nổ Sữa Chua L,35000,1
VNITE2026063017575142215,Trà Thảo Mộc Tứ Bảo (L),VNCAT2026063017570222073,TRÀ THẢO MỘC,79000,1,,,VNMOG2026063019062792408,TOPPINGS NƯỚC SIZE L,0,14,VNMOD20260728120958018426,🫗Nhựa Đào,40000,1
VNITE2026063017575142215,Trà Thảo Mộc Tứ Bảo (L),VNCAT2026063017570222073,TRÀ THẢO MỘC,79000,1,,,VNMOG2026063019062792408,TOPPINGS NƯỚC SIZE L,0,14,VNMOD20260728120958024241,🍄Nấm Tuyết,40000,1
VNITE2026063017575142215,Trà Thảo Mộc Tứ Bảo (L),VNCAT2026063017570222073,TRÀ THẢO MỘC,79000,1,,,VNMOG2026063019062792408,TOPPINGS NƯỚC SIZE L,0,14,VNMOD20260728120958033950,🏐Nhãn Nhục,50000,1
VNITE2026063017575142215,Trà Thảo Mộc Tứ Bảo (L),VNCAT2026063017570222073,TRÀ THẢO MỘC,79000,1,,,VNMOG2026063019062792408,TOPPINGS NƯỚC SIZE L,0,14,VNMOD20260630190628016741,🌼Vàng Lá,20000,1
VNITE2026063017575142215,Trà Thảo Mộc Tứ Bảo (L),VNCAT2026063017570222073,TRÀ THẢO MỘC,79000,1,,,VNMOG2026063019062792408,TOPPINGS NƯỚC SIZE L,0,14,VNMOD20260630190628024121,🍭Kẹo Mút Xốp,20000,1
VNITE2026063017575142215,Trà Thảo Mộc Tứ Bảo (L),VNCAT2026063017570222073,TRÀ THẢO MỘC,79000,1,,,VNMOG2026063019062792408,TOPPINGS NƯỚC SIZE L,0,14,VNMOD20260630190628033861,☕️Thạch Cafe,20000,1
VNITE2026063017575142215,Trà Thảo Mộc Tứ Bảo (L),VNCAT2026063017570222073,TRÀ THẢO MỘC,79000,1,,,VNMOG2026063019062792408,TOPPINGS NƯỚC SIZE L,0,14,VNMOD20260630190628046181,🍑Thạch Dừa Vị Đào,20000,1
VNITE2026063017575142215,Trà Thảo Mộc Tứ Bảo (L),VNCAT2026063017570222073,TRÀ THẢO MỘC,79000,1,,,VNMOG2026063019062792408,TOPPINGS NƯỚC SIZE L,0,14,VNMOD20260630190628057865,🩶Hạt Chia,15000,1
VNITE2026063017575142215,Trà Thảo Mộc Tứ Bảo (L),VNCAT2026063017570222073,TRÀ THẢO MỘC,79000,1,,,VNMOG2026063019062792408,TOPPINGS NƯỚC SIZE L,0,14,VNMOD20260630190628062501,🍑Mochi Đào,30000,1
VNITE2026063017575142215,Trà Thảo Mộc Tứ Bảo (L),VNCAT2026063017570222073,TRÀ THẢO MỘC,79000,1,,,VNMOG2026063019062792408,TOPPINGS NƯỚC SIZE L,0,14,VNMOD20260630190628075255,⚪️Khúc Bạch,35000,1
VNITE2026063017575142215,Trà Thảo Mộc Tứ Bảo (L),VNCAT2026063017570222073,TRÀ THẢO MỘC,79000,1,,,VNMOG2026063019062792408,TOPPINGS NƯỚC SIZE L,0,14,VNMOD20260630190628086001,🖤Sương Sáo,20000,1
VNITE2026063017575142215,Trà Thảo Mộc Tứ Bảo (L),VNCAT2026063017570222073,TRÀ THẢO MỘC,79000,1,,,VNMOG2026063019062792408,TOPPINGS NƯỚC SIZE L,0,14,VNMOD20260630190628097471,🍵Thạch Matcha,20000,1
VNITE2026063017575142215,Trà Thảo Mộc Tứ Bảo (L),VNCAT2026063017570222073,TRÀ THẢO MỘC,79000,1,,,VNMOG2026063019062792408,TOPPINGS NƯỚC SIZE L,0,14,VNMOD20260630190628109200,🍀Thạch Nha Đam,25000,1
VNITE2026063017575142215,Trà Thảo Mộc Tứ Bảo (L),VNCAT2026063017570222073,TRÀ THẢO MỘC,79000,1,,,VNMOG2026063019062792408,TOPPINGS NƯỚC SIZE L,0,14,VNMOD20260630190628119022,🧋Trân Châu Trắng,20000,1
VNITE2026063017575142215,Trà Thảo Mộc Tứ Bảo (L),VNCAT2026063017570222073,TRÀ THẢO MỘC,79000,1,,,VNMOG2026063019062792408,TOPPINGS NƯỚC SIZE L,0,14,VNMOD20260630190628120791,💜Hạt Nổ Khoai Môn,40000,1
VNITE2026063017575142215,Trà Thảo Mộc Tứ Bảo (L),VNCAT2026063017570222073,TRÀ THẢO MỘC,79000,1,,,VNMOG2026063019062792408,TOPPINGS NƯỚC SIZE L,0,14,VNMOD20260630190628134965,🍮Kem Flan,50000,1
VNITE2026063017575142215,Trà Thảo Mộc Tứ Bảo (L),VNCAT2026063017570222073,TRÀ THẢO MỘC,79000,1,,,VNMOG2026063019062792408,TOPPINGS NƯỚC SIZE L,0,14,VNMOD20260630190628148911,🧂Kem Muối,20000,1
VNITE2026063017575142215,Trà Thảo Mộc Tứ Bảo (L),VNCAT2026063017570222073,TRÀ THẢO MỘC,79000,1,,,VNMOG2026010213175723002,MỨC ĐÁ,1,1,VNMOD20260102131757039130,0% Đá,0,1
VNITE2026063017575142215,Trà Thảo Mộc Tứ Bảo (L),VNCAT2026063017570222073,TRÀ THẢO MỘC,79000,1,,,VNMOG2026010213175723002,MỨC ĐÁ,1,1,VNMOD20260102131757021927,50% Đá,0,1
VNITE2026063017575142215,Trà Thảo Mộc Tứ Bảo (L),VNCAT2026063017570222073,TRÀ THẢO MỘC,79000,1,,,VNMOG2026010213175723002,MỨC ĐÁ,1,1,VNMOD20260102131757017020,100% Đá,0,1
VNITE2026063017575142215,Trà Thảo Mộc Tứ Bảo (L),VNCAT2026063017570222073,TRÀ THẢO MỘC,79000,1,,,VNMOG2026010213175723002,MỨC ĐÁ,1,1,VNMOD20260102131757048225,Đá Riêng Đựng Túi Zip,5000,1
VNITE2026063017575142215,Trà Thảo Mộc Tứ Bảo (L),VNCAT2026063017570222073,TRÀ THẢO MỘC,79000,1,,,VNMOG2026010213141935691,MỨC ĐƯỜNG,1,1,VNMOD20260102131419014497,0% Sugar Level,0,1
VNITE2026063017575142215,Trà Thảo Mộc Tứ Bảo (L),VNCAT2026063017570222073,TRÀ THẢO MỘC,79000,1,,,VNMOG2026010213141935691,MỨC ĐƯỜNG,1,1,VNMOD20260102131419029122,25% Sugar Level,0,1
VNITE2026063017575142215,Trà Thảo Mộc Tứ Bảo (L),VNCAT2026063017570222073,TRÀ THẢO MỘC,79000,1,,,VNMOG2026010213141935691,MỨC ĐƯỜNG,1,1,VNMOD20260102131419033486,50% Sugar Level,0,1
VNITE2026063017575142215,Trà Thảo Mộc Tứ Bảo (L),VNCAT2026063017570222073,TRÀ THẢO MỘC,79000,1,,,VNMOG2026010213141935691,MỨC ĐƯỜNG,1,1,VNMOD20260102131419040560,75% Sugar Level,0,1
VNITE2026063017575142215,Trà Thảo Mộc Tứ Bảo (L),VNCAT2026063017570222073,TRÀ THẢO MỘC,79000,1,,,VNMOG2026010213141935691,MỨC ĐƯỜNG,1,1,VNMOD20260102131419052459,100% Sugar Level,0,1
VNITE2026063017572564303,Trà Thảo Mộc Tứ Bảo (M),VNCAT2026063017570222073,TRÀ THẢO MỘC,69000,1,,,VNMOG2026040205120434503,TRÂN CHÂU HẠT NỔ SIZE M,0,7,VNMOD20260509171054013175,🍈Trân Châu Nổ Dưa Lưới M,25000,1
VNITE2026063017572564303,Trà Thảo Mộc Tứ Bảo (M),VNCAT2026063017570222073,TRÀ THẢO MỘC,69000,1,,,VNMOG2026040205120434503,TRÂN CHÂU HẠT NỔ SIZE M,0,7,VNMOD20260509171054029404,🥝Trân Châu Nổ Kiwi M,25000,1
VNITE2026063017572564303,Trà Thảo Mộc Tứ Bảo (M),VNCAT2026063017570222073,TRÀ THẢO MỘC,69000,1,,,VNMOG2026040205120434503,TRÂN CHÂU HẠT NỔ SIZE M,0,7,VNMOD20260402051204015377,🍇Trân Châu Nổ Nho M,25000,1
VNITE2026063017572564303,Trà Thảo Mộc Tứ Bảo (M),VNCAT2026063017570222073,TRÀ THẢO MỘC,69000,1,,,VNMOG2026040205120434503,TRÂN CHÂU HẠT NỔ SIZE M,0,7,VNMOD20260402051204027788,🫐Trân Châu Nổ Việt Quất M,25000,1
VNITE2026063017572564303,Trà Thảo Mộc Tứ Bảo (M),VNCAT2026063017570222073,TRÀ THẢO MỘC,69000,1,,,VNMOG2026040205120434503,TRÂN CHÂU HẠT NỔ SIZE M,0,7,VNMOD20260402051204039633,🍓Trân Châu Nổ Dâu Tây M,25000,1
VNITE2026063017572564303,Trà Thảo Mộc Tứ Bảo (M),VNCAT2026063017570222073,TRÀ THẢO MỘC,69000,1,,,VNMOG2026040205120434503,TRÂN CHÂU HẠT NỔ SIZE M,0,7,VNMOD20260402051204042483,🍑Trân Châu Nổ Đào M,25000,1
VNITE2026063017572564303,Trà Thảo Mộc Tứ Bảo (M),VNCAT2026063017570222073,TRÀ THẢO MỘC,69000,1,,,VNMOG2026040205120434503,TRÂN CHÂU HẠT NỔ SIZE M,0,7,VNMOD20260402051204050121,🫙Trân Châu Nổ Sữa Chua M,25000,1
VNITE2026063017572564303,Trà Thảo Mộc Tứ Bảo (M),VNCAT2026063017570222073,TRÀ THẢO MỘC,69000,1,,,VNMOG2026010214381357793,TOPPINGS NƯỚC SIZE M,0,14,VNMOD20260728120859016081,🏐Nhãn Nhục,40000,1
VNITE2026063017572564303,Trà Thảo Mộc Tứ Bảo (M),VNCAT2026063017570222073,TRÀ THẢO MỘC,69000,1,,,VNMOG2026010214381357793,TOPPINGS NƯỚC SIZE M,0,14,VNMOD20260728120859024399,🍄Nấm Tuyết,30000,1
VNITE2026063017572564303,Trà Thảo Mộc Tứ Bảo (M),VNCAT2026063017570222073,TRÀ THẢO MỘC,69000,1,,,VNMOG2026010214381357793,TOPPINGS NƯỚC SIZE M,0,14,VNMOD20260728120859035219,🫗Nhựa Đào,30000,1
VNITE2026063017572564303,Trà Thảo Mộc Tứ Bảo (M),VNCAT2026063017570222073,TRÀ THẢO MỘC,69000,1,,,VNMOG2026010214381357793,TOPPINGS NƯỚC SIZE M,0,14,VNMOD20260525094214016070,🌼Vàng Lá,20000,1
VNITE2026063017572564303,Trà Thảo Mộc Tứ Bảo (M),VNCAT2026063017570222073,TRÀ THẢO MỘC,69000,1,,,VNMOG2026010214381357793,TOPPINGS NƯỚC SIZE M,0,14,VNMOD20260525094214029352,🍭Kẹo Mút Xốp,20000,1
VNITE2026063017572564303,Trà Thảo Mộc Tứ Bảo (M),VNCAT2026063017570222073,TRÀ THẢO MỘC,69000,1,,,VNMOG2026010214381357793,TOPPINGS NƯỚC SIZE M,0,14,VNMOD20260520121848014884,☕️Thạch Cafe,15000,1
VNITE2026063017572564303,Trà Thảo Mộc Tứ Bảo (M),VNCAT2026063017570222073,TRÀ THẢO MỘC,69000,1,,,VNMOG2026010214381357793,TOPPINGS NƯỚC SIZE M,0,14,VNMOD20260509171133012746,🍑Thạch Dừa Vị Đào,15000,1
VNITE2026063017572564303,Trà Thảo Mộc Tứ Bảo (M),VNCAT2026063017570222073,TRÀ THẢO MỘC,69000,1,,,VNMOG2026010214381357793,TOPPINGS NƯỚC SIZE M,0,14,VNMOD20260509171133025336,🩶Hạt Chia,10000,1
VNITE2026063017572564303,Trà Thảo Mộc Tứ Bảo (M),VNCAT2026063017570222073,TRÀ THẢO MỘC,69000,1,,,VNMOG2026010214381357793,TOPPINGS NƯỚC SIZE M,0,14,VNMOD20260520121848024526,🍑Mochi Đào,30000,1
VNITE2026063017572564303,Trà Thảo Mộc Tứ Bảo (M),VNCAT2026063017570222073,TRÀ THẢO MỘC,69000,1,,,VNMOG2026010214381357793,TOPPINGS NƯỚC SIZE M,0,14,VNMOD20260102143813012309,⚪️Khúc Bạch,30000,1
VNITE2026063017572564303,Trà Thảo Mộc Tứ Bảo (M),VNCAT2026063017570222073,TRÀ THẢO MỘC,69000,1,,,VNMOG2026010214381357793,TOPPINGS NƯỚC SIZE M,0,14,VNMOD20260102143813021051,🖤Sương Sáo,15000,1
VNITE2026063017572564303,Trà Thảo Mộc Tứ Bảo (M),VNCAT2026063017570222073,TRÀ THẢO MỘC,69000,1,,,VNMOG2026010214381357793,TOPPINGS NƯỚC SIZE M,0,14,VNMOD20260102143813035207,🍵Thạch Matcha,15000,1
VNITE2026063017572564303,Trà Thảo Mộc Tứ Bảo (M),VNCAT2026063017570222073,TRÀ THẢO MỘC,69000,1,,,VNMOG2026010214381357793,TOPPINGS NƯỚC SIZE M,0,14,VNMOD20260102143813047639,🍀Thạch Nha Đam,20000,1
VNITE2026063017572564303,Trà Thảo Mộc Tứ Bảo (M),VNCAT2026063017570222073,TRÀ THẢO MỘC,69000,1,,,VNMOG2026010214381357793,TOPPINGS NƯỚC SIZE M,0,14,VNMOD20260102143813069685,🫧Trân Châu Trắng,15000,1
VNITE2026063017572564303,Trà Thảo Mộc Tứ Bảo (M),VNCAT2026063017570222073,TRÀ THẢO MỘC,69000,1,,,VNMOG2026010214381357793,TOPPINGS NƯỚC SIZE M,0,14,VNMOD20260128094817012683,💜Hạt Nổ Khoai Môn,30000,1
VNITE2026063017572564303,Trà Thảo Mộc Tứ Bảo (M),VNCAT2026063017570222073,TRÀ THẢO MỘC,69000,1,,,VNMOG2026010214381357793,TOPPINGS NƯỚC SIZE M,0,14,VNMOD20260102143813118751,🍮Kem Flan,50000,1
VNITE2026063017572564303,Trà Thảo Mộc Tứ Bảo (M),VNCAT2026063017570222073,TRÀ THẢO MỘC,69000,1,,,VNMOG2026010214381357793,TOPPINGS NƯỚC SIZE M,0,14,VNMOD20260102143813120730,🧂Kem Muối,15000,1
VNITE2026063017572564303,Trà Thảo Mộc Tứ Bảo (M),VNCAT2026063017570222073,TRÀ THẢO MỘC,69000,1,,,VNMOG2026010213175723002,MỨC ĐÁ,1,1,VNMOD20260102131757039130,0% Đá,0,1
VNITE2026063017572564303,Trà Thảo Mộc Tứ Bảo (M),VNCAT2026063017570222073,TRÀ THẢO MỘC,69000,1,,,VNMOG2026010213175723002,MỨC ĐÁ,1,1,VNMOD20260102131757021927,50% Đá,0,1
VNITE2026063017572564303,Trà Thảo Mộc Tứ Bảo (M),VNCAT2026063017570222073,TRÀ THẢO MỘC,69000,1,,,VNMOG2026010213175723002,MỨC ĐÁ,1,1,VNMOD20260102131757017020,100% Đá,0,1
VNITE2026063017572564303,Trà Thảo Mộc Tứ Bảo (M),VNCAT2026063017570222073,TRÀ THẢO MỘC,69000,1,,,VNMOG2026010213175723002,MỨC ĐÁ,1,1,VNMOD20260102131757048225,Đá Riêng Đựng Túi Zip,5000,1
VNITE2026063017572564303,Trà Thảo Mộc Tứ Bảo (M),VNCAT2026063017570222073,TRÀ THẢO MỘC,69000,1,,,VNMOG2026010213141935691,MỨC ĐƯỜNG,1,1,VNMOD20260102131419014497,0% Sugar Level,0,1
VNITE2026063017572564303,Trà Thảo Mộc Tứ Bảo (M),VNCAT2026063017570222073,TRÀ THẢO MỘC,69000,1,,,VNMOG2026010213141935691,MỨC ĐƯỜNG,1,1,VNMOD20260102131419029122,25% Sugar Level,0,1
VNITE2026063017572564303,Trà Thảo Mộc Tứ Bảo (M),VNCAT2026063017570222073,TRÀ THẢO MỘC,69000,1,,,VNMOG2026010213141935691,MỨC ĐƯỜNG,1,1,VNMOD20260102131419033486,50% Sugar Level,0,1
VNITE2026063017572564303,Trà Thảo Mộc Tứ Bảo (M),VNCAT2026063017570222073,TRÀ THẢO MỘC,69000,1,,,VNMOG2026010213141935691,MỨC ĐƯỜNG,1,1,VNMOD20260102131419040560,75% Sugar Level,0,1
VNITE2026063017572564303,Trà Thảo Mộc Tứ Bảo (M),VNCAT2026063017570222073,TRÀ THẢO MỘC,69000,1,,,VNMOG2026010213141935691,MỨC ĐƯỜNG,1,1,VNMOD20260102131419052459,100% Sugar Level,0,1
VNITE20251210014836061779,Trà Vải (L),VNCAT2025121001483672601,TRÀ TRÁI CÂY,69000,1,,,VNMOG2026063019062792408,TOPPINGS NƯỚC SIZE L,0,14,VNMOD20260728120958018426,🫗Nhựa Đào,40000,1
VNITE20251210014836061779,Trà Vải (L),VNCAT2025121001483672601,TRÀ TRÁI CÂY,69000,1,,,VNMOG2026063019062792408,TOPPINGS NƯỚC SIZE L,0,14,VNMOD20260728120958024241,🍄Nấm Tuyết,40000,1
VNITE20251210014836061779,Trà Vải (L),VNCAT2025121001483672601,TRÀ TRÁI CÂY,69000,1,,,VNMOG2026063019062792408,TOPPINGS NƯỚC SIZE L,0,14,VNMOD20260728120958033950,🏐Nhãn Nhục,50000,1
VNITE20251210014836061779,Trà Vải (L),VNCAT2025121001483672601,TRÀ TRÁI CÂY,69000,1,,,VNMOG2026063019062792408,TOPPINGS NƯỚC SIZE L,0,14,VNMOD20260630190628016741,🌼Vàng Lá,20000,1
VNITE20251210014836061779,Trà Vải (L),VNCAT2025121001483672601,TRÀ TRÁI CÂY,69000,1,,,VNMOG2026063019062792408,TOPPINGS NƯỚC SIZE L,0,14,VNMOD20260630190628024121,🍭Kẹo Mút Xốp,20000,1
VNITE20251210014836061779,Trà Vải (L),VNCAT2025121001483672601,TRÀ TRÁI CÂY,69000,1,,,VNMOG2026063019062792408,TOPPINGS NƯỚC SIZE L,0,14,VNMOD20260630190628033861,☕️Thạch Cafe,20000,1
VNITE20251210014836061779,Trà Vải (L),VNCAT2025121001483672601,TRÀ TRÁI CÂY,69000,1,,,VNMOG2026063019062792408,TOPPINGS NƯỚC SIZE L,0,14,VNMOD20260630190628046181,🍑Thạch Dừa Vị Đào,20000,1
VNITE20251210014836061779,Trà Vải (L),VNCAT2025121001483672601,TRÀ TRÁI CÂY,69000,1,,,VNMOG2026063019062792408,TOPPINGS NƯỚC SIZE L,0,14,VNMOD20260630190628057865,🩶Hạt Chia,15000,1
VNITE20251210014836061779,Trà Vải (L),VNCAT2025121001483672601,TRÀ TRÁI CÂY,69000,1,,,VNMOG2026063019062792408,TOPPINGS NƯỚC SIZE L,0,14,VNMOD20260630190628062501,🍑Mochi Đào,30000,1
VNITE20251210014836061779,Trà Vải (L),VNCAT2025121001483672601,TRÀ TRÁI CÂY,69000,1,,,VNMOG2026063019062792408,TOPPINGS NƯỚC SIZE L,0,14,VNMOD20260630190628075255,⚪️Khúc Bạch,35000,1
VNITE20251210014836061779,Trà Vải (L),VNCAT2025121001483672601,TRÀ TRÁI CÂY,69000,1,,,VNMOG2026063019062792408,TOPPINGS NƯỚC SIZE L,0,14,VNMOD20260630190628086001,🖤Sương Sáo,20000,1
VNITE20251210014836061779,Trà Vải (L),VNCAT2025121001483672601,TRÀ TRÁI CÂY,69000,1,,,VNMOG2026063019062792408,TOPPINGS NƯỚC SIZE L,0,14,VNMOD20260630190628097471,🍵Thạch Matcha,20000,1
VNITE20251210014836061779,Trà Vải (L),VNCAT2025121001483672601,TRÀ TRÁI CÂY,69000,1,,,VNMOG2026063019062792408,TOPPINGS NƯỚC SIZE L,0,14,VNMOD20260630190628109200,🍀Thạch Nha Đam,25000,1
VNITE20251210014836061779,Trà Vải (L),VNCAT2025121001483672601,TRÀ TRÁI CÂY,69000,1,,,VNMOG2026063019062792408,TOPPINGS NƯỚC SIZE L,0,14,VNMOD20260630190628119022,🧋Trân Châu Trắng,20000,1
VNITE20251210014836061779,Trà Vải (L),VNCAT2025121001483672601,TRÀ TRÁI CÂY,69000,1,,,VNMOG2026063019062792408,TOPPINGS NƯỚC SIZE L,0,14,VNMOD20260630190628120791,💜Hạt Nổ Khoai Môn,40000,1
VNITE20251210014836061779,Trà Vải (L),VNCAT2025121001483672601,TRÀ TRÁI CÂY,69000,1,,,VNMOG2026063019062792408,TOPPINGS NƯỚC SIZE L,0,14,VNMOD20260630190628134965,🍮Kem Flan,50000,1
VNITE20251210014836061779,Trà Vải (L),VNCAT2025121001483672601,TRÀ TRÁI CÂY,69000,1,,,VNMOG2026063019062792408,TOPPINGS NƯỚC SIZE L,0,14,VNMOD20260630190628148911,🧂Kem Muối,20000,1
VNITE20251210014836061779,Trà Vải (L),VNCAT2025121001483672601,TRÀ TRÁI CÂY,69000,1,,,VNMOG2026063018560291224,TRÂN CHÂU HẠT NỔ SIZE L,0,7,VNMOD20260630185602010509,🍈Trân Châu Nổ Dưa Lưới L,35000,1
VNITE20251210014836061779,Trà Vải (L),VNCAT2025121001483672601,TRÀ TRÁI CÂY,69000,1,,,VNMOG2026063018560291224,TRÂN CHÂU HẠT NỔ SIZE L,0,7,VNMOD20260701203137011333,🍇Trân Châu Nổ Nho L,35000,1
VNITE20251210014836061779,Trà Vải (L),VNCAT2025121001483672601,TRÀ TRÁI CÂY,69000,1,,,VNMOG2026063018560291224,TRÂN CHÂU HẠT NỔ SIZE L,0,7,VNMOD20260630185602024752,🫐Trân Châu Nổ Việt Quất L,35000,1
VNITE20251210014836061779,Trà Vải (L),VNCAT2025121001483672601,TRÀ TRÁI CÂY,69000,1,,,VNMOG2026063018560291224,TRÂN CHÂU HẠT NỔ SIZE L,0,7,VNMOD20260630185602039482,🍓Trân Châu Nổ Dâu Tây L,35000,1
VNITE20251210014836061779,Trà Vải (L),VNCAT2025121001483672601,TRÀ TRÁI CÂY,69000,1,,,VNMOG2026063018560291224,TRÂN CHÂU HẠT NỔ SIZE L,0,7,VNMOD20260701203137028578,🥝Trân Châu Nổ Kiwi L,35000,1
VNITE20251210014836061779,Trà Vải (L),VNCAT2025121001483672601,TRÀ TRÁI CÂY,69000,1,,,VNMOG2026063018560291224,TRÂN CHÂU HẠT NỔ SIZE L,0,7,VNMOD20260630185602041378,🍑Trân Châu Nổ Đào L,35000,1
VNITE20251210014836061779,Trà Vải (L),VNCAT2025121001483672601,TRÀ TRÁI CÂY,69000,1,,,VNMOG2026063018560291224,TRÂN CHÂU HẠT NỔ SIZE L,0,7,VNMOD20260630185602051732,🫙Trân Châu Nổ Sữa Chua L,35000,1
VNITE20251210014836061779,Trà Vải (L),VNCAT2025121001483672601,TRÀ TRÁI CÂY,69000,1,,,VNMOG2026010213141935691,MỨC ĐƯỜNG,1,1,VNMOD20260102131419014497,0% Sugar Level,0,1
VNITE20251210014836061779,Trà Vải (L),VNCAT2025121001483672601,TRÀ TRÁI CÂY,69000,1,,,VNMOG2026010213141935691,MỨC ĐƯỜNG,1,1,VNMOD20260102131419029122,25% Sugar Level,0,1
VNITE20251210014836061779,Trà Vải (L),VNCAT2025121001483672601,TRÀ TRÁI CÂY,69000,1,,,VNMOG2026010213141935691,MỨC ĐƯỜNG,1,1,VNMOD20260102131419033486,50% Sugar Level,0,1
VNITE20251210014836061779,Trà Vải (L),VNCAT2025121001483672601,TRÀ TRÁI CÂY,69000,1,,,VNMOG2026010213141935691,MỨC ĐƯỜNG,1,1,VNMOD20260102131419040560,75% Sugar Level,0,1
VNITE20251210014836061779,Trà Vải (L),VNCAT2025121001483672601,TRÀ TRÁI CÂY,69000,1,,,VNMOG2026010213141935691,MỨC ĐƯỜNG,1,1,VNMOD20260102131419052459,100% Sugar Level,0,1
VNITE20251210014836061779,Trà Vải (L),VNCAT2025121001483672601,TRÀ TRÁI CÂY,69000,1,,,VNMOG2026010213175723002,MỨC ĐÁ,1,1,VNMOD20260102131757039130,0% Đá,0,1
VNITE20251210014836061779,Trà Vải (L),VNCAT2025121001483672601,TRÀ TRÁI CÂY,69000,1,,,VNMOG2026010213175723002,MỨC ĐÁ,1,1,VNMOD20260102131757021927,50% Đá,0,1
VNITE20251210014836061779,Trà Vải (L),VNCAT2025121001483672601,TRÀ TRÁI CÂY,69000,1,,,VNMOG2026010213175723002,MỨC ĐÁ,1,1,VNMOD20260102131757017020,100% Đá,0,1
VNITE20251210014836061779,Trà Vải (L),VNCAT2025121001483672601,TRÀ TRÁI CÂY,69000,1,,,VNMOG2026010213175723002,MỨC ĐÁ,1,1,VNMOD20260102131757048225,Đá Riêng Đựng Túi Zip,5000,1
VNITE2026063018451426885,Trà Vải (M),VNCAT2025121001483672601,TRÀ TRÁI CÂY,59000,1,,,VNMOG2026040205120434503,TRÂN CHÂU HẠT NỔ SIZE M,0,7,VNMOD20260509171054013175,🍈Trân Châu Nổ Dưa Lưới M,25000,1
VNITE2026063018451426885,Trà Vải (M),VNCAT2025121001483672601,TRÀ TRÁI CÂY,59000,1,,,VNMOG2026040205120434503,TRÂN CHÂU HẠT NỔ SIZE M,0,7,VNMOD20260509171054029404,🥝Trân Châu Nổ Kiwi M,25000,1
VNITE2026063018451426885,Trà Vải (M),VNCAT2025121001483672601,TRÀ TRÁI CÂY,59000,1,,,VNMOG2026040205120434503,TRÂN CHÂU HẠT NỔ SIZE M,0,7,VNMOD20260402051204015377,🍇Trân Châu Nổ Nho M,25000,1
VNITE2026063018451426885,Trà Vải (M),VNCAT2025121001483672601,TRÀ TRÁI CÂY,59000,1,,,VNMOG2026040205120434503,TRÂN CHÂU HẠT NỔ SIZE M,0,7,VNMOD20260402051204027788,🫐Trân Châu Nổ Việt Quất M,25000,1
VNITE2026063018451426885,Trà Vải (M),VNCAT2025121001483672601,TRÀ TRÁI CÂY,59000,1,,,VNMOG2026040205120434503,TRÂN CHÂU HẠT NỔ SIZE M,0,7,VNMOD20260402051204039633,🍓Trân Châu Nổ Dâu Tây M,25000,1
VNITE2026063018451426885,Trà Vải (M),VNCAT2025121001483672601,TRÀ TRÁI CÂY,59000,1,,,VNMOG2026040205120434503,TRÂN CHÂU HẠT NỔ SIZE M,0,7,VNMOD20260402051204042483,🍑Trân Châu Nổ Đào M,25000,1
VNITE2026063018451426885,Trà Vải (M),VNCAT2025121001483672601,TRÀ TRÁI CÂY,59000,1,,,VNMOG2026040205120434503,TRÂN CHÂU HẠT NỔ SIZE M,0,7,VNMOD20260402051204050121,🫙Trân Châu Nổ Sữa Chua M,25000,1
VNITE2026063018451426885,Trà Vải (M),VNCAT2025121001483672601,TRÀ TRÁI CÂY,59000,1,,,VNMOG2026010214381357793,TOPPINGS NƯỚC SIZE M,0,14,VNMOD20260728120859016081,🏐Nhãn Nhục,40000,1
VNITE2026063018451426885,Trà Vải (M),VNCAT2025121001483672601,TRÀ TRÁI CÂY,59000,1,,,VNMOG2026010214381357793,TOPPINGS NƯỚC SIZE M,0,14,VNMOD20260728120859024399,🍄Nấm Tuyết,30000,1
VNITE2026063018451426885,Trà Vải (M),VNCAT2025121001483672601,TRÀ TRÁI CÂY,59000,1,,,VNMOG2026010214381357793,TOPPINGS NƯỚC SIZE M,0,14,VNMOD20260728120859035219,🫗Nhựa Đào,30000,1
VNITE2026063018451426885,Trà Vải (M),VNCAT2025121001483672601,TRÀ TRÁI CÂY,59000,1,,,VNMOG2026010214381357793,TOPPINGS NƯỚC SIZE M,0,14,VNMOD20260525094214016070,🌼Vàng Lá,20000,1
VNITE2026063018451426885,Trà Vải (M),VNCAT2025121001483672601,TRÀ TRÁI CÂY,59000,1,,,VNMOG2026010214381357793,TOPPINGS NƯỚC SIZE M,0,14,VNMOD20260525094214029352,🍭Kẹo Mút Xốp,20000,1
VNITE2026063018451426885,Trà Vải (M),VNCAT2025121001483672601,TRÀ TRÁI CÂY,59000,1,,,VNMOG2026010214381357793,TOPPINGS NƯỚC SIZE M,0,14,VNMOD20260520121848014884,☕️Thạch Cafe,15000,1
VNITE2026063018451426885,Trà Vải (M),VNCAT2025121001483672601,TRÀ TRÁI CÂY,59000,1,,,VNMOG2026010214381357793,TOPPINGS NƯỚC SIZE M,0,14,VNMOD20260509171133012746,🍑Thạch Dừa Vị Đào,15000,1
VNITE2026063018451426885,Trà Vải (M),VNCAT2025121001483672601,TRÀ TRÁI CÂY,59000,1,,,VNMOG2026010214381357793,TOPPINGS NƯỚC SIZE M,0,14,VNMOD20260509171133025336,🩶Hạt Chia,10000,1
VNITE2026063018451426885,Trà Vải (M),VNCAT2025121001483672601,TRÀ TRÁI CÂY,59000,1,,,VNMOG2026010214381357793,TOPPINGS NƯỚC SIZE M,0,14,VNMOD20260520121848024526,🍑Mochi Đào,30000,1
VNITE2026063018451426885,Trà Vải (M),VNCAT2025121001483672601,TRÀ TRÁI CÂY,59000,1,,,VNMOG2026010214381357793,TOPPINGS NƯỚC SIZE M,0,14,VNMOD20260102143813012309,⚪️Khúc Bạch,30000,1
VNITE2026063018451426885,Trà Vải (M),VNCAT2025121001483672601,TRÀ TRÁI CÂY,59000,1,,,VNMOG2026010214381357793,TOPPINGS NƯỚC SIZE M,0,14,VNMOD20260102143813021051,🖤Sương Sáo,15000,1
VNITE2026063018451426885,Trà Vải (M),VNCAT2025121001483672601,TRÀ TRÁI CÂY,59000,1,,,VNMOG2026010214381357793,TOPPINGS NƯỚC SIZE M,0,14,VNMOD20260102143813035207,🍵Thạch Matcha,15000,1
VNITE2026063018451426885,Trà Vải (M),VNCAT2025121001483672601,TRÀ TRÁI CÂY,59000,1,,,VNMOG2026010214381357793,TOPPINGS NƯỚC SIZE M,0,14,VNMOD20260102143813047639,🍀Thạch Nha Đam,20000,1
VNITE2026063018451426885,Trà Vải (M),VNCAT2025121001483672601,TRÀ TRÁI CÂY,59000,1,,,VNMOG2026010214381357793,TOPPINGS NƯỚC SIZE M,0,14,VNMOD20260102143813069685,🫧Trân Châu Trắng,15000,1
VNITE2026063018451426885,Trà Vải (M),VNCAT2025121001483672601,TRÀ TRÁI CÂY,59000,1,,,VNMOG2026010214381357793,TOPPINGS NƯỚC SIZE M,0,14,VNMOD20260128094817012683,💜Hạt Nổ Khoai Môn,30000,1
VNITE2026063018451426885,Trà Vải (M),VNCAT2025121001483672601,TRÀ TRÁI CÂY,59000,1,,,VNMOG2026010214381357793,TOPPINGS NƯỚC SIZE M,0,14,VNMOD20260102143813118751,🍮Kem Flan,50000,1
VNITE2026063018451426885,Trà Vải (M),VNCAT2025121001483672601,TRÀ TRÁI CÂY,59000,1,,,VNMOG2026010214381357793,TOPPINGS NƯỚC SIZE M,0,14,VNMOD20260102143813120730,🧂Kem Muối,15000,1
VNITE2026063018451426885,Trà Vải (M),VNCAT2025121001483672601,TRÀ TRÁI CÂY,59000,1,,,VNMOG2026010213175723002,MỨC ĐÁ,1,1,VNMOD20260102131757039130,0% Đá,0,1
VNITE2026063018451426885,Trà Vải (M),VNCAT2025121001483672601,TRÀ TRÁI CÂY,59000,1,,,VNMOG2026010213175723002,MỨC ĐÁ,1,1,VNMOD20260102131757021927,50% Đá,0,1
VNITE2026063018451426885,Trà Vải (M),VNCAT2025121001483672601,TRÀ TRÁI CÂY,59000,1,,,VNMOG2026010213175723002,MỨC ĐÁ,1,1,VNMOD20260102131757017020,100% Đá,0,1
VNITE2026063018451426885,Trà Vải (M),VNCAT2025121001483672601,TRÀ TRÁI CÂY,59000,1,,,VNMOG2026010213175723002,MỨC ĐÁ,1,1,VNMOD20260102131757048225,Đá Riêng Đựng Túi Zip,5000,1
VNITE2026063018451426885,Trà Vải (M),VNCAT2025121001483672601,TRÀ TRÁI CÂY,59000,1,,,VNMOG2026010213141935691,MỨC ĐƯỜNG,1,1,VNMOD20260102131419014497,0% Sugar Level,0,1
VNITE2026063018451426885,Trà Vải (M),VNCAT2025121001483672601,TRÀ TRÁI CÂY,59000,1,,,VNMOG2026010213141935691,MỨC ĐƯỜNG,1,1,VNMOD20260102131419029122,25% Sugar Level,0,1
VNITE2026063018451426885,Trà Vải (M),VNCAT2025121001483672601,TRÀ TRÁI CÂY,59000,1,,,VNMOG2026010213141935691,MỨC ĐƯỜNG,1,1,VNMOD20260102131419033486,50% Sugar Level,0,1
VNITE2026063018451426885,Trà Vải (M),VNCAT2025121001483672601,TRÀ TRÁI CÂY,59000,1,,,VNMOG2026010213141935691,MỨC ĐƯỜNG,1,1,VNMOD20260102131419040560,75% Sugar Level,0,1
VNITE2026063018451426885,Trà Vải (M),VNCAT2025121001483672601,TRÀ TRÁI CÂY,59000,1,,,VNMOG2026010213141935691,MỨC ĐƯỜNG,1,1,VNMOD20260102131419052459,100% Sugar Level,0,1
VNITE2026063018460005376,Trà Cam Xí Muội (L),VNCAT2025121001483672601,TRÀ TRÁI CÂY,69000,1,,,VNMOG2026063019062792408,TOPPINGS NƯỚC SIZE L,0,14,VNMOD20260728120958018426,🫗Nhựa Đào,40000,1
VNITE2026063018460005376,Trà Cam Xí Muội (L),VNCAT2025121001483672601,TRÀ TRÁI CÂY,69000,1,,,VNMOG2026063019062792408,TOPPINGS NƯỚC SIZE L,0,14,VNMOD20260728120958024241,🍄Nấm Tuyết,40000,1
VNITE2026063018460005376,Trà Cam Xí Muội (L),VNCAT2025121001483672601,TRÀ TRÁI CÂY,69000,1,,,VNMOG2026063019062792408,TOPPINGS NƯỚC SIZE L,0,14,VNMOD20260728120958033950,🏐Nhãn Nhục,50000,1
VNITE2026063018460005376,Trà Cam Xí Muội (L),VNCAT2025121001483672601,TRÀ TRÁI CÂY,69000,1,,,VNMOG2026063019062792408,TOPPINGS NƯỚC SIZE L,0,14,VNMOD20260630190628016741,🌼Vàng Lá,20000,1
VNITE2026063018460005376,Trà Cam Xí Muội (L),VNCAT2025121001483672601,TRÀ TRÁI CÂY,69000,1,,,VNMOG2026063019062792408,TOPPINGS NƯỚC SIZE L,0,14,VNMOD20260630190628024121,🍭Kẹo Mút Xốp,20000,1
VNITE2026063018460005376,Trà Cam Xí Muội (L),VNCAT2025121001483672601,TRÀ TRÁI CÂY,69000,1,,,VNMOG2026063019062792408,TOPPINGS NƯỚC SIZE L,0,14,VNMOD20260630190628033861,☕️Thạch Cafe,20000,1
VNITE2026063018460005376,Trà Cam Xí Muội (L),VNCAT2025121001483672601,TRÀ TRÁI CÂY,69000,1,,,VNMOG2026063019062792408,TOPPINGS NƯỚC SIZE L,0,14,VNMOD20260630190628046181,🍑Thạch Dừa Vị Đào,20000,1
VNITE2026063018460005376,Trà Cam Xí Muội (L),VNCAT2025121001483672601,TRÀ TRÁI CÂY,69000,1,,,VNMOG2026063019062792408,TOPPINGS NƯỚC SIZE L,0,14,VNMOD20260630190628057865,🩶Hạt Chia,15000,1
VNITE2026063018460005376,Trà Cam Xí Muội (L),VNCAT2025121001483672601,TRÀ TRÁI CÂY,69000,1,,,VNMOG2026063019062792408,TOPPINGS NƯỚC SIZE L,0,14,VNMOD20260630190628062501,🍑Mochi Đào,30000,1
VNITE2026063018460005376,Trà Cam Xí Muội (L),VNCAT2025121001483672601,TRÀ TRÁI CÂY,69000,1,,,VNMOG2026063019062792408,TOPPINGS NƯỚC SIZE L,0,14,VNMOD20260630190628075255,⚪️Khúc Bạch,35000,1
VNITE2026063018460005376,Trà Cam Xí Muội (L),VNCAT2025121001483672601,TRÀ TRÁI CÂY,69000,1,,,VNMOG2026063019062792408,TOPPINGS NƯỚC SIZE L,0,14,VNMOD20260630190628086001,🖤Sương Sáo,20000,1
VNITE2026063018460005376,Trà Cam Xí Muội (L),VNCAT2025121001483672601,TRÀ TRÁI CÂY,69000,1,,,VNMOG2026063019062792408,TOPPINGS NƯỚC SIZE L,0,14,VNMOD20260630190628097471,🍵Thạch Matcha,20000,1
VNITE2026063018460005376,Trà Cam Xí Muội (L),VNCAT2025121001483672601,TRÀ TRÁI CÂY,69000,1,,,VNMOG2026063019062792408,TOPPINGS NƯỚC SIZE L,0,14,VNMOD20260630190628109200,🍀Thạch Nha Đam,25000,1
VNITE2026063018460005376,Trà Cam Xí Muội (L),VNCAT2025121001483672601,TRÀ TRÁI CÂY,69000,1,,,VNMOG2026063019062792408,TOPPINGS NƯỚC SIZE L,0,14,VNMOD20260630190628119022,🧋Trân Châu Trắng,20000,1
VNITE2026063018460005376,Trà Cam Xí Muội (L),VNCAT2025121001483672601,TRÀ TRÁI CÂY,69000,1,,,VNMOG2026063019062792408,TOPPINGS NƯỚC SIZE L,0,14,VNMOD20260630190628120791,💜Hạt Nổ Khoai Môn,40000,1
VNITE2026063018460005376,Trà Cam Xí Muội (L),VNCAT2025121001483672601,TRÀ TRÁI CÂY,69000,1,,,VNMOG2026063019062792408,TOPPINGS NƯỚC SIZE L,0,14,VNMOD20260630190628134965,🍮Kem Flan,50000,1
VNITE2026063018460005376,Trà Cam Xí Muội (L),VNCAT2025121001483672601,TRÀ TRÁI CÂY,69000,1,,,VNMOG2026063019062792408,TOPPINGS NƯỚC SIZE L,0,14,VNMOD20260630190628148911,🧂Kem Muối,20000,1
VNITE2026063018460005376,Trà Cam Xí Muội (L),VNCAT2025121001483672601,TRÀ TRÁI CÂY,69000,1,,,VNMOG2026063018560291224,TRÂN CHÂU HẠT NỔ SIZE L,0,7,VNMOD20260630185602010509,🍈Trân Châu Nổ Dưa Lưới L,35000,1
VNITE2026063018460005376,Trà Cam Xí Muội (L),VNCAT2025121001483672601,TRÀ TRÁI CÂY,69000,1,,,VNMOG2026063018560291224,TRÂN CHÂU HẠT NỔ SIZE L,0,7,VNMOD20260701203137011333,🍇Trân Châu Nổ Nho L,35000,1
VNITE2026063018460005376,Trà Cam Xí Muội (L),VNCAT2025121001483672601,TRÀ TRÁI CÂY,69000,1,,,VNMOG2026063018560291224,TRÂN CHÂU HẠT NỔ SIZE L,0,7,VNMOD20260630185602024752,🫐Trân Châu Nổ Việt Quất L,35000,1
VNITE2026063018460005376,Trà Cam Xí Muội (L),VNCAT2025121001483672601,TRÀ TRÁI CÂY,69000,1,,,VNMOG2026063018560291224,TRÂN CHÂU HẠT NỔ SIZE L,0,7,VNMOD20260630185602039482,🍓Trân Châu Nổ Dâu Tây L,35000,1
VNITE2026063018460005376,Trà Cam Xí Muội (L),VNCAT2025121001483672601,TRÀ TRÁI CÂY,69000,1,,,VNMOG2026063018560291224,TRÂN CHÂU HẠT NỔ SIZE L,0,7,VNMOD20260701203137028578,🥝Trân Châu Nổ Kiwi L,35000,1
VNITE2026063018460005376,Trà Cam Xí Muội (L),VNCAT2025121001483672601,TRÀ TRÁI CÂY,69000,1,,,VNMOG2026063018560291224,TRÂN CHÂU HẠT NỔ SIZE L,0,7,VNMOD20260630185602041378,🍑Trân Châu Nổ Đào L,35000,1
VNITE2026063018460005376,Trà Cam Xí Muội (L),VNCAT2025121001483672601,TRÀ TRÁI CÂY,69000,1,,,VNMOG2026063018560291224,TRÂN CHÂU HẠT NỔ SIZE L,0,7,VNMOD20260630185602051732,🫙Trân Châu Nổ Sữa Chua L,35000,1
VNITE2026063018460005376,Trà Cam Xí Muội (L),VNCAT2025121001483672601,TRÀ TRÁI CÂY,69000,1,,,VNMOG2026010213175723002,MỨC ĐÁ,1,1,VNMOD20260102131757039130,0% Đá,0,1
VNITE2026063018460005376,Trà Cam Xí Muội (L),VNCAT2025121001483672601,TRÀ TRÁI CÂY,69000,1,,,VNMOG2026010213175723002,MỨC ĐÁ,1,1,VNMOD20260102131757021927,50% Đá,0,1
VNITE2026063018460005376,Trà Cam Xí Muội (L),VNCAT2025121001483672601,TRÀ TRÁI CÂY,69000,1,,,VNMOG2026010213175723002,MỨC ĐÁ,1,1,VNMOD20260102131757017020,100% Đá,0,1
VNITE2026063018460005376,Trà Cam Xí Muội (L),VNCAT2025121001483672601,TRÀ TRÁI CÂY,69000,1,,,VNMOG2026010213175723002,MỨC ĐÁ,1,1,VNMOD20260102131757048225,Đá Riêng Đựng Túi Zip,5000,1
VNITE2026063018460005376,Trà Cam Xí Muội (L),VNCAT2025121001483672601,TRÀ TRÁI CÂY,69000,1,,,VNMOG2026010213141935691,MỨC ĐƯỜNG,1,1,VNMOD20260102131419014497,0% Sugar Level,0,1
VNITE2026063018460005376,Trà Cam Xí Muội (L),VNCAT2025121001483672601,TRÀ TRÁI CÂY,69000,1,,,VNMOG2026010213141935691,MỨC ĐƯỜNG,1,1,VNMOD20260102131419029122,25% Sugar Level,0,1
VNITE2026063018460005376,Trà Cam Xí Muội (L),VNCAT2025121001483672601,TRÀ TRÁI CÂY,69000,1,,,VNMOG2026010213141935691,MỨC ĐƯỜNG,1,1,VNMOD20260102131419033486,50% Sugar Level,0,1
VNITE2026063018460005376,Trà Cam Xí Muội (L),VNCAT2025121001483672601,TRÀ TRÁI CÂY,69000,1,,,VNMOG2026010213141935691,MỨC ĐƯỜNG,1,1,VNMOD20260102131419040560,75% Sugar Level,0,1
VNITE2026063018460005376,Trà Cam Xí Muội (L),VNCAT2025121001483672601,TRÀ TRÁI CÂY,69000,1,,,VNMOG2026010213141935691,MỨC ĐƯỜNG,1,1,VNMOD20260102131419052459,100% Sugar Level,0,1
VNITE2026063018454302686,Trà Cam Xí Muội (M),VNCAT2025121001483672601,TRÀ TRÁI CÂY,59000,1,,,VNMOG2026010214381357793,TOPPINGS NƯỚC SIZE M,0,14,VNMOD20260728120859016081,🏐Nhãn Nhục,40000,1
VNITE2026063018454302686,Trà Cam Xí Muội (M),VNCAT2025121001483672601,TRÀ TRÁI CÂY,59000,1,,,VNMOG2026010214381357793,TOPPINGS NƯỚC SIZE M,0,14,VNMOD20260728120859024399,🍄Nấm Tuyết,30000,1
VNITE2026063018454302686,Trà Cam Xí Muội (M),VNCAT2025121001483672601,TRÀ TRÁI CÂY,59000,1,,,VNMOG2026010214381357793,TOPPINGS NƯỚC SIZE M,0,14,VNMOD20260728120859035219,🫗Nhựa Đào,30000,1
VNITE2026063018454302686,Trà Cam Xí Muội (M),VNCAT2025121001483672601,TRÀ TRÁI CÂY,59000,1,,,VNMOG2026010214381357793,TOPPINGS NƯỚC SIZE M,0,14,VNMOD20260525094214016070,🌼Vàng Lá,20000,1
VNITE2026063018454302686,Trà Cam Xí Muội (M),VNCAT2025121001483672601,TRÀ TRÁI CÂY,59000,1,,,VNMOG2026010214381357793,TOPPINGS NƯỚC SIZE M,0,14,VNMOD20260525094214029352,🍭Kẹo Mút Xốp,20000,1
VNITE2026063018454302686,Trà Cam Xí Muội (M),VNCAT2025121001483672601,TRÀ TRÁI CÂY,59000,1,,,VNMOG2026010214381357793,TOPPINGS NƯỚC SIZE M,0,14,VNMOD20260520121848014884,☕️Thạch Cafe,15000,1
VNITE2026063018454302686,Trà Cam Xí Muội (M),VNCAT2025121001483672601,TRÀ TRÁI CÂY,59000,1,,,VNMOG2026010214381357793,TOPPINGS NƯỚC SIZE M,0,14,VNMOD20260509171133012746,🍑Thạch Dừa Vị Đào,15000,1
VNITE2026063018454302686,Trà Cam Xí Muội (M),VNCAT2025121001483672601,TRÀ TRÁI CÂY,59000,1,,,VNMOG2026010214381357793,TOPPINGS NƯỚC SIZE M,0,14,VNMOD20260509171133025336,🩶Hạt Chia,10000,1
VNITE2026063018454302686,Trà Cam Xí Muội (M),VNCAT2025121001483672601,TRÀ TRÁI CÂY,59000,1,,,VNMOG2026010214381357793,TOPPINGS NƯỚC SIZE M,0,14,VNMOD20260520121848024526,🍑Mochi Đào,30000,1
VNITE2026063018454302686,Trà Cam Xí Muội (M),VNCAT2025121001483672601,TRÀ TRÁI CÂY,59000,1,,,VNMOG2026010214381357793,TOPPINGS NƯỚC SIZE M,0,14,VNMOD20260102143813012309,⚪️Khúc Bạch,30000,1
VNITE2026063018454302686,Trà Cam Xí Muội (M),VNCAT2025121001483672601,TRÀ TRÁI CÂY,59000,1,,,VNMOG2026010214381357793,TOPPINGS NƯỚC SIZE M,0,14,VNMOD20260102143813021051,🖤Sương Sáo,15000,1
VNITE2026063018454302686,Trà Cam Xí Muội (M),VNCAT2025121001483672601,TRÀ TRÁI CÂY,59000,1,,,VNMOG2026010214381357793,TOPPINGS NƯỚC SIZE M,0,14,VNMOD20260102143813035207,🍵Thạch Matcha,15000,1
VNITE2026063018454302686,Trà Cam Xí Muội (M),VNCAT2025121001483672601,TRÀ TRÁI CÂY,59000,1,,,VNMOG2026010214381357793,TOPPINGS NƯỚC SIZE M,0,14,VNMOD20260102143813047639,🍀Thạch Nha Đam,20000,1
VNITE2026063018454302686,Trà Cam Xí Muội (M),VNCAT2025121001483672601,TRÀ TRÁI CÂY,59000,1,,,VNMOG2026010214381357793,TOPPINGS NƯỚC SIZE M,0,14,VNMOD20260102143813069685,🫧Trân Châu Trắng,15000,1
VNITE2026063018454302686,Trà Cam Xí Muội (M),VNCAT2025121001483672601,TRÀ TRÁI CÂY,59000,1,,,VNMOG2026010214381357793,TOPPINGS NƯỚC SIZE M,0,14,VNMOD20260128094817012683,💜Hạt Nổ Khoai Môn,30000,1
VNITE2026063018454302686,Trà Cam Xí Muội (M),VNCAT2025121001483672601,TRÀ TRÁI CÂY,59000,1,,,VNMOG2026010214381357793,TOPPINGS NƯỚC SIZE M,0,14,VNMOD20260102143813118751,🍮Kem Flan,50000,1
VNITE2026063018454302686,Trà Cam Xí Muội (M),VNCAT2025121001483672601,TRÀ TRÁI CÂY,59000,1,,,VNMOG2026010214381357793,TOPPINGS NƯỚC SIZE M,0,14,VNMOD20260102143813120730,🧂Kem Muối,15000,1
VNITE2026063018454302686,Trà Cam Xí Muội (M),VNCAT2025121001483672601,TRÀ TRÁI CÂY,59000,1,,,VNMOG2026040205120434503,TRÂN CHÂU HẠT NỔ SIZE M,0,7,VNMOD20260509171054013175,🍈Trân Châu Nổ Dưa Lưới M,25000,1
VNITE2026063018454302686,Trà Cam Xí Muội (M),VNCAT2025121001483672601,TRÀ TRÁI CÂY,59000,1,,,VNMOG2026040205120434503,TRÂN CHÂU HẠT NỔ SIZE M,0,7,VNMOD20260509171054029404,🥝Trân Châu Nổ Kiwi M,25000,1
VNITE2026063018454302686,Trà Cam Xí Muội (M),VNCAT2025121001483672601,TRÀ TRÁI CÂY,59000,1,,,VNMOG2026040205120434503,TRÂN CHÂU HẠT NỔ SIZE M,0,7,VNMOD20260402051204015377,🍇Trân Châu Nổ Nho M,25000,1
VNITE2026063018454302686,Trà Cam Xí Muội (M),VNCAT2025121001483672601,TRÀ TRÁI CÂY,59000,1,,,VNMOG2026040205120434503,TRÂN CHÂU HẠT NỔ SIZE M,0,7,VNMOD20260402051204027788,🫐Trân Châu Nổ Việt Quất M,25000,1
VNITE2026063018454302686,Trà Cam Xí Muội (M),VNCAT2025121001483672601,TRÀ TRÁI CÂY,59000,1,,,VNMOG2026040205120434503,TRÂN CHÂU HẠT NỔ SIZE M,0,7,VNMOD20260402051204039633,🍓Trân Châu Nổ Dâu Tây M,25000,1
VNITE2026063018454302686,Trà Cam Xí Muội (M),VNCAT2025121001483672601,TRÀ TRÁI CÂY,59000,1,,,VNMOG2026040205120434503,TRÂN CHÂU HẠT NỔ SIZE M,0,7,VNMOD20260402051204042483,🍑Trân Châu Nổ Đào M,25000,1
VNITE2026063018454302686,Trà Cam Xí Muội (M),VNCAT2025121001483672601,TRÀ TRÁI CÂY,59000,1,,,VNMOG2026040205120434503,TRÂN CHÂU HẠT NỔ SIZE M,0,7,VNMOD20260402051204050121,🫙Trân Châu Nổ Sữa Chua M,25000,1
VNITE2026063018454302686,Trà Cam Xí Muội (M),VNCAT2025121001483672601,TRÀ TRÁI CÂY,59000,1,,,VNMOG2026010213175723002,MỨC ĐÁ,1,1,VNMOD20260102131757039130,0% Đá,0,1
VNITE2026063018454302686,Trà Cam Xí Muội (M),VNCAT2025121001483672601,TRÀ TRÁI CÂY,59000,1,,,VNMOG2026010213175723002,MỨC ĐÁ,1,1,VNMOD20260102131757021927,50% Đá,0,1
VNITE2026063018454302686,Trà Cam Xí Muội (M),VNCAT2025121001483672601,TRÀ TRÁI CÂY,59000,1,,,VNMOG2026010213175723002,MỨC ĐÁ,1,1,VNMOD20260102131757017020,100% Đá,0,1
VNITE2026063018454302686,Trà Cam Xí Muội (M),VNCAT2025121001483672601,TRÀ TRÁI CÂY,59000,1,,,VNMOG2026010213175723002,MỨC ĐÁ,1,1,VNMOD20260102131757048225,Đá Riêng Đựng Túi Zip,5000,1
VNITE2026063018454302686,Trà Cam Xí Muội (M),VNCAT2025121001483672601,TRÀ TRÁI CÂY,59000,1,,,VNMOG2026010213141935691,MỨC ĐƯỜNG,1,1,VNMOD20260102131419014497,0% Sugar Level,0,1
VNITE2026063018454302686,Trà Cam Xí Muội (M),VNCAT2025121001483672601,TRÀ TRÁI CÂY,59000,1,,,VNMOG2026010213141935691,MỨC ĐƯỜNG,1,1,VNMOD20260102131419029122,25% Sugar Level,0,1
VNITE2026063018454302686,Trà Cam Xí Muội (M),VNCAT2025121001483672601,TRÀ TRÁI CÂY,59000,1,,,VNMOG2026010213141935691,MỨC ĐƯỜNG,1,1,VNMOD20260102131419033486,50% Sugar Level,0,1
VNITE2026063018454302686,Trà Cam Xí Muội (M),VNCAT2025121001483672601,TRÀ TRÁI CÂY,59000,1,,,VNMOG2026010213141935691,MỨC ĐƯỜNG,1,1,VNMOD20260102131419040560,75% Sugar Level,0,1
VNITE2026063018454302686,Trà Cam Xí Muội (M),VNCAT2025121001483672601,TRÀ TRÁI CÂY,59000,1,,,VNMOG2026010213141935691,MỨC ĐƯỜNG,1,1,VNMOD20260102131419052459,100% Sugar Level,0,1
VNITE20251210014836105476,Trà Me Muối Ớt (L),VNCAT2025121001483672601,TRÀ TRÁI CÂY,79000,1,,,VNMOG2026063019062792408,TOPPINGS NƯỚC SIZE L,0,14,VNMOD20260728120958018426,🫗Nhựa Đào,40000,1
VNITE20251210014836105476,Trà Me Muối Ớt (L),VNCAT2025121001483672601,TRÀ TRÁI CÂY,79000,1,,,VNMOG2026063019062792408,TOPPINGS NƯỚC SIZE L,0,14,VNMOD20260728120958024241,🍄Nấm Tuyết,40000,1
VNITE20251210014836105476,Trà Me Muối Ớt (L),VNCAT2025121001483672601,TRÀ TRÁI CÂY,79000,1,,,VNMOG2026063019062792408,TOPPINGS NƯỚC SIZE L,0,14,VNMOD20260728120958033950,🏐Nhãn Nhục,50000,1
VNITE20251210014836105476,Trà Me Muối Ớt (L),VNCAT2025121001483672601,TRÀ TRÁI CÂY,79000,1,,,VNMOG2026063019062792408,TOPPINGS NƯỚC SIZE L,0,14,VNMOD20260630190628016741,🌼Vàng Lá,20000,1
VNITE20251210014836105476,Trà Me Muối Ớt (L),VNCAT2025121001483672601,TRÀ TRÁI CÂY,79000,1,,,VNMOG2026063019062792408,TOPPINGS NƯỚC SIZE L,0,14,VNMOD20260630190628024121,🍭Kẹo Mút Xốp,20000,1
VNITE20251210014836105476,Trà Me Muối Ớt (L),VNCAT2025121001483672601,TRÀ TRÁI CÂY,79000,1,,,VNMOG2026063019062792408,TOPPINGS NƯỚC SIZE L,0,14,VNMOD20260630190628033861,☕️Thạch Cafe,20000,1
VNITE20251210014836105476,Trà Me Muối Ớt (L),VNCAT2025121001483672601,TRÀ TRÁI CÂY,79000,1,,,VNMOG2026063019062792408,TOPPINGS NƯỚC SIZE L,0,14,VNMOD20260630190628046181,🍑Thạch Dừa Vị Đào,20000,1
VNITE20251210014836105476,Trà Me Muối Ớt (L),VNCAT2025121001483672601,TRÀ TRÁI CÂY,79000,1,,,VNMOG2026063019062792408,TOPPINGS NƯỚC SIZE L,0,14,VNMOD20260630190628057865,🩶Hạt Chia,15000,1
VNITE20251210014836105476,Trà Me Muối Ớt (L),VNCAT2025121001483672601,TRÀ TRÁI CÂY,79000,1,,,VNMOG2026063019062792408,TOPPINGS NƯỚC SIZE L,0,14,VNMOD20260630190628062501,🍑Mochi Đào,30000,1
VNITE20251210014836105476,Trà Me Muối Ớt (L),VNCAT2025121001483672601,TRÀ TRÁI CÂY,79000,1,,,VNMOG2026063019062792408,TOPPINGS NƯỚC SIZE L,0,14,VNMOD20260630190628075255,⚪️Khúc Bạch,35000,1
VNITE20251210014836105476,Trà Me Muối Ớt (L),VNCAT2025121001483672601,TRÀ TRÁI CÂY,79000,1,,,VNMOG2026063019062792408,TOPPINGS NƯỚC SIZE L,0,14,VNMOD20260630190628086001,🖤Sương Sáo,20000,1
VNITE20251210014836105476,Trà Me Muối Ớt (L),VNCAT2025121001483672601,TRÀ TRÁI CÂY,79000,1,,,VNMOG2026063019062792408,TOPPINGS NƯỚC SIZE L,0,14,VNMOD20260630190628097471,🍵Thạch Matcha,20000,1
VNITE20251210014836105476,Trà Me Muối Ớt (L),VNCAT2025121001483672601,TRÀ TRÁI CÂY,79000,1,,,VNMOG2026063019062792408,TOPPINGS NƯỚC SIZE L,0,14,VNMOD20260630190628109200,🍀Thạch Nha Đam,25000,1
VNITE20251210014836105476,Trà Me Muối Ớt (L),VNCAT2025121001483672601,TRÀ TRÁI CÂY,79000,1,,,VNMOG2026063019062792408,TOPPINGS NƯỚC SIZE L,0,14,VNMOD20260630190628119022,🧋Trân Châu Trắng,20000,1
VNITE20251210014836105476,Trà Me Muối Ớt (L),VNCAT2025121001483672601,TRÀ TRÁI CÂY,79000,1,,,VNMOG2026063019062792408,TOPPINGS NƯỚC SIZE L,0,14,VNMOD20260630190628120791,💜Hạt Nổ Khoai Môn,40000,1
VNITE20251210014836105476,Trà Me Muối Ớt (L),VNCAT2025121001483672601,TRÀ TRÁI CÂY,79000,1,,,VNMOG2026063019062792408,TOPPINGS NƯỚC SIZE L,0,14,VNMOD20260630190628134965,🍮Kem Flan,50000,1
VNITE20251210014836105476,Trà Me Muối Ớt (L),VNCAT2025121001483672601,TRÀ TRÁI CÂY,79000,1,,,VNMOG2026063019062792408,TOPPINGS NƯỚC SIZE L,0,14,VNMOD20260630190628148911,🧂Kem Muối,20000,1
VNITE20251210014836105476,Trà Me Muối Ớt (L),VNCAT2025121001483672601,TRÀ TRÁI CÂY,79000,1,,,VNMOG2026063018560291224,TRÂN CHÂU HẠT NỔ SIZE L,0,7,VNMOD20260630185602010509,🍈Trân Châu Nổ Dưa Lưới L,35000,1
VNITE20251210014836105476,Trà Me Muối Ớt (L),VNCAT2025121001483672601,TRÀ TRÁI CÂY,79000,1,,,VNMOG2026063018560291224,TRÂN CHÂU HẠT NỔ SIZE L,0,7,VNMOD20260701203137011333,🍇Trân Châu Nổ Nho L,35000,1
VNITE20251210014836105476,Trà Me Muối Ớt (L),VNCAT2025121001483672601,TRÀ TRÁI CÂY,79000,1,,,VNMOG2026063018560291224,TRÂN CHÂU HẠT NỔ SIZE L,0,7,VNMOD20260630185602024752,🫐Trân Châu Nổ Việt Quất L,35000,1
VNITE20251210014836105476,Trà Me Muối Ớt (L),VNCAT2025121001483672601,TRÀ TRÁI CÂY,79000,1,,,VNMOG2026063018560291224,TRÂN CHÂU HẠT NỔ SIZE L,0,7,VNMOD20260630185602039482,🍓Trân Châu Nổ Dâu Tây L,35000,1
VNITE20251210014836105476,Trà Me Muối Ớt (L),VNCAT2025121001483672601,TRÀ TRÁI CÂY,79000,1,,,VNMOG2026063018560291224,TRÂN CHÂU HẠT NỔ SIZE L,0,7,VNMOD20260701203137028578,🥝Trân Châu Nổ Kiwi L,35000,1
VNITE20251210014836105476,Trà Me Muối Ớt (L),VNCAT2025121001483672601,TRÀ TRÁI CÂY,79000,1,,,VNMOG2026063018560291224,TRÂN CHÂU HẠT NỔ SIZE L,0,7,VNMOD20260630185602041378,🍑Trân Châu Nổ Đào L,35000,1
VNITE20251210014836105476,Trà Me Muối Ớt (L),VNCAT2025121001483672601,TRÀ TRÁI CÂY,79000,1,,,VNMOG2026063018560291224,TRÂN CHÂU HẠT NỔ SIZE L,0,7,VNMOD20260630185602051732,🫙Trân Châu Nổ Sữa Chua L,35000,1
VNITE20251210014836105476,Trà Me Muối Ớt (L),VNCAT2025121001483672601,TRÀ TRÁI CÂY,79000,1,,,VNMOG2026010213141935691,MỨC ĐƯỜNG,1,1,VNMOD20260102131419014497,0% Sugar Level,0,1
VNITE20251210014836105476,Trà Me Muối Ớt (L),VNCAT2025121001483672601,TRÀ TRÁI CÂY,79000,1,,,VNMOG2026010213141935691,MỨC ĐƯỜNG,1,1,VNMOD20260102131419029122,25% Sugar Level,0,1
VNITE20251210014836105476,Trà Me Muối Ớt (L),VNCAT2025121001483672601,TRÀ TRÁI CÂY,79000,1,,,VNMOG2026010213141935691,MỨC ĐƯỜNG,1,1,VNMOD20260102131419033486,50% Sugar Level,0,1
VNITE20251210014836105476,Trà Me Muối Ớt (L),VNCAT2025121001483672601,TRÀ TRÁI CÂY,79000,1,,,VNMOG2026010213141935691,MỨC ĐƯỜNG,1,1,VNMOD20260102131419040560,75% Sugar Level,0,1
VNITE20251210014836105476,Trà Me Muối Ớt (L),VNCAT2025121001483672601,TRÀ TRÁI CÂY,79000,1,,,VNMOG2026010213141935691,MỨC ĐƯỜNG,1,1,VNMOD20260102131419052459,100% Sugar Level,0,1
VNITE20251210014836105476,Trà Me Muối Ớt (L),VNCAT2025121001483672601,TRÀ TRÁI CÂY,79000,1,,,VNMOG2026010213175723002,MỨC ĐÁ,1,1,VNMOD20260102131757039130,0% Đá,0,1
VNITE20251210014836105476,Trà Me Muối Ớt (L),VNCAT2025121001483672601,TRÀ TRÁI CÂY,79000,1,,,VNMOG2026010213175723002,MỨC ĐÁ,1,1,VNMOD20260102131757021927,50% Đá,0,1
VNITE20251210014836105476,Trà Me Muối Ớt (L),VNCAT2025121001483672601,TRÀ TRÁI CÂY,79000,1,,,VNMOG2026010213175723002,MỨC ĐÁ,1,1,VNMOD20260102131757017020,100% Đá,0,1
VNITE20251210014836105476,Trà Me Muối Ớt (L),VNCAT2025121001483672601,TRÀ TRÁI CÂY,79000,1,,,VNMOG2026010213175723002,MỨC ĐÁ,1,1,VNMOD20260102131757048225,Đá Riêng Đựng Túi Zip,5000,1
VNITE2026063018394715925,Trà Me Muối Ớt (M),VNCAT2025121001483672601,TRÀ TRÁI CÂY,69000,1,,,VNMOG2026010214381357793,TOPPINGS NƯỚC SIZE M,0,14,VNMOD20260728120859016081,🏐Nhãn Nhục,40000,1
VNITE2026063018394715925,Trà Me Muối Ớt (M),VNCAT2025121001483672601,TRÀ TRÁI CÂY,69000,1,,,VNMOG2026010214381357793,TOPPINGS NƯỚC SIZE M,0,14,VNMOD20260728120859024399,🍄Nấm Tuyết,30000,1
VNITE2026063018394715925,Trà Me Muối Ớt (M),VNCAT2025121001483672601,TRÀ TRÁI CÂY,69000,1,,,VNMOG2026010214381357793,TOPPINGS NƯỚC SIZE M,0,14,VNMOD20260728120859035219,🫗Nhựa Đào,30000,1
VNITE2026063018394715925,Trà Me Muối Ớt (M),VNCAT2025121001483672601,TRÀ TRÁI CÂY,69000,1,,,VNMOG2026010214381357793,TOPPINGS NƯỚC SIZE M,0,14,VNMOD20260525094214016070,🌼Vàng Lá,20000,1
VNITE2026063018394715925,Trà Me Muối Ớt (M),VNCAT2025121001483672601,TRÀ TRÁI CÂY,69000,1,,,VNMOG2026010214381357793,TOPPINGS NƯỚC SIZE M,0,14,VNMOD20260525094214029352,🍭Kẹo Mút Xốp,20000,1
VNITE2026063018394715925,Trà Me Muối Ớt (M),VNCAT2025121001483672601,TRÀ TRÁI CÂY,69000,1,,,VNMOG2026010214381357793,TOPPINGS NƯỚC SIZE M,0,14,VNMOD20260520121848014884,☕️Thạch Cafe,15000,1
VNITE2026063018394715925,Trà Me Muối Ớt (M),VNCAT2025121001483672601,TRÀ TRÁI CÂY,69000,1,,,VNMOG2026010214381357793,TOPPINGS NƯỚC SIZE M,0,14,VNMOD20260509171133012746,🍑Thạch Dừa Vị Đào,15000,1
VNITE2026063018394715925,Trà Me Muối Ớt (M),VNCAT2025121001483672601,TRÀ TRÁI CÂY,69000,1,,,VNMOG2026010214381357793,TOPPINGS NƯỚC SIZE M,0,14,VNMOD20260509171133025336,🩶Hạt Chia,10000,1
VNITE2026063018394715925,Trà Me Muối Ớt (M),VNCAT2025121001483672601,TRÀ TRÁI CÂY,69000,1,,,VNMOG2026010214381357793,TOPPINGS NƯỚC SIZE M,0,14,VNMOD20260520121848024526,🍑Mochi Đào,30000,1
VNITE2026063018394715925,Trà Me Muối Ớt (M),VNCAT2025121001483672601,TRÀ TRÁI CÂY,69000,1,,,VNMOG2026010214381357793,TOPPINGS NƯỚC SIZE M,0,14,VNMOD20260102143813012309,⚪️Khúc Bạch,30000,1
VNITE2026063018394715925,Trà Me Muối Ớt (M),VNCAT2025121001483672601,TRÀ TRÁI CÂY,69000,1,,,VNMOG2026010214381357793,TOPPINGS NƯỚC SIZE M,0,14,VNMOD20260102143813021051,🖤Sương Sáo,15000,1
VNITE2026063018394715925,Trà Me Muối Ớt (M),VNCAT2025121001483672601,TRÀ TRÁI CÂY,69000,1,,,VNMOG2026010214381357793,TOPPINGS NƯỚC SIZE M,0,14,VNMOD20260102143813035207,🍵Thạch Matcha,15000,1
VNITE2026063018394715925,Trà Me Muối Ớt (M),VNCAT2025121001483672601,TRÀ TRÁI CÂY,69000,1,,,VNMOG2026010214381357793,TOPPINGS NƯỚC SIZE M,0,14,VNMOD20260102143813047639,🍀Thạch Nha Đam,20000,1
VNITE2026063018394715925,Trà Me Muối Ớt (M),VNCAT2025121001483672601,TRÀ TRÁI CÂY,69000,1,,,VNMOG2026010214381357793,TOPPINGS NƯỚC SIZE M,0,14,VNMOD20260102143813069685,🫧Trân Châu Trắng,15000,1
VNITE2026063018394715925,Trà Me Muối Ớt (M),VNCAT2025121001483672601,TRÀ TRÁI CÂY,69000,1,,,VNMOG2026010214381357793,TOPPINGS NƯỚC SIZE M,0,14,VNMOD20260128094817012683,💜Hạt Nổ Khoai Môn,30000,1
VNITE2026063018394715925,Trà Me Muối Ớt (M),VNCAT2025121001483672601,TRÀ TRÁI CÂY,69000,1,,,VNMOG2026010214381357793,TOPPINGS NƯỚC SIZE M,0,14,VNMOD20260102143813118751,🍮Kem Flan,50000,1
VNITE2026063018394715925,Trà Me Muối Ớt (M),VNCAT2025121001483672601,TRÀ TRÁI CÂY,69000,1,,,VNMOG2026010214381357793,TOPPINGS NƯỚC SIZE M,0,14,VNMOD20260102143813120730,🧂Kem Muối,15000,1
VNITE2026063018394715925,Trà Me Muối Ớt (M),VNCAT2025121001483672601,TRÀ TRÁI CÂY,69000,1,,,VNMOG2026040205120434503,TRÂN CHÂU HẠT NỔ SIZE M,0,7,VNMOD20260509171054013175,🍈Trân Châu Nổ Dưa Lưới M,25000,1
VNITE2026063018394715925,Trà Me Muối Ớt (M),VNCAT2025121001483672601,TRÀ TRÁI CÂY,69000,1,,,VNMOG2026040205120434503,TRÂN CHÂU HẠT NỔ SIZE M,0,7,VNMOD20260509171054029404,🥝Trân Châu Nổ Kiwi M,25000,1
VNITE2026063018394715925,Trà Me Muối Ớt (M),VNCAT2025121001483672601,TRÀ TRÁI CÂY,69000,1,,,VNMOG2026040205120434503,TRÂN CHÂU HẠT NỔ SIZE M,0,7,VNMOD20260402051204015377,🍇Trân Châu Nổ Nho M,25000,1
VNITE2026063018394715925,Trà Me Muối Ớt (M),VNCAT2025121001483672601,TRÀ TRÁI CÂY,69000,1,,,VNMOG2026040205120434503,TRÂN CHÂU HẠT NỔ SIZE M,0,7,VNMOD20260402051204027788,🫐Trân Châu Nổ Việt Quất M,25000,1
VNITE2026063018394715925,Trà Me Muối Ớt (M),VNCAT2025121001483672601,TRÀ TRÁI CÂY,69000,1,,,VNMOG2026040205120434503,TRÂN CHÂU HẠT NỔ SIZE M,0,7,VNMOD20260402051204039633,🍓Trân Châu Nổ Dâu Tây M,25000,1
VNITE2026063018394715925,Trà Me Muối Ớt (M),VNCAT2025121001483672601,TRÀ TRÁI CÂY,69000,1,,,VNMOG2026040205120434503,TRÂN CHÂU HẠT NỔ SIZE M,0,7,VNMOD20260402051204042483,🍑Trân Châu Nổ Đào M,25000,1
VNITE2026063018394715925,Trà Me Muối Ớt (M),VNCAT2025121001483672601,TRÀ TRÁI CÂY,69000,1,,,VNMOG2026040205120434503,TRÂN CHÂU HẠT NỔ SIZE M,0,7,VNMOD20260402051204050121,🫙Trân Châu Nổ Sữa Chua M,25000,1
VNITE2026063018394715925,Trà Me Muối Ớt (M),VNCAT2025121001483672601,TRÀ TRÁI CÂY,69000,1,,,VNMOG2026010213175723002,MỨC ĐÁ,1,1,VNMOD20260102131757039130,0% Đá,0,1
VNITE2026063018394715925,Trà Me Muối Ớt (M),VNCAT2025121001483672601,TRÀ TRÁI CÂY,69000,1,,,VNMOG2026010213175723002,MỨC ĐÁ,1,1,VNMOD20260102131757021927,50% Đá,0,1
VNITE2026063018394715925,Trà Me Muối Ớt (M),VNCAT2025121001483672601,TRÀ TRÁI CÂY,69000,1,,,VNMOG2026010213175723002,MỨC ĐÁ,1,1,VNMOD20260102131757017020,100% Đá,0,1
VNITE2026063018394715925,Trà Me Muối Ớt (M),VNCAT2025121001483672601,TRÀ TRÁI CÂY,69000,1,,,VNMOG2026010213175723002,MỨC ĐÁ,1,1,VNMOD20260102131757048225,Đá Riêng Đựng Túi Zip,5000,1
VNITE2026063018394715925,Trà Me Muối Ớt (M),VNCAT2025121001483672601,TRÀ TRÁI CÂY,69000,1,,,VNMOG2026010213141935691,MỨC ĐƯỜNG,1,1,VNMOD20260102131419014497,0% Sugar Level,0,1
VNITE2026063018394715925,Trà Me Muối Ớt (M),VNCAT2025121001483672601,TRÀ TRÁI CÂY,69000,1,,,VNMOG2026010213141935691,MỨC ĐƯỜNG,1,1,VNMOD20260102131419029122,25% Sugar Level,0,1
VNITE2026063018394715925,Trà Me Muối Ớt (M),VNCAT2025121001483672601,TRÀ TRÁI CÂY,69000,1,,,VNMOG2026010213141935691,MỨC ĐƯỜNG,1,1,VNMOD20260102131419033486,50% Sugar Level,0,1
VNITE2026063018394715925,Trà Me Muối Ớt (M),VNCAT2025121001483672601,TRÀ TRÁI CÂY,69000,1,,,VNMOG2026010213141935691,MỨC ĐƯỜNG,1,1,VNMOD20260102131419040560,75% Sugar Level,0,1
VNITE2026063018394715925,Trà Me Muối Ớt (M),VNCAT2025121001483672601,TRÀ TRÁI CÂY,69000,1,,,VNMOG2026010213141935691,MỨC ĐƯỜNG,1,1,VNMOD20260102131419052459,100% Sugar Level,0,1
VNITE20251210014836073953,Trà Dâu Lựu (L),VNCAT2025121001483672601,TRÀ TRÁI CÂY,69000,1,,,VNMOG2026063019062792408,TOPPINGS NƯỚC SIZE L,0,14,VNMOD20260728120958018426,🫗Nhựa Đào,40000,1
VNITE20251210014836073953,Trà Dâu Lựu (L),VNCAT2025121001483672601,TRÀ TRÁI CÂY,69000,1,,,VNMOG2026063019062792408,TOPPINGS NƯỚC SIZE L,0,14,VNMOD20260728120958024241,🍄Nấm Tuyết,40000,1
VNITE20251210014836073953,Trà Dâu Lựu (L),VNCAT2025121001483672601,TRÀ TRÁI CÂY,69000,1,,,VNMOG2026063019062792408,TOPPINGS NƯỚC SIZE L,0,14,VNMOD20260728120958033950,🏐Nhãn Nhục,50000,1
VNITE20251210014836073953,Trà Dâu Lựu (L),VNCAT2025121001483672601,TRÀ TRÁI CÂY,69000,1,,,VNMOG2026063019062792408,TOPPINGS NƯỚC SIZE L,0,14,VNMOD20260630190628016741,🌼Vàng Lá,20000,1
VNITE20251210014836073953,Trà Dâu Lựu (L),VNCAT2025121001483672601,TRÀ TRÁI CÂY,69000,1,,,VNMOG2026063019062792408,TOPPINGS NƯỚC SIZE L,0,14,VNMOD20260630190628024121,🍭Kẹo Mút Xốp,20000,1
VNITE20251210014836073953,Trà Dâu Lựu (L),VNCAT2025121001483672601,TRÀ TRÁI CÂY,69000,1,,,VNMOG2026063019062792408,TOPPINGS NƯỚC SIZE L,0,14,VNMOD20260630190628033861,☕️Thạch Cafe,20000,1
VNITE20251210014836073953,Trà Dâu Lựu (L),VNCAT2025121001483672601,TRÀ TRÁI CÂY,69000,1,,,VNMOG2026063019062792408,TOPPINGS NƯỚC SIZE L,0,14,VNMOD20260630190628046181,🍑Thạch Dừa Vị Đào,20000,1
VNITE20251210014836073953,Trà Dâu Lựu (L),VNCAT2025121001483672601,TRÀ TRÁI CÂY,69000,1,,,VNMOG2026063019062792408,TOPPINGS NƯỚC SIZE L,0,14,VNMOD20260630190628057865,🩶Hạt Chia,15000,1
VNITE20251210014836073953,Trà Dâu Lựu (L),VNCAT2025121001483672601,TRÀ TRÁI CÂY,69000,1,,,VNMOG2026063019062792408,TOPPINGS NƯỚC SIZE L,0,14,VNMOD20260630190628062501,🍑Mochi Đào,30000,1
VNITE20251210014836073953,Trà Dâu Lựu (L),VNCAT2025121001483672601,TRÀ TRÁI CÂY,69000,1,,,VNMOG2026063019062792408,TOPPINGS NƯỚC SIZE L,0,14,VNMOD20260630190628075255,⚪️Khúc Bạch,35000,1
VNITE20251210014836073953,Trà Dâu Lựu (L),VNCAT2025121001483672601,TRÀ TRÁI CÂY,69000,1,,,VNMOG2026063019062792408,TOPPINGS NƯỚC SIZE L,0,14,VNMOD20260630190628086001,🖤Sương Sáo,20000,1
VNITE20251210014836073953,Trà Dâu Lựu (L),VNCAT2025121001483672601,TRÀ TRÁI CÂY,69000,1,,,VNMOG2026063019062792408,TOPPINGS NƯỚC SIZE L,0,14,VNMOD20260630190628097471,🍵Thạch Matcha,20000,1
VNITE20251210014836073953,Trà Dâu Lựu (L),VNCAT2025121001483672601,TRÀ TRÁI CÂY,69000,1,,,VNMOG2026063019062792408,TOPPINGS NƯỚC SIZE L,0,14,VNMOD20260630190628109200,🍀Thạch Nha Đam,25000,1
VNITE20251210014836073953,Trà Dâu Lựu (L),VNCAT2025121001483672601,TRÀ TRÁI CÂY,69000,1,,,VNMOG2026063019062792408,TOPPINGS NƯỚC SIZE L,0,14,VNMOD20260630190628119022,🧋Trân Châu Trắng,20000,1
VNITE20251210014836073953,Trà Dâu Lựu (L),VNCAT2025121001483672601,TRÀ TRÁI CÂY,69000,1,,,VNMOG2026063019062792408,TOPPINGS NƯỚC SIZE L,0,14,VNMOD20260630190628120791,💜Hạt Nổ Khoai Môn,40000,1
VNITE20251210014836073953,Trà Dâu Lựu (L),VNCAT2025121001483672601,TRÀ TRÁI CÂY,69000,1,,,VNMOG2026063019062792408,TOPPINGS NƯỚC SIZE L,0,14,VNMOD20260630190628134965,🍮Kem Flan,50000,1
VNITE20251210014836073953,Trà Dâu Lựu (L),VNCAT2025121001483672601,TRÀ TRÁI CÂY,69000,1,,,VNMOG2026063019062792408,TOPPINGS NƯỚC SIZE L,0,14,VNMOD20260630190628148911,🧂Kem Muối,20000,1
VNITE20251210014836073953,Trà Dâu Lựu (L),VNCAT2025121001483672601,TRÀ TRÁI CÂY,69000,1,,,VNMOG2026063018560291224,TRÂN CHÂU HẠT NỔ SIZE L,0,7,VNMOD20260630185602010509,🍈Trân Châu Nổ Dưa Lưới L,35000,1
VNITE20251210014836073953,Trà Dâu Lựu (L),VNCAT2025121001483672601,TRÀ TRÁI CÂY,69000,1,,,VNMOG2026063018560291224,TRÂN CHÂU HẠT NỔ SIZE L,0,7,VNMOD20260701203137011333,🍇Trân Châu Nổ Nho L,35000,1
VNITE20251210014836073953,Trà Dâu Lựu (L),VNCAT2025121001483672601,TRÀ TRÁI CÂY,69000,1,,,VNMOG2026063018560291224,TRÂN CHÂU HẠT NỔ SIZE L,0,7,VNMOD20260630185602024752,🫐Trân Châu Nổ Việt Quất L,35000,1
VNITE20251210014836073953,Trà Dâu Lựu (L),VNCAT2025121001483672601,TRÀ TRÁI CÂY,69000,1,,,VNMOG2026063018560291224,TRÂN CHÂU HẠT NỔ SIZE L,0,7,VNMOD20260630185602039482,🍓Trân Châu Nổ Dâu Tây L,35000,1
VNITE20251210014836073953,Trà Dâu Lựu (L),VNCAT2025121001483672601,TRÀ TRÁI CÂY,69000,1,,,VNMOG2026063018560291224,TRÂN CHÂU HẠT NỔ SIZE L,0,7,VNMOD20260701203137028578,🥝Trân Châu Nổ Kiwi L,35000,1
VNITE20251210014836073953,Trà Dâu Lựu (L),VNCAT2025121001483672601,TRÀ TRÁI CÂY,69000,1,,,VNMOG2026063018560291224,TRÂN CHÂU HẠT NỔ SIZE L,0,7,VNMOD20260630185602041378,🍑Trân Châu Nổ Đào L,35000,1
VNITE20251210014836073953,Trà Dâu Lựu (L),VNCAT2025121001483672601,TRÀ TRÁI CÂY,69000,1,,,VNMOG2026063018560291224,TRÂN CHÂU HẠT NỔ SIZE L,0,7,VNMOD20260630185602051732,🫙Trân Châu Nổ Sữa Chua L,35000,1
VNITE20251210014836073953,Trà Dâu Lựu (L),VNCAT2025121001483672601,TRÀ TRÁI CÂY,69000,1,,,VNMOG2026010213141935691,MỨC ĐƯỜNG,1,1,VNMOD20260102131419014497,0% Sugar Level,0,1
VNITE20251210014836073953,Trà Dâu Lựu (L),VNCAT2025121001483672601,TRÀ TRÁI CÂY,69000,1,,,VNMOG2026010213141935691,MỨC ĐƯỜNG,1,1,VNMOD20260102131419029122,25% Sugar Level,0,1
VNITE20251210014836073953,Trà Dâu Lựu (L),VNCAT2025121001483672601,TRÀ TRÁI CÂY,69000,1,,,VNMOG2026010213141935691,MỨC ĐƯỜNG,1,1,VNMOD20260102131419033486,50% Sugar Level,0,1
VNITE20251210014836073953,Trà Dâu Lựu (L),VNCAT2025121001483672601,TRÀ TRÁI CÂY,69000,1,,,VNMOG2026010213141935691,MỨC ĐƯỜNG,1,1,VNMOD20260102131419040560,75% Sugar Level,0,1
VNITE20251210014836073953,Trà Dâu Lựu (L),VNCAT2025121001483672601,TRÀ TRÁI CÂY,69000,1,,,VNMOG2026010213141935691,MỨC ĐƯỜNG,1,1,VNMOD20260102131419052459,100% Sugar Level,0,1
VNITE20251210014836073953,Trà Dâu Lựu (L),VNCAT2025121001483672601,TRÀ TRÁI CÂY,69000,1,,,VNMOG2026010213175723002,MỨC ĐÁ,1,1,VNMOD20260102131757039130,0% Đá,0,1
VNITE20251210014836073953,Trà Dâu Lựu (L),VNCAT2025121001483672601,TRÀ TRÁI CÂY,69000,1,,,VNMOG2026010213175723002,MỨC ĐÁ,1,1,VNMOD20260102131757021927,50% Đá,0,1
VNITE20251210014836073953,Trà Dâu Lựu (L),VNCAT2025121001483672601,TRÀ TRÁI CÂY,69000,1,,,VNMOG2026010213175723002,MỨC ĐÁ,1,1,VNMOD20260102131757017020,100% Đá,0,1
VNITE20251210014836073953,Trà Dâu Lựu (L),VNCAT2025121001483672601,TRÀ TRÁI CÂY,69000,1,,,VNMOG2026010213175723002,MỨC ĐÁ,1,1,VNMOD20260102131757048225,Đá Riêng Đựng Túi Zip,5000,1
VNITE2026063018381385714,Trà Dâu Lựu (M),VNCAT2025121001483672601,TRÀ TRÁI CÂY,59000,1,,,VNMOG2026040205120434503,TRÂN CHÂU HẠT NỔ SIZE M,0,7,VNMOD20260509171054013175,🍈Trân Châu Nổ Dưa Lưới M,25000,1
VNITE2026063018381385714,Trà Dâu Lựu (M),VNCAT2025121001483672601,TRÀ TRÁI CÂY,59000,1,,,VNMOG2026040205120434503,TRÂN CHÂU HẠT NỔ SIZE M,0,7,VNMOD20260509171054029404,🥝Trân Châu Nổ Kiwi M,25000,1
VNITE2026063018381385714,Trà Dâu Lựu (M),VNCAT2025121001483672601,TRÀ TRÁI CÂY,59000,1,,,VNMOG2026040205120434503,TRÂN CHÂU HẠT NỔ SIZE M,0,7,VNMOD20260402051204015377,🍇Trân Châu Nổ Nho M,25000,1
VNITE2026063018381385714,Trà Dâu Lựu (M),VNCAT2025121001483672601,TRÀ TRÁI CÂY,59000,1,,,VNMOG2026040205120434503,TRÂN CHÂU HẠT NỔ SIZE M,0,7,VNMOD20260402051204027788,🫐Trân Châu Nổ Việt Quất M,25000,1
VNITE2026063018381385714,Trà Dâu Lựu (M),VNCAT2025121001483672601,TRÀ TRÁI CÂY,59000,1,,,VNMOG2026040205120434503,TRÂN CHÂU HẠT NỔ SIZE M,0,7,VNMOD20260402051204039633,🍓Trân Châu Nổ Dâu Tây M,25000,1
VNITE2026063018381385714,Trà Dâu Lựu (M),VNCAT2025121001483672601,TRÀ TRÁI CÂY,59000,1,,,VNMOG2026040205120434503,TRÂN CHÂU HẠT NỔ SIZE M,0,7,VNMOD20260402051204042483,🍑Trân Châu Nổ Đào M,25000,1
VNITE2026063018381385714,Trà Dâu Lựu (M),VNCAT2025121001483672601,TRÀ TRÁI CÂY,59000,1,,,VNMOG2026040205120434503,TRÂN CHÂU HẠT NỔ SIZE M,0,7,VNMOD20260402051204050121,🫙Trân Châu Nổ Sữa Chua M,25000,1
VNITE2026063018381385714,Trà Dâu Lựu (M),VNCAT2025121001483672601,TRÀ TRÁI CÂY,59000,1,,,VNMOG2026010214381357793,TOPPINGS NƯỚC SIZE M,0,14,VNMOD20260728120859016081,🏐Nhãn Nhục,40000,1
VNITE2026063018381385714,Trà Dâu Lựu (M),VNCAT2025121001483672601,TRÀ TRÁI CÂY,59000,1,,,VNMOG2026010214381357793,TOPPINGS NƯỚC SIZE M,0,14,VNMOD20260728120859024399,🍄Nấm Tuyết,30000,1
VNITE2026063018381385714,Trà Dâu Lựu (M),VNCAT2025121001483672601,TRÀ TRÁI CÂY,59000,1,,,VNMOG2026010214381357793,TOPPINGS NƯỚC SIZE M,0,14,VNMOD20260728120859035219,🫗Nhựa Đào,30000,1
VNITE2026063018381385714,Trà Dâu Lựu (M),VNCAT2025121001483672601,TRÀ TRÁI CÂY,59000,1,,,VNMOG2026010214381357793,TOPPINGS NƯỚC SIZE M,0,14,VNMOD20260525094214016070,🌼Vàng Lá,20000,1
VNITE2026063018381385714,Trà Dâu Lựu (M),VNCAT2025121001483672601,TRÀ TRÁI CÂY,59000,1,,,VNMOG2026010214381357793,TOPPINGS NƯỚC SIZE M,0,14,VNMOD20260525094214029352,🍭Kẹo Mút Xốp,20000,1
VNITE2026063018381385714,Trà Dâu Lựu (M),VNCAT2025121001483672601,TRÀ TRÁI CÂY,59000,1,,,VNMOG2026010214381357793,TOPPINGS NƯỚC SIZE M,0,14,VNMOD20260520121848014884,☕️Thạch Cafe,15000,1
VNITE2026063018381385714,Trà Dâu Lựu (M),VNCAT2025121001483672601,TRÀ TRÁI CÂY,59000,1,,,VNMOG2026010214381357793,TOPPINGS NƯỚC SIZE M,0,14,VNMOD20260509171133012746,🍑Thạch Dừa Vị Đào,15000,1
VNITE2026063018381385714,Trà Dâu Lựu (M),VNCAT2025121001483672601,TRÀ TRÁI CÂY,59000,1,,,VNMOG2026010214381357793,TOPPINGS NƯỚC SIZE M,0,14,VNMOD20260509171133025336,🩶Hạt Chia,10000,1
VNITE2026063018381385714,Trà Dâu Lựu (M),VNCAT2025121001483672601,TRÀ TRÁI CÂY,59000,1,,,VNMOG2026010214381357793,TOPPINGS NƯỚC SIZE M,0,14,VNMOD20260520121848024526,🍑Mochi Đào,30000,1
VNITE2026063018381385714,Trà Dâu Lựu (M),VNCAT2025121001483672601,TRÀ TRÁI CÂY,59000,1,,,VNMOG2026010214381357793,TOPPINGS NƯỚC SIZE M,0,14,VNMOD20260102143813012309,⚪️Khúc Bạch,30000,1
VNITE2026063018381385714,Trà Dâu Lựu (M),VNCAT2025121001483672601,TRÀ TRÁI CÂY,59000,1,,,VNMOG2026010214381357793,TOPPINGS NƯỚC SIZE M,0,14,VNMOD20260102143813021051,🖤Sương Sáo,15000,1
VNITE2026063018381385714,Trà Dâu Lựu (M),VNCAT2025121001483672601,TRÀ TRÁI CÂY,59000,1,,,VNMOG2026010214381357793,TOPPINGS NƯỚC SIZE M,0,14,VNMOD20260102143813035207,🍵Thạch Matcha,15000,1
VNITE2026063018381385714,Trà Dâu Lựu (M),VNCAT2025121001483672601,TRÀ TRÁI CÂY,59000,1,,,VNMOG2026010214381357793,TOPPINGS NƯỚC SIZE M,0,14,VNMOD20260102143813047639,🍀Thạch Nha Đam,20000,1
VNITE2026063018381385714,Trà Dâu Lựu (M),VNCAT2025121001483672601,TRÀ TRÁI CÂY,59000,1,,,VNMOG2026010214381357793,TOPPINGS NƯỚC SIZE M,0,14,VNMOD20260102143813069685,🫧Trân Châu Trắng,15000,1
VNITE2026063018381385714,Trà Dâu Lựu (M),VNCAT2025121001483672601,TRÀ TRÁI CÂY,59000,1,,,VNMOG2026010214381357793,TOPPINGS NƯỚC SIZE M,0,14,VNMOD20260128094817012683,💜Hạt Nổ Khoai Môn,30000,1
VNITE2026063018381385714,Trà Dâu Lựu (M),VNCAT2025121001483672601,TRÀ TRÁI CÂY,59000,1,,,VNMOG2026010214381357793,TOPPINGS NƯỚC SIZE M,0,14,VNMOD20260102143813118751,🍮Kem Flan,50000,1
VNITE2026063018381385714,Trà Dâu Lựu (M),VNCAT2025121001483672601,TRÀ TRÁI CÂY,59000,1,,,VNMOG2026010214381357793,TOPPINGS NƯỚC SIZE M,0,14,VNMOD20260102143813120730,🧂Kem Muối,15000,1
VNITE2026063018381385714,Trà Dâu Lựu (M),VNCAT2025121001483672601,TRÀ TRÁI CÂY,59000,1,,,VNMOG2026010213175723002,MỨC ĐÁ,1,1,VNMOD20260102131757039130,0% Đá,0,1
VNITE2026063018381385714,Trà Dâu Lựu (M),VNCAT2025121001483672601,TRÀ TRÁI CÂY,59000,1,,,VNMOG2026010213175723002,MỨC ĐÁ,1,1,VNMOD20260102131757021927,50% Đá,0,1
VNITE2026063018381385714,Trà Dâu Lựu (M),VNCAT2025121001483672601,TRÀ TRÁI CÂY,59000,1,,,VNMOG2026010213175723002,MỨC ĐÁ,1,1,VNMOD20260102131757017020,100% Đá,0,1
VNITE2026063018381385714,Trà Dâu Lựu (M),VNCAT2025121001483672601,TRÀ TRÁI CÂY,59000,1,,,VNMOG2026010213175723002,MỨC ĐÁ,1,1,VNMOD20260102131757048225,Đá Riêng Đựng Túi Zip,5000,1
VNITE2026063018381385714,Trà Dâu Lựu (M),VNCAT2025121001483672601,TRÀ TRÁI CÂY,59000,1,,,VNMOG2026010213141935691,MỨC ĐƯỜNG,1,1,VNMOD20260102131419014497,0% Sugar Level,0,1
VNITE2026063018381385714,Trà Dâu Lựu (M),VNCAT2025121001483672601,TRÀ TRÁI CÂY,59000,1,,,VNMOG2026010213141935691,MỨC ĐƯỜNG,1,1,VNMOD20260102131419029122,25% Sugar Level,0,1
VNITE2026063018381385714,Trà Dâu Lựu (M),VNCAT2025121001483672601,TRÀ TRÁI CÂY,59000,1,,,VNMOG2026010213141935691,MỨC ĐƯỜNG,1,1,VNMOD20260102131419033486,50% Sugar Level,0,1
VNITE2026063018381385714,Trà Dâu Lựu (M),VNCAT2025121001483672601,TRÀ TRÁI CÂY,59000,1,,,VNMOG2026010213141935691,MỨC ĐƯỜNG,1,1,VNMOD20260102131419040560,75% Sugar Level,0,1
VNITE2026063018381385714,Trà Dâu Lựu (M),VNCAT2025121001483672601,TRÀ TRÁI CÂY,59000,1,,,VNMOG2026010213141935691,MỨC ĐƯỜNG,1,1,VNMOD20260102131419052459,100% Sugar Level,0,1
VNITE20251210014836029990,Trà Bưởi Đỏ (L),VNCAT2025121001483672601,TRÀ TRÁI CÂY,69000,1,,,VNMOG2026063019062792408,TOPPINGS NƯỚC SIZE L,0,14,VNMOD20260728120958018426,🫗Nhựa Đào,40000,1
VNITE20251210014836029990,Trà Bưởi Đỏ (L),VNCAT2025121001483672601,TRÀ TRÁI CÂY,69000,1,,,VNMOG2026063019062792408,TOPPINGS NƯỚC SIZE L,0,14,VNMOD20260728120958024241,🍄Nấm Tuyết,40000,1
VNITE20251210014836029990,Trà Bưởi Đỏ (L),VNCAT2025121001483672601,TRÀ TRÁI CÂY,69000,1,,,VNMOG2026063019062792408,TOPPINGS NƯỚC SIZE L,0,14,VNMOD20260728120958033950,🏐Nhãn Nhục,50000,1
VNITE20251210014836029990,Trà Bưởi Đỏ (L),VNCAT2025121001483672601,TRÀ TRÁI CÂY,69000,1,,,VNMOG2026063019062792408,TOPPINGS NƯỚC SIZE L,0,14,VNMOD20260630190628016741,🌼Vàng Lá,20000,1
VNITE20251210014836029990,Trà Bưởi Đỏ (L),VNCAT2025121001483672601,TRÀ TRÁI CÂY,69000,1,,,VNMOG2026063019062792408,TOPPINGS NƯỚC SIZE L,0,14,VNMOD20260630190628024121,🍭Kẹo Mút Xốp,20000,1
VNITE20251210014836029990,Trà Bưởi Đỏ (L),VNCAT2025121001483672601,TRÀ TRÁI CÂY,69000,1,,,VNMOG2026063019062792408,TOPPINGS NƯỚC SIZE L,0,14,VNMOD20260630190628033861,☕️Thạch Cafe,20000,1
VNITE20251210014836029990,Trà Bưởi Đỏ (L),VNCAT2025121001483672601,TRÀ TRÁI CÂY,69000,1,,,VNMOG2026063019062792408,TOPPINGS NƯỚC SIZE L,0,14,VNMOD20260630190628046181,🍑Thạch Dừa Vị Đào,20000,1
VNITE20251210014836029990,Trà Bưởi Đỏ (L),VNCAT2025121001483672601,TRÀ TRÁI CÂY,69000,1,,,VNMOG2026063019062792408,TOPPINGS NƯỚC SIZE L,0,14,VNMOD20260630190628057865,🩶Hạt Chia,15000,1
VNITE20251210014836029990,Trà Bưởi Đỏ (L),VNCAT2025121001483672601,TRÀ TRÁI CÂY,69000,1,,,VNMOG2026063019062792408,TOPPINGS NƯỚC SIZE L,0,14,VNMOD20260630190628062501,🍑Mochi Đào,30000,1
VNITE20251210014836029990,Trà Bưởi Đỏ (L),VNCAT2025121001483672601,TRÀ TRÁI CÂY,69000,1,,,VNMOG2026063019062792408,TOPPINGS NƯỚC SIZE L,0,14,VNMOD20260630190628075255,⚪️Khúc Bạch,35000,1
VNITE20251210014836029990,Trà Bưởi Đỏ (L),VNCAT2025121001483672601,TRÀ TRÁI CÂY,69000,1,,,VNMOG2026063019062792408,TOPPINGS NƯỚC SIZE L,0,14,VNMOD20260630190628086001,🖤Sương Sáo,20000,1
VNITE20251210014836029990,Trà Bưởi Đỏ (L),VNCAT2025121001483672601,TRÀ TRÁI CÂY,69000,1,,,VNMOG2026063019062792408,TOPPINGS NƯỚC SIZE L,0,14,VNMOD20260630190628097471,🍵Thạch Matcha,20000,1
VNITE20251210014836029990,Trà Bưởi Đỏ (L),VNCAT2025121001483672601,TRÀ TRÁI CÂY,69000,1,,,VNMOG2026063019062792408,TOPPINGS NƯỚC SIZE L,0,14,VNMOD20260630190628109200,🍀Thạch Nha Đam,25000,1
VNITE20251210014836029990,Trà Bưởi Đỏ (L),VNCAT2025121001483672601,TRÀ TRÁI CÂY,69000,1,,,VNMOG2026063019062792408,TOPPINGS NƯỚC SIZE L,0,14,VNMOD20260630190628119022,🧋Trân Châu Trắng,20000,1
VNITE20251210014836029990,Trà Bưởi Đỏ (L),VNCAT2025121001483672601,TRÀ TRÁI CÂY,69000,1,,,VNMOG2026063019062792408,TOPPINGS NƯỚC SIZE L,0,14,VNMOD20260630190628120791,💜Hạt Nổ Khoai Môn,40000,1
VNITE20251210014836029990,Trà Bưởi Đỏ (L),VNCAT2025121001483672601,TRÀ TRÁI CÂY,69000,1,,,VNMOG2026063019062792408,TOPPINGS NƯỚC SIZE L,0,14,VNMOD20260630190628134965,🍮Kem Flan,50000,1
VNITE20251210014836029990,Trà Bưởi Đỏ (L),VNCAT2025121001483672601,TRÀ TRÁI CÂY,69000,1,,,VNMOG2026063019062792408,TOPPINGS NƯỚC SIZE L,0,14,VNMOD20260630190628148911,🧂Kem Muối,20000,1
VNITE20251210014836029990,Trà Bưởi Đỏ (L),VNCAT2025121001483672601,TRÀ TRÁI CÂY,69000,1,,,VNMOG2026063018560291224,TRÂN CHÂU HẠT NỔ SIZE L,0,7,VNMOD20260630185602010509,🍈Trân Châu Nổ Dưa Lưới L,35000,1
VNITE20251210014836029990,Trà Bưởi Đỏ (L),VNCAT2025121001483672601,TRÀ TRÁI CÂY,69000,1,,,VNMOG2026063018560291224,TRÂN CHÂU HẠT NỔ SIZE L,0,7,VNMOD20260701203137011333,🍇Trân Châu Nổ Nho L,35000,1
VNITE20251210014836029990,Trà Bưởi Đỏ (L),VNCAT2025121001483672601,TRÀ TRÁI CÂY,69000,1,,,VNMOG2026063018560291224,TRÂN CHÂU HẠT NỔ SIZE L,0,7,VNMOD20260630185602024752,🫐Trân Châu Nổ Việt Quất L,35000,1
VNITE20251210014836029990,Trà Bưởi Đỏ (L),VNCAT2025121001483672601,TRÀ TRÁI CÂY,69000,1,,,VNMOG2026063018560291224,TRÂN CHÂU HẠT NỔ SIZE L,0,7,VNMOD20260630185602039482,🍓Trân Châu Nổ Dâu Tây L,35000,1
VNITE20251210014836029990,Trà Bưởi Đỏ (L),VNCAT2025121001483672601,TRÀ TRÁI CÂY,69000,1,,,VNMOG2026063018560291224,TRÂN CHÂU HẠT NỔ SIZE L,0,7,VNMOD20260701203137028578,🥝Trân Châu Nổ Kiwi L,35000,1
VNITE20251210014836029990,Trà Bưởi Đỏ (L),VNCAT2025121001483672601,TRÀ TRÁI CÂY,69000,1,,,VNMOG2026063018560291224,TRÂN CHÂU HẠT NỔ SIZE L,0,7,VNMOD20260630185602041378,🍑Trân Châu Nổ Đào L,35000,1
VNITE20251210014836029990,Trà Bưởi Đỏ (L),VNCAT2025121001483672601,TRÀ TRÁI CÂY,69000,1,,,VNMOG2026063018560291224,TRÂN CHÂU HẠT NỔ SIZE L,0,7,VNMOD20260630185602051732,🫙Trân Châu Nổ Sữa Chua L,35000,1
VNITE20251210014836029990,Trà Bưởi Đỏ (L),VNCAT2025121001483672601,TRÀ TRÁI CÂY,69000,1,,,VNMOG2026010213141935691,MỨC ĐƯỜNG,1,1,VNMOD20260102131419014497,0% Sugar Level,0,1
VNITE20251210014836029990,Trà Bưởi Đỏ (L),VNCAT2025121001483672601,TRÀ TRÁI CÂY,69000,1,,,VNMOG2026010213141935691,MỨC ĐƯỜNG,1,1,VNMOD20260102131419029122,25% Sugar Level,0,1
VNITE20251210014836029990,Trà Bưởi Đỏ (L),VNCAT2025121001483672601,TRÀ TRÁI CÂY,69000,1,,,VNMOG2026010213141935691,MỨC ĐƯỜNG,1,1,VNMOD20260102131419033486,50% Sugar Level,0,1
VNITE20251210014836029990,Trà Bưởi Đỏ (L),VNCAT2025121001483672601,TRÀ TRÁI CÂY,69000,1,,,VNMOG2026010213141935691,MỨC ĐƯỜNG,1,1,VNMOD20260102131419040560,75% Sugar Level,0,1
VNITE20251210014836029990,Trà Bưởi Đỏ (L),VNCAT2025121001483672601,TRÀ TRÁI CÂY,69000,1,,,VNMOG2026010213141935691,MỨC ĐƯỜNG,1,1,VNMOD20260102131419052459,100% Sugar Level,0,1
VNITE20251210014836029990,Trà Bưởi Đỏ (L),VNCAT2025121001483672601,TRÀ TRÁI CÂY,69000,1,,,VNMOG2026010213175723002,MỨC ĐÁ,1,1,VNMOD20260102131757039130,0% Đá,0,1
VNITE20251210014836029990,Trà Bưởi Đỏ (L),VNCAT2025121001483672601,TRÀ TRÁI CÂY,69000,1,,,VNMOG2026010213175723002,MỨC ĐÁ,1,1,VNMOD20260102131757021927,50% Đá,0,1
VNITE20251210014836029990,Trà Bưởi Đỏ (L),VNCAT2025121001483672601,TRÀ TRÁI CÂY,69000,1,,,VNMOG2026010213175723002,MỨC ĐÁ,1,1,VNMOD20260102131757017020,100% Đá,0,1
VNITE20251210014836029990,Trà Bưởi Đỏ (L),VNCAT2025121001483672601,TRÀ TRÁI CÂY,69000,1,,,VNMOG2026010213175723002,MỨC ĐÁ,1,1,VNMOD20260102131757048225,Đá Riêng Đựng Túi Zip,5000,1
VNITE2026063018391066963,Trà Bưởi Đỏ (M),VNCAT2025121001483672601,TRÀ TRÁI CÂY,59000,1,,,VNMOG2026040205120434503,TRÂN CHÂU HẠT NỔ SIZE M,0,7,VNMOD20260509171054013175,🍈Trân Châu Nổ Dưa Lưới M,25000,1
VNITE2026063018391066963,Trà Bưởi Đỏ (M),VNCAT2025121001483672601,TRÀ TRÁI CÂY,59000,1,,,VNMOG2026040205120434503,TRÂN CHÂU HẠT NỔ SIZE M,0,7,VNMOD20260509171054029404,🥝Trân Châu Nổ Kiwi M,25000,1
VNITE2026063018391066963,Trà Bưởi Đỏ (M),VNCAT2025121001483672601,TRÀ TRÁI CÂY,59000,1,,,VNMOG2026040205120434503,TRÂN CHÂU HẠT NỔ SIZE M,0,7,VNMOD20260402051204015377,🍇Trân Châu Nổ Nho M,25000,1
VNITE2026063018391066963,Trà Bưởi Đỏ (M),VNCAT2025121001483672601,TRÀ TRÁI CÂY,59000,1,,,VNMOG2026040205120434503,TRÂN CHÂU HẠT NỔ SIZE M,0,7,VNMOD20260402051204027788,🫐Trân Châu Nổ Việt Quất M,25000,1
VNITE2026063018391066963,Trà Bưởi Đỏ (M),VNCAT2025121001483672601,TRÀ TRÁI CÂY,59000,1,,,VNMOG2026040205120434503,TRÂN CHÂU HẠT NỔ SIZE M,0,7,VNMOD20260402051204039633,🍓Trân Châu Nổ Dâu Tây M,25000,1
VNITE2026063018391066963,Trà Bưởi Đỏ (M),VNCAT2025121001483672601,TRÀ TRÁI CÂY,59000,1,,,VNMOG2026040205120434503,TRÂN CHÂU HẠT NỔ SIZE M,0,7,VNMOD20260402051204042483,🍑Trân Châu Nổ Đào M,25000,1
VNITE2026063018391066963,Trà Bưởi Đỏ (M),VNCAT2025121001483672601,TRÀ TRÁI CÂY,59000,1,,,VNMOG2026040205120434503,TRÂN CHÂU HẠT NỔ SIZE M,0,7,VNMOD20260402051204050121,🫙Trân Châu Nổ Sữa Chua M,25000,1
VNITE2026063018391066963,Trà Bưởi Đỏ (M),VNCAT2025121001483672601,TRÀ TRÁI CÂY,59000,1,,,VNMOG2026010214381357793,TOPPINGS NƯỚC SIZE M,0,14,VNMOD20260728120859016081,🏐Nhãn Nhục,40000,1
VNITE2026063018391066963,Trà Bưởi Đỏ (M),VNCAT2025121001483672601,TRÀ TRÁI CÂY,59000,1,,,VNMOG2026010214381357793,TOPPINGS NƯỚC SIZE M,0,14,VNMOD20260728120859024399,🍄Nấm Tuyết,30000,1
VNITE2026063018391066963,Trà Bưởi Đỏ (M),VNCAT2025121001483672601,TRÀ TRÁI CÂY,59000,1,,,VNMOG2026010214381357793,TOPPINGS NƯỚC SIZE M,0,14,VNMOD20260728120859035219,🫗Nhựa Đào,30000,1
VNITE2026063018391066963,Trà Bưởi Đỏ (M),VNCAT2025121001483672601,TRÀ TRÁI CÂY,59000,1,,,VNMOG2026010214381357793,TOPPINGS NƯỚC SIZE M,0,14,VNMOD20260525094214016070,🌼Vàng Lá,20000,1
VNITE2026063018391066963,Trà Bưởi Đỏ (M),VNCAT2025121001483672601,TRÀ TRÁI CÂY,59000,1,,,VNMOG2026010214381357793,TOPPINGS NƯỚC SIZE M,0,14,VNMOD20260525094214029352,🍭Kẹo Mút Xốp,20000,1
VNITE2026063018391066963,Trà Bưởi Đỏ (M),VNCAT2025121001483672601,TRÀ TRÁI CÂY,59000,1,,,VNMOG2026010214381357793,TOPPINGS NƯỚC SIZE M,0,14,VNMOD20260520121848014884,☕️Thạch Cafe,15000,1
VNITE2026063018391066963,Trà Bưởi Đỏ (M),VNCAT2025121001483672601,TRÀ TRÁI CÂY,59000,1,,,VNMOG2026010214381357793,TOPPINGS NƯỚC SIZE M,0,14,VNMOD20260509171133012746,🍑Thạch Dừa Vị Đào,15000,1
VNITE2026063018391066963,Trà Bưởi Đỏ (M),VNCAT2025121001483672601,TRÀ TRÁI CÂY,59000,1,,,VNMOG2026010214381357793,TOPPINGS NƯỚC SIZE M,0,14,VNMOD20260509171133025336,🩶Hạt Chia,10000,1
VNITE2026063018391066963,Trà Bưởi Đỏ (M),VNCAT2025121001483672601,TRÀ TRÁI CÂY,59000,1,,,VNMOG2026010214381357793,TOPPINGS NƯỚC SIZE M,0,14,VNMOD20260520121848024526,🍑Mochi Đào,30000,1
VNITE2026063018391066963,Trà Bưởi Đỏ (M),VNCAT2025121001483672601,TRÀ TRÁI CÂY,59000,1,,,VNMOG2026010214381357793,TOPPINGS NƯỚC SIZE M,0,14,VNMOD20260102143813012309,⚪️Khúc Bạch,30000,1
VNITE2026063018391066963,Trà Bưởi Đỏ (M),VNCAT2025121001483672601,TRÀ TRÁI CÂY,59000,1,,,VNMOG2026010214381357793,TOPPINGS NƯỚC SIZE M,0,14,VNMOD20260102143813021051,🖤Sương Sáo,15000,1
VNITE2026063018391066963,Trà Bưởi Đỏ (M),VNCAT2025121001483672601,TRÀ TRÁI CÂY,59000,1,,,VNMOG2026010214381357793,TOPPINGS NƯỚC SIZE M,0,14,VNMOD20260102143813035207,🍵Thạch Matcha,15000,1
VNITE2026063018391066963,Trà Bưởi Đỏ (M),VNCAT2025121001483672601,TRÀ TRÁI CÂY,59000,1,,,VNMOG2026010214381357793,TOPPINGS NƯỚC SIZE M,0,14,VNMOD20260102143813047639,🍀Thạch Nha Đam,20000,1
VNITE2026063018391066963,Trà Bưởi Đỏ (M),VNCAT2025121001483672601,TRÀ TRÁI CÂY,59000,1,,,VNMOG2026010214381357793,TOPPINGS NƯỚC SIZE M,0,14,VNMOD20260102143813069685,🫧Trân Châu Trắng,15000,1
VNITE2026063018391066963,Trà Bưởi Đỏ (M),VNCAT2025121001483672601,TRÀ TRÁI CÂY,59000,1,,,VNMOG2026010214381357793,TOPPINGS NƯỚC SIZE M,0,14,VNMOD20260128094817012683,💜Hạt Nổ Khoai Môn,30000,1
VNITE2026063018391066963,Trà Bưởi Đỏ (M),VNCAT2025121001483672601,TRÀ TRÁI CÂY,59000,1,,,VNMOG2026010214381357793,TOPPINGS NƯỚC SIZE M,0,14,VNMOD20260102143813118751,🍮Kem Flan,50000,1
VNITE2026063018391066963,Trà Bưởi Đỏ (M),VNCAT2025121001483672601,TRÀ TRÁI CÂY,59000,1,,,VNMOG2026010214381357793,TOPPINGS NƯỚC SIZE M,0,14,VNMOD20260102143813120730,🧂Kem Muối,15000,1
VNITE2026063018391066963,Trà Bưởi Đỏ (M),VNCAT2025121001483672601,TRÀ TRÁI CÂY,59000,1,,,VNMOG2026010213175723002,MỨC ĐÁ,1,1,VNMOD20260102131757039130,0% Đá,0,1
VNITE2026063018391066963,Trà Bưởi Đỏ (M),VNCAT2025121001483672601,TRÀ TRÁI CÂY,59000,1,,,VNMOG2026010213175723002,MỨC ĐÁ,1,1,VNMOD20260102131757021927,50% Đá,0,1
VNITE2026063018391066963,Trà Bưởi Đỏ (M),VNCAT2025121001483672601,TRÀ TRÁI CÂY,59000,1,,,VNMOG2026010213175723002,MỨC ĐÁ,1,1,VNMOD20260102131757017020,100% Đá,0,1
VNITE2026063018391066963,Trà Bưởi Đỏ (M),VNCAT2025121001483672601,TRÀ TRÁI CÂY,59000,1,,,VNMOG2026010213175723002,MỨC ĐÁ,1,1,VNMOD20260102131757048225,Đá Riêng Đựng Túi Zip,5000,1
VNITE2026063018391066963,Trà Bưởi Đỏ (M),VNCAT2025121001483672601,TRÀ TRÁI CÂY,59000,1,,,VNMOG2026010213141935691,MỨC ĐƯỜNG,1,1,VNMOD20260102131419014497,0% Sugar Level,0,1
VNITE2026063018391066963,Trà Bưởi Đỏ (M),VNCAT2025121001483672601,TRÀ TRÁI CÂY,59000,1,,,VNMOG2026010213141935691,MỨC ĐƯỜNG,1,1,VNMOD20260102131419029122,25% Sugar Level,0,1
VNITE2026063018391066963,Trà Bưởi Đỏ (M),VNCAT2025121001483672601,TRÀ TRÁI CÂY,59000,1,,,VNMOG2026010213141935691,MỨC ĐƯỜNG,1,1,VNMOD20260102131419033486,50% Sugar Level,0,1
VNITE2026063018391066963,Trà Bưởi Đỏ (M),VNCAT2025121001483672601,TRÀ TRÁI CÂY,59000,1,,,VNMOG2026010213141935691,MỨC ĐƯỜNG,1,1,VNMOD20260102131419040560,75% Sugar Level,0,1
VNITE2026063018391066963,Trà Bưởi Đỏ (M),VNCAT2025121001483672601,TRÀ TRÁI CÂY,59000,1,,,VNMOG2026010213141935691,MỨC ĐƯỜNG,1,1,VNMOD20260102131419052459,100% Sugar Level,0,1
VNITE2025122901294874759,Trà Xoài (L),VNCAT2025121001483672601,TRÀ TRÁI CÂY,69000,1,,,VNMOG2026063019062792408,TOPPINGS NƯỚC SIZE L,0,14,VNMOD20260728120958018426,🫗Nhựa Đào,40000,1
VNITE2025122901294874759,Trà Xoài (L),VNCAT2025121001483672601,TRÀ TRÁI CÂY,69000,1,,,VNMOG2026063019062792408,TOPPINGS NƯỚC SIZE L,0,14,VNMOD20260728120958024241,🍄Nấm Tuyết,40000,1
VNITE2025122901294874759,Trà Xoài (L),VNCAT2025121001483672601,TRÀ TRÁI CÂY,69000,1,,,VNMOG2026063019062792408,TOPPINGS NƯỚC SIZE L,0,14,VNMOD20260728120958033950,🏐Nhãn Nhục,50000,1
VNITE2025122901294874759,Trà Xoài (L),VNCAT2025121001483672601,TRÀ TRÁI CÂY,69000,1,,,VNMOG2026063019062792408,TOPPINGS NƯỚC SIZE L,0,14,VNMOD20260630190628016741,🌼Vàng Lá,20000,1
VNITE2025122901294874759,Trà Xoài (L),VNCAT2025121001483672601,TRÀ TRÁI CÂY,69000,1,,,VNMOG2026063019062792408,TOPPINGS NƯỚC SIZE L,0,14,VNMOD20260630190628024121,🍭Kẹo Mút Xốp,20000,1
VNITE2025122901294874759,Trà Xoài (L),VNCAT2025121001483672601,TRÀ TRÁI CÂY,69000,1,,,VNMOG2026063019062792408,TOPPINGS NƯỚC SIZE L,0,14,VNMOD20260630190628033861,☕️Thạch Cafe,20000,1
VNITE2025122901294874759,Trà Xoài (L),VNCAT2025121001483672601,TRÀ TRÁI CÂY,69000,1,,,VNMOG2026063019062792408,TOPPINGS NƯỚC SIZE L,0,14,VNMOD20260630190628046181,🍑Thạch Dừa Vị Đào,20000,1
VNITE2025122901294874759,Trà Xoài (L),VNCAT2025121001483672601,TRÀ TRÁI CÂY,69000,1,,,VNMOG2026063019062792408,TOPPINGS NƯỚC SIZE L,0,14,VNMOD20260630190628057865,🩶Hạt Chia,15000,1
VNITE2025122901294874759,Trà Xoài (L),VNCAT2025121001483672601,TRÀ TRÁI CÂY,69000,1,,,VNMOG2026063019062792408,TOPPINGS NƯỚC SIZE L,0,14,VNMOD20260630190628062501,🍑Mochi Đào,30000,1
VNITE2025122901294874759,Trà Xoài (L),VNCAT2025121001483672601,TRÀ TRÁI CÂY,69000,1,,,VNMOG2026063019062792408,TOPPINGS NƯỚC SIZE L,0,14,VNMOD20260630190628075255,⚪️Khúc Bạch,35000,1
VNITE2025122901294874759,Trà Xoài (L),VNCAT2025121001483672601,TRÀ TRÁI CÂY,69000,1,,,VNMOG2026063019062792408,TOPPINGS NƯỚC SIZE L,0,14,VNMOD20260630190628086001,🖤Sương Sáo,20000,1
VNITE2025122901294874759,Trà Xoài (L),VNCAT2025121001483672601,TRÀ TRÁI CÂY,69000,1,,,VNMOG2026063019062792408,TOPPINGS NƯỚC SIZE L,0,14,VNMOD20260630190628097471,🍵Thạch Matcha,20000,1
VNITE2025122901294874759,Trà Xoài (L),VNCAT2025121001483672601,TRÀ TRÁI CÂY,69000,1,,,VNMOG2026063019062792408,TOPPINGS NƯỚC SIZE L,0,14,VNMOD20260630190628109200,🍀Thạch Nha Đam,25000,1
VNITE2025122901294874759,Trà Xoài (L),VNCAT2025121001483672601,TRÀ TRÁI CÂY,69000,1,,,VNMOG2026063019062792408,TOPPINGS NƯỚC SIZE L,0,14,VNMOD20260630190628119022,🧋Trân Châu Trắng,20000,1
VNITE2025122901294874759,Trà Xoài (L),VNCAT2025121001483672601,TRÀ TRÁI CÂY,69000,1,,,VNMOG2026063019062792408,TOPPINGS NƯỚC SIZE L,0,14,VNMOD20260630190628120791,💜Hạt Nổ Khoai Môn,40000,1
VNITE2025122901294874759,Trà Xoài (L),VNCAT2025121001483672601,TRÀ TRÁI CÂY,69000,1,,,VNMOG2026063019062792408,TOPPINGS NƯỚC SIZE L,0,14,VNMOD20260630190628134965,🍮Kem Flan,50000,1
VNITE2025122901294874759,Trà Xoài (L),VNCAT2025121001483672601,TRÀ TRÁI CÂY,69000,1,,,VNMOG2026063019062792408,TOPPINGS NƯỚC SIZE L,0,14,VNMOD20260630190628148911,🧂Kem Muối,20000,1
VNITE2025122901294874759,Trà Xoài (L),VNCAT2025121001483672601,TRÀ TRÁI CÂY,69000,1,,,VNMOG2026063018560291224,TRÂN CHÂU HẠT NỔ SIZE L,0,7,VNMOD20260630185602010509,🍈Trân Châu Nổ Dưa Lưới L,35000,1
VNITE2025122901294874759,Trà Xoài (L),VNCAT2025121001483672601,TRÀ TRÁI CÂY,69000,1,,,VNMOG2026063018560291224,TRÂN CHÂU HẠT NỔ SIZE L,0,7,VNMOD20260701203137011333,🍇Trân Châu Nổ Nho L,35000,1
VNITE2025122901294874759,Trà Xoài (L),VNCAT2025121001483672601,TRÀ TRÁI CÂY,69000,1,,,VNMOG2026063018560291224,TRÂN CHÂU HẠT NỔ SIZE L,0,7,VNMOD20260630185602024752,🫐Trân Châu Nổ Việt Quất L,35000,1
VNITE2025122901294874759,Trà Xoài (L),VNCAT2025121001483672601,TRÀ TRÁI CÂY,69000,1,,,VNMOG2026063018560291224,TRÂN CHÂU HẠT NỔ SIZE L,0,7,VNMOD20260630185602039482,🍓Trân Châu Nổ Dâu Tây L,35000,1
VNITE2025122901294874759,Trà Xoài (L),VNCAT2025121001483672601,TRÀ TRÁI CÂY,69000,1,,,VNMOG2026063018560291224,TRÂN CHÂU HẠT NỔ SIZE L,0,7,VNMOD20260701203137028578,🥝Trân Châu Nổ Kiwi L,35000,1
VNITE2025122901294874759,Trà Xoài (L),VNCAT2025121001483672601,TRÀ TRÁI CÂY,69000,1,,,VNMOG2026063018560291224,TRÂN CHÂU HẠT NỔ SIZE L,0,7,VNMOD20260630185602041378,🍑Trân Châu Nổ Đào L,35000,1
VNITE2025122901294874759,Trà Xoài (L),VNCAT2025121001483672601,TRÀ TRÁI CÂY,69000,1,,,VNMOG2026063018560291224,TRÂN CHÂU HẠT NỔ SIZE L,0,7,VNMOD20260630185602051732,🫙Trân Châu Nổ Sữa Chua L,35000,1
VNITE2025122901294874759,Trà Xoài (L),VNCAT2025121001483672601,TRÀ TRÁI CÂY,69000,1,,,VNMOG2026010213141935691,MỨC ĐƯỜNG,1,1,VNMOD20260102131419014497,0% Sugar Level,0,1
VNITE2025122901294874759,Trà Xoài (L),VNCAT2025121001483672601,TRÀ TRÁI CÂY,69000,1,,,VNMOG2026010213141935691,MỨC ĐƯỜNG,1,1,VNMOD20260102131419029122,25% Sugar Level,0,1
VNITE2025122901294874759,Trà Xoài (L),VNCAT2025121001483672601,TRÀ TRÁI CÂY,69000,1,,,VNMOG2026010213141935691,MỨC ĐƯỜNG,1,1,VNMOD20260102131419033486,50% Sugar Level,0,1
VNITE2025122901294874759,Trà Xoài (L),VNCAT2025121001483672601,TRÀ TRÁI CÂY,69000,1,,,VNMOG2026010213141935691,MỨC ĐƯỜNG,1,1,VNMOD20260102131419040560,75% Sugar Level,0,1
VNITE2025122901294874759,Trà Xoài (L),VNCAT2025121001483672601,TRÀ TRÁI CÂY,69000,1,,,VNMOG2026010213141935691,MỨC ĐƯỜNG,1,1,VNMOD20260102131419052459,100% Sugar Level,0,1
VNITE2025122901294874759,Trà Xoài (L),VNCAT2025121001483672601,TRÀ TRÁI CÂY,69000,1,,,VNMOG2026010213175723002,MỨC ĐÁ,1,1,VNMOD20260102131757039130,0% Đá,0,1
VNITE2025122901294874759,Trà Xoài (L),VNCAT2025121001483672601,TRÀ TRÁI CÂY,69000,1,,,VNMOG2026010213175723002,MỨC ĐÁ,1,1,VNMOD20260102131757021927,50% Đá,0,1
VNITE2025122901294874759,Trà Xoài (L),VNCAT2025121001483672601,TRÀ TRÁI CÂY,69000,1,,,VNMOG2026010213175723002,MỨC ĐÁ,1,1,VNMOD20260102131757017020,100% Đá,0,1
VNITE2025122901294874759,Trà Xoài (L),VNCAT2025121001483672601,TRÀ TRÁI CÂY,69000,1,,,VNMOG2026010213175723002,MỨC ĐÁ,1,1,VNMOD20260102131757048225,Đá Riêng Đựng Túi Zip,5000,1
VNITE2026063018433037860,Trà Xoài (M),VNCAT2025121001483672601,TRÀ TRÁI CÂY,59000,1,,,VNMOG2026010214381357793,TOPPINGS NƯỚC SIZE M,0,14,VNMOD20260728120859016081,🏐Nhãn Nhục,40000,1
VNITE2026063018433037860,Trà Xoài (M),VNCAT2025121001483672601,TRÀ TRÁI CÂY,59000,1,,,VNMOG2026010214381357793,TOPPINGS NƯỚC SIZE M,0,14,VNMOD20260728120859024399,🍄Nấm Tuyết,30000,1
VNITE2026063018433037860,Trà Xoài (M),VNCAT2025121001483672601,TRÀ TRÁI CÂY,59000,1,,,VNMOG2026010214381357793,TOPPINGS NƯỚC SIZE M,0,14,VNMOD20260728120859035219,🫗Nhựa Đào,30000,1
VNITE2026063018433037860,Trà Xoài (M),VNCAT2025121001483672601,TRÀ TRÁI CÂY,59000,1,,,VNMOG2026010214381357793,TOPPINGS NƯỚC SIZE M,0,14,VNMOD20260525094214016070,🌼Vàng Lá,20000,1
VNITE2026063018433037860,Trà Xoài (M),VNCAT2025121001483672601,TRÀ TRÁI CÂY,59000,1,,,VNMOG2026010214381357793,TOPPINGS NƯỚC SIZE M,0,14,VNMOD20260525094214029352,🍭Kẹo Mút Xốp,20000,1
VNITE2026063018433037860,Trà Xoài (M),VNCAT2025121001483672601,TRÀ TRÁI CÂY,59000,1,,,VNMOG2026010214381357793,TOPPINGS NƯỚC SIZE M,0,14,VNMOD20260520121848014884,☕️Thạch Cafe,15000,1
VNITE2026063018433037860,Trà Xoài (M),VNCAT2025121001483672601,TRÀ TRÁI CÂY,59000,1,,,VNMOG2026010214381357793,TOPPINGS NƯỚC SIZE M,0,14,VNMOD20260509171133012746,🍑Thạch Dừa Vị Đào,15000,1
VNITE2026063018433037860,Trà Xoài (M),VNCAT2025121001483672601,TRÀ TRÁI CÂY,59000,1,,,VNMOG2026010214381357793,TOPPINGS NƯỚC SIZE M,0,14,VNMOD20260509171133025336,🩶Hạt Chia,10000,1
VNITE2026063018433037860,Trà Xoài (M),VNCAT2025121001483672601,TRÀ TRÁI CÂY,59000,1,,,VNMOG2026010214381357793,TOPPINGS NƯỚC SIZE M,0,14,VNMOD20260520121848024526,🍑Mochi Đào,30000,1
VNITE2026063018433037860,Trà Xoài (M),VNCAT2025121001483672601,TRÀ TRÁI CÂY,59000,1,,,VNMOG2026010214381357793,TOPPINGS NƯỚC SIZE M,0,14,VNMOD20260102143813012309,⚪️Khúc Bạch,30000,1
VNITE2026063018433037860,Trà Xoài (M),VNCAT2025121001483672601,TRÀ TRÁI CÂY,59000,1,,,VNMOG2026010214381357793,TOPPINGS NƯỚC SIZE M,0,14,VNMOD20260102143813021051,🖤Sương Sáo,15000,1
VNITE2026063018433037860,Trà Xoài (M),VNCAT2025121001483672601,TRÀ TRÁI CÂY,59000,1,,,VNMOG2026010214381357793,TOPPINGS NƯỚC SIZE M,0,14,VNMOD20260102143813035207,🍵Thạch Matcha,15000,1
VNITE2026063018433037860,Trà Xoài (M),VNCAT2025121001483672601,TRÀ TRÁI CÂY,59000,1,,,VNMOG2026010214381357793,TOPPINGS NƯỚC SIZE M,0,14,VNMOD20260102143813047639,🍀Thạch Nha Đam,20000,1
VNITE2026063018433037860,Trà Xoài (M),VNCAT2025121001483672601,TRÀ TRÁI CÂY,59000,1,,,VNMOG2026010214381357793,TOPPINGS NƯỚC SIZE M,0,14,VNMOD20260102143813069685,🫧Trân Châu Trắng,15000,1
VNITE2026063018433037860,Trà Xoài (M),VNCAT2025121001483672601,TRÀ TRÁI CÂY,59000,1,,,VNMOG2026010214381357793,TOPPINGS NƯỚC SIZE M,0,14,VNMOD20260128094817012683,💜Hạt Nổ Khoai Môn,30000,1
VNITE2026063018433037860,Trà Xoài (M),VNCAT2025121001483672601,TRÀ TRÁI CÂY,59000,1,,,VNMOG2026010214381357793,TOPPINGS NƯỚC SIZE M,0,14,VNMOD20260102143813118751,🍮Kem Flan,50000,1
VNITE2026063018433037860,Trà Xoài (M),VNCAT2025121001483672601,TRÀ TRÁI CÂY,59000,1,,,VNMOG2026010214381357793,TOPPINGS NƯỚC SIZE M,0,14,VNMOD20260102143813120730,🧂Kem Muối,15000,1
VNITE2026063018433037860,Trà Xoài (M),VNCAT2025121001483672601,TRÀ TRÁI CÂY,59000,1,,,VNMOG2026040205120434503,TRÂN CHÂU HẠT NỔ SIZE M,0,7,VNMOD20260509171054013175,🍈Trân Châu Nổ Dưa Lưới M,25000,1
VNITE2026063018433037860,Trà Xoài (M),VNCAT2025121001483672601,TRÀ TRÁI CÂY,59000,1,,,VNMOG2026040205120434503,TRÂN CHÂU HẠT NỔ SIZE M,0,7,VNMOD20260509171054029404,🥝Trân Châu Nổ Kiwi M,25000,1
VNITE2026063018433037860,Trà Xoài (M),VNCAT2025121001483672601,TRÀ TRÁI CÂY,59000,1,,,VNMOG2026040205120434503,TRÂN CHÂU HẠT NỔ SIZE M,0,7,VNMOD20260402051204015377,🍇Trân Châu Nổ Nho M,25000,1
VNITE2026063018433037860,Trà Xoài (M),VNCAT2025121001483672601,TRÀ TRÁI CÂY,59000,1,,,VNMOG2026040205120434503,TRÂN CHÂU HẠT NỔ SIZE M,0,7,VNMOD20260402051204027788,🫐Trân Châu Nổ Việt Quất M,25000,1
VNITE2026063018433037860,Trà Xoài (M),VNCAT2025121001483672601,TRÀ TRÁI CÂY,59000,1,,,VNMOG2026040205120434503,TRÂN CHÂU HẠT NỔ SIZE M,0,7,VNMOD20260402051204039633,🍓Trân Châu Nổ Dâu Tây M,25000,1
VNITE2026063018433037860,Trà Xoài (M),VNCAT2025121001483672601,TRÀ TRÁI CÂY,59000,1,,,VNMOG2026040205120434503,TRÂN CHÂU HẠT NỔ SIZE M,0,7,VNMOD20260402051204042483,🍑Trân Châu Nổ Đào M,25000,1
VNITE2026063018433037860,Trà Xoài (M),VNCAT2025121001483672601,TRÀ TRÁI CÂY,59000,1,,,VNMOG2026040205120434503,TRÂN CHÂU HẠT NỔ SIZE M,0,7,VNMOD20260402051204050121,🫙Trân Châu Nổ Sữa Chua M,25000,1
VNITE2026063018433037860,Trà Xoài (M),VNCAT2025121001483672601,TRÀ TRÁI CÂY,59000,1,,,VNMOG2026010213175723002,MỨC ĐÁ,1,1,VNMOD20260102131757039130,0% Đá,0,1
VNITE2026063018433037860,Trà Xoài (M),VNCAT2025121001483672601,TRÀ TRÁI CÂY,59000,1,,,VNMOG2026010213175723002,MỨC ĐÁ,1,1,VNMOD20260102131757021927,50% Đá,0,1
VNITE2026063018433037860,Trà Xoài (M),VNCAT2025121001483672601,TRÀ TRÁI CÂY,59000,1,,,VNMOG2026010213175723002,MỨC ĐÁ,1,1,VNMOD20260102131757017020,100% Đá,0,1
VNITE2026063018433037860,Trà Xoài (M),VNCAT2025121001483672601,TRÀ TRÁI CÂY,59000,1,,,VNMOG2026010213175723002,MỨC ĐÁ,1,1,VNMOD20260102131757048225,Đá Riêng Đựng Túi Zip,5000,1
VNITE2026063018433037860,Trà Xoài (M),VNCAT2025121001483672601,TRÀ TRÁI CÂY,59000,1,,,VNMOG2026010213141935691,MỨC ĐƯỜNG,1,1,VNMOD20260102131419014497,0% Sugar Level,0,1
VNITE2026063018433037860,Trà Xoài (M),VNCAT2025121001483672601,TRÀ TRÁI CÂY,59000,1,,,VNMOG2026010213141935691,MỨC ĐƯỜNG,1,1,VNMOD20260102131419029122,25% Sugar Level,0,1
VNITE2026063018433037860,Trà Xoài (M),VNCAT2025121001483672601,TRÀ TRÁI CÂY,59000,1,,,VNMOG2026010213141935691,MỨC ĐƯỜNG,1,1,VNMOD20260102131419033486,50% Sugar Level,0,1
VNITE2026063018433037860,Trà Xoài (M),VNCAT2025121001483672601,TRÀ TRÁI CÂY,59000,1,,,VNMOG2026010213141935691,MỨC ĐƯỜNG,1,1,VNMOD20260102131419040560,75% Sugar Level,0,1
VNITE2026063018433037860,Trà Xoài (M),VNCAT2025121001483672601,TRÀ TRÁI CÂY,59000,1,,,VNMOG2026010213141935691,MỨC ĐƯỜNG,1,1,VNMOD20260102131419052459,100% Sugar Level,0,1
VNITE2025122901290914679,Trà Ổi Đào (L),VNCAT2025121001483672601,TRÀ TRÁI CÂY,69000,1,,,VNMOG2026063019062792408,TOPPINGS NƯỚC SIZE L,0,14,VNMOD20260728120958018426,🫗Nhựa Đào,40000,1
VNITE2025122901290914679,Trà Ổi Đào (L),VNCAT2025121001483672601,TRÀ TRÁI CÂY,69000,1,,,VNMOG2026063019062792408,TOPPINGS NƯỚC SIZE L,0,14,VNMOD20260728120958024241,🍄Nấm Tuyết,40000,1
VNITE2025122901290914679,Trà Ổi Đào (L),VNCAT2025121001483672601,TRÀ TRÁI CÂY,69000,1,,,VNMOG2026063019062792408,TOPPINGS NƯỚC SIZE L,0,14,VNMOD20260728120958033950,🏐Nhãn Nhục,50000,1
VNITE2025122901290914679,Trà Ổi Đào (L),VNCAT2025121001483672601,TRÀ TRÁI CÂY,69000,1,,,VNMOG2026063019062792408,TOPPINGS NƯỚC SIZE L,0,14,VNMOD20260630190628016741,🌼Vàng Lá,20000,1
VNITE2025122901290914679,Trà Ổi Đào (L),VNCAT2025121001483672601,TRÀ TRÁI CÂY,69000,1,,,VNMOG2026063019062792408,TOPPINGS NƯỚC SIZE L,0,14,VNMOD20260630190628024121,🍭Kẹo Mút Xốp,20000,1
VNITE2025122901290914679,Trà Ổi Đào (L),VNCAT2025121001483672601,TRÀ TRÁI CÂY,69000,1,,,VNMOG2026063019062792408,TOPPINGS NƯỚC SIZE L,0,14,VNMOD20260630190628033861,☕️Thạch Cafe,20000,1
VNITE2025122901290914679,Trà Ổi Đào (L),VNCAT2025121001483672601,TRÀ TRÁI CÂY,69000,1,,,VNMOG2026063019062792408,TOPPINGS NƯỚC SIZE L,0,14,VNMOD20260630190628046181,🍑Thạch Dừa Vị Đào,20000,1
VNITE2025122901290914679,Trà Ổi Đào (L),VNCAT2025121001483672601,TRÀ TRÁI CÂY,69000,1,,,VNMOG2026063019062792408,TOPPINGS NƯỚC SIZE L,0,14,VNMOD20260630190628057865,🩶Hạt Chia,15000,1
VNITE2025122901290914679,Trà Ổi Đào (L),VNCAT2025121001483672601,TRÀ TRÁI CÂY,69000,1,,,VNMOG2026063019062792408,TOPPINGS NƯỚC SIZE L,0,14,VNMOD20260630190628062501,🍑Mochi Đào,30000,1
VNITE2025122901290914679,Trà Ổi Đào (L),VNCAT2025121001483672601,TRÀ TRÁI CÂY,69000,1,,,VNMOG2026063019062792408,TOPPINGS NƯỚC SIZE L,0,14,VNMOD20260630190628075255,⚪️Khúc Bạch,35000,1
VNITE2025122901290914679,Trà Ổi Đào (L),VNCAT2025121001483672601,TRÀ TRÁI CÂY,69000,1,,,VNMOG2026063019062792408,TOPPINGS NƯỚC SIZE L,0,14,VNMOD20260630190628086001,🖤Sương Sáo,20000,1
VNITE2025122901290914679,Trà Ổi Đào (L),VNCAT2025121001483672601,TRÀ TRÁI CÂY,69000,1,,,VNMOG2026063019062792408,TOPPINGS NƯỚC SIZE L,0,14,VNMOD20260630190628097471,🍵Thạch Matcha,20000,1
VNITE2025122901290914679,Trà Ổi Đào (L),VNCAT2025121001483672601,TRÀ TRÁI CÂY,69000,1,,,VNMOG2026063019062792408,TOPPINGS NƯỚC SIZE L,0,14,VNMOD20260630190628109200,🍀Thạch Nha Đam,25000,1
VNITE2025122901290914679,Trà Ổi Đào (L),VNCAT2025121001483672601,TRÀ TRÁI CÂY,69000,1,,,VNMOG2026063019062792408,TOPPINGS NƯỚC SIZE L,0,14,VNMOD20260630190628119022,🧋Trân Châu Trắng,20000,1
VNITE2025122901290914679,Trà Ổi Đào (L),VNCAT2025121001483672601,TRÀ TRÁI CÂY,69000,1,,,VNMOG2026063019062792408,TOPPINGS NƯỚC SIZE L,0,14,VNMOD20260630190628120791,💜Hạt Nổ Khoai Môn,40000,1
VNITE2025122901290914679,Trà Ổi Đào (L),VNCAT2025121001483672601,TRÀ TRÁI CÂY,69000,1,,,VNMOG2026063019062792408,TOPPINGS NƯỚC SIZE L,0,14,VNMOD20260630190628134965,🍮Kem Flan,50000,1
VNITE2025122901290914679,Trà Ổi Đào (L),VNCAT2025121001483672601,TRÀ TRÁI CÂY,69000,1,,,VNMOG2026063019062792408,TOPPINGS NƯỚC SIZE L,0,14,VNMOD20260630190628148911,🧂Kem Muối,20000,1
VNITE2025122901290914679,Trà Ổi Đào (L),VNCAT2025121001483672601,TRÀ TRÁI CÂY,69000,1,,,VNMOG2026063018560291224,TRÂN CHÂU HẠT NỔ SIZE L,0,7,VNMOD20260630185602010509,🍈Trân Châu Nổ Dưa Lưới L,35000,1
VNITE2025122901290914679,Trà Ổi Đào (L),VNCAT2025121001483672601,TRÀ TRÁI CÂY,69000,1,,,VNMOG2026063018560291224,TRÂN CHÂU HẠT NỔ SIZE L,0,7,VNMOD20260701203137011333,🍇Trân Châu Nổ Nho L,35000,1
VNITE2025122901290914679,Trà Ổi Đào (L),VNCAT2025121001483672601,TRÀ TRÁI CÂY,69000,1,,,VNMOG2026063018560291224,TRÂN CHÂU HẠT NỔ SIZE L,0,7,VNMOD20260630185602024752,🫐Trân Châu Nổ Việt Quất L,35000,1
VNITE2025122901290914679,Trà Ổi Đào (L),VNCAT2025121001483672601,TRÀ TRÁI CÂY,69000,1,,,VNMOG2026063018560291224,TRÂN CHÂU HẠT NỔ SIZE L,0,7,VNMOD20260630185602039482,🍓Trân Châu Nổ Dâu Tây L,35000,1
VNITE2025122901290914679,Trà Ổi Đào (L),VNCAT2025121001483672601,TRÀ TRÁI CÂY,69000,1,,,VNMOG2026063018560291224,TRÂN CHÂU HẠT NỔ SIZE L,0,7,VNMOD20260701203137028578,🥝Trân Châu Nổ Kiwi L,35000,1
VNITE2025122901290914679,Trà Ổi Đào (L),VNCAT2025121001483672601,TRÀ TRÁI CÂY,69000,1,,,VNMOG2026063018560291224,TRÂN CHÂU HẠT NỔ SIZE L,0,7,VNMOD20260630185602041378,🍑Trân Châu Nổ Đào L,35000,1
VNITE2025122901290914679,Trà Ổi Đào (L),VNCAT2025121001483672601,TRÀ TRÁI CÂY,69000,1,,,VNMOG2026063018560291224,TRÂN CHÂU HẠT NỔ SIZE L,0,7,VNMOD20260630185602051732,🫙Trân Châu Nổ Sữa Chua L,35000,1
VNITE2025122901290914679,Trà Ổi Đào (L),VNCAT2025121001483672601,TRÀ TRÁI CÂY,69000,1,,,VNMOG2026010213141935691,MỨC ĐƯỜNG,1,1,VNMOD20260102131419014497,0% Sugar Level,0,1
VNITE2025122901290914679,Trà Ổi Đào (L),VNCAT2025121001483672601,TRÀ TRÁI CÂY,69000,1,,,VNMOG2026010213141935691,MỨC ĐƯỜNG,1,1,VNMOD20260102131419029122,25% Sugar Level,0,1
VNITE2025122901290914679,Trà Ổi Đào (L),VNCAT2025121001483672601,TRÀ TRÁI CÂY,69000,1,,,VNMOG2026010213141935691,MỨC ĐƯỜNG,1,1,VNMOD20260102131419033486,50% Sugar Level,0,1
VNITE2025122901290914679,Trà Ổi Đào (L),VNCAT2025121001483672601,TRÀ TRÁI CÂY,69000,1,,,VNMOG2026010213141935691,MỨC ĐƯỜNG,1,1,VNMOD20260102131419040560,75% Sugar Level,0,1
VNITE2025122901290914679,Trà Ổi Đào (L),VNCAT2025121001483672601,TRÀ TRÁI CÂY,69000,1,,,VNMOG2026010213141935691,MỨC ĐƯỜNG,1,1,VNMOD20260102131419052459,100% Sugar Level,0,1
VNITE2025122901290914679,Trà Ổi Đào (L),VNCAT2025121001483672601,TRÀ TRÁI CÂY,69000,1,,,VNMOG2026010213175723002,MỨC ĐÁ,1,1,VNMOD20260102131757039130,0% Đá,0,1
VNITE2025122901290914679,Trà Ổi Đào (L),VNCAT2025121001483672601,TRÀ TRÁI CÂY,69000,1,,,VNMOG2026010213175723002,MỨC ĐÁ,1,1,VNMOD20260102131757021927,50% Đá,0,1
VNITE2025122901290914679,Trà Ổi Đào (L),VNCAT2025121001483672601,TRÀ TRÁI CÂY,69000,1,,,VNMOG2026010213175723002,MỨC ĐÁ,1,1,VNMOD20260102131757017020,100% Đá,0,1
VNITE2025122901290914679,Trà Ổi Đào (L),VNCAT2025121001483672601,TRÀ TRÁI CÂY,69000,1,,,VNMOG2026010213175723002,MỨC ĐÁ,1,1,VNMOD20260102131757048225,Đá Riêng Đựng Túi Zip,5000,1
VNITE2026063018441393082,Trà Ổi Đào (M),VNCAT2025121001483672601,TRÀ TRÁI CÂY,59000,1,,,VNMOG2026040205120434503,TRÂN CHÂU HẠT NỔ SIZE M,0,7,VNMOD20260509171054013175,🍈Trân Châu Nổ Dưa Lưới M,25000,1
VNITE2026063018441393082,Trà Ổi Đào (M),VNCAT2025121001483672601,TRÀ TRÁI CÂY,59000,1,,,VNMOG2026040205120434503,TRÂN CHÂU HẠT NỔ SIZE M,0,7,VNMOD20260509171054029404,🥝Trân Châu Nổ Kiwi M,25000,1
VNITE2026063018441393082,Trà Ổi Đào (M),VNCAT2025121001483672601,TRÀ TRÁI CÂY,59000,1,,,VNMOG2026040205120434503,TRÂN CHÂU HẠT NỔ SIZE M,0,7,VNMOD20260402051204015377,🍇Trân Châu Nổ Nho M,25000,1
VNITE2026063018441393082,Trà Ổi Đào (M),VNCAT2025121001483672601,TRÀ TRÁI CÂY,59000,1,,,VNMOG2026040205120434503,TRÂN CHÂU HẠT NỔ SIZE M,0,7,VNMOD20260402051204027788,🫐Trân Châu Nổ Việt Quất M,25000,1
VNITE2026063018441393082,Trà Ổi Đào (M),VNCAT2025121001483672601,TRÀ TRÁI CÂY,59000,1,,,VNMOG2026040205120434503,TRÂN CHÂU HẠT NỔ SIZE M,0,7,VNMOD20260402051204039633,🍓Trân Châu Nổ Dâu Tây M,25000,1
VNITE2026063018441393082,Trà Ổi Đào (M),VNCAT2025121001483672601,TRÀ TRÁI CÂY,59000,1,,,VNMOG2026040205120434503,TRÂN CHÂU HẠT NỔ SIZE M,0,7,VNMOD20260402051204042483,🍑Trân Châu Nổ Đào M,25000,1
VNITE2026063018441393082,Trà Ổi Đào (M),VNCAT2025121001483672601,TRÀ TRÁI CÂY,59000,1,,,VNMOG2026040205120434503,TRÂN CHÂU HẠT NỔ SIZE M,0,7,VNMOD20260402051204050121,🫙Trân Châu Nổ Sữa Chua M,25000,1
VNITE2026063018441393082,Trà Ổi Đào (M),VNCAT2025121001483672601,TRÀ TRÁI CÂY,59000,1,,,VNMOG2026010214381357793,TOPPINGS NƯỚC SIZE M,0,14,VNMOD20260728120859016081,🏐Nhãn Nhục,40000,1
VNITE2026063018441393082,Trà Ổi Đào (M),VNCAT2025121001483672601,TRÀ TRÁI CÂY,59000,1,,,VNMOG2026010214381357793,TOPPINGS NƯỚC SIZE M,0,14,VNMOD20260728120859024399,🍄Nấm Tuyết,30000,1
VNITE2026063018441393082,Trà Ổi Đào (M),VNCAT2025121001483672601,TRÀ TRÁI CÂY,59000,1,,,VNMOG2026010214381357793,TOPPINGS NƯỚC SIZE M,0,14,VNMOD20260728120859035219,🫗Nhựa Đào,30000,1
VNITE2026063018441393082,Trà Ổi Đào (M),VNCAT2025121001483672601,TRÀ TRÁI CÂY,59000,1,,,VNMOG2026010214381357793,TOPPINGS NƯỚC SIZE M,0,14,VNMOD20260525094214016070,🌼Vàng Lá,20000,1
VNITE2026063018441393082,Trà Ổi Đào (M),VNCAT2025121001483672601,TRÀ TRÁI CÂY,59000,1,,,VNMOG2026010214381357793,TOPPINGS NƯỚC SIZE M,0,14,VNMOD20260525094214029352,🍭Kẹo Mút Xốp,20000,1
VNITE2026063018441393082,Trà Ổi Đào (M),VNCAT2025121001483672601,TRÀ TRÁI CÂY,59000,1,,,VNMOG2026010214381357793,TOPPINGS NƯỚC SIZE M,0,14,VNMOD20260520121848014884,☕️Thạch Cafe,15000,1
VNITE2026063018441393082,Trà Ổi Đào (M),VNCAT2025121001483672601,TRÀ TRÁI CÂY,59000,1,,,VNMOG2026010214381357793,TOPPINGS NƯỚC SIZE M,0,14,VNMOD20260509171133012746,🍑Thạch Dừa Vị Đào,15000,1
VNITE2026063018441393082,Trà Ổi Đào (M),VNCAT2025121001483672601,TRÀ TRÁI CÂY,59000,1,,,VNMOG2026010214381357793,TOPPINGS NƯỚC SIZE M,0,14,VNMOD20260509171133025336,🩶Hạt Chia,10000,1
VNITE2026063018441393082,Trà Ổi Đào (M),VNCAT2025121001483672601,TRÀ TRÁI CÂY,59000,1,,,VNMOG2026010214381357793,TOPPINGS NƯỚC SIZE M,0,14,VNMOD20260520121848024526,🍑Mochi Đào,30000,1
VNITE2026063018441393082,Trà Ổi Đào (M),VNCAT2025121001483672601,TRÀ TRÁI CÂY,59000,1,,,VNMOG2026010214381357793,TOPPINGS NƯỚC SIZE M,0,14,VNMOD20260102143813012309,⚪️Khúc Bạch,30000,1
VNITE2026063018441393082,Trà Ổi Đào (M),VNCAT2025121001483672601,TRÀ TRÁI CÂY,59000,1,,,VNMOG2026010214381357793,TOPPINGS NƯỚC SIZE M,0,14,VNMOD20260102143813021051,🖤Sương Sáo,15000,1
VNITE2026063018441393082,Trà Ổi Đào (M),VNCAT2025121001483672601,TRÀ TRÁI CÂY,59000,1,,,VNMOG2026010214381357793,TOPPINGS NƯỚC SIZE M,0,14,VNMOD20260102143813035207,🍵Thạch Matcha,15000,1
VNITE2026063018441393082,Trà Ổi Đào (M),VNCAT2025121001483672601,TRÀ TRÁI CÂY,59000,1,,,VNMOG2026010214381357793,TOPPINGS NƯỚC SIZE M,0,14,VNMOD20260102143813047639,🍀Thạch Nha Đam,20000,1
VNITE2026063018441393082,Trà Ổi Đào (M),VNCAT2025121001483672601,TRÀ TRÁI CÂY,59000,1,,,VNMOG2026010214381357793,TOPPINGS NƯỚC SIZE M,0,14,VNMOD20260102143813069685,🫧Trân Châu Trắng,15000,1
VNITE2026063018441393082,Trà Ổi Đào (M),VNCAT2025121001483672601,TRÀ TRÁI CÂY,59000,1,,,VNMOG2026010214381357793,TOPPINGS NƯỚC SIZE M,0,14,VNMOD20260128094817012683,💜Hạt Nổ Khoai Môn,30000,1
VNITE2026063018441393082,Trà Ổi Đào (M),VNCAT2025121001483672601,TRÀ TRÁI CÂY,59000,1,,,VNMOG2026010214381357793,TOPPINGS NƯỚC SIZE M,0,14,VNMOD20260102143813118751,🍮Kem Flan,50000,1
VNITE2026063018441393082,Trà Ổi Đào (M),VNCAT2025121001483672601,TRÀ TRÁI CÂY,59000,1,,,VNMOG2026010214381357793,TOPPINGS NƯỚC SIZE M,0,14,VNMOD20260102143813120730,🧂Kem Muối,15000,1
VNITE2026063018441393082,Trà Ổi Đào (M),VNCAT2025121001483672601,TRÀ TRÁI CÂY,59000,1,,,VNMOG2026010213175723002,MỨC ĐÁ,1,1,VNMOD20260102131757039130,0% Đá,0,1
VNITE2026063018441393082,Trà Ổi Đào (M),VNCAT2025121001483672601,TRÀ TRÁI CÂY,59000,1,,,VNMOG2026010213175723002,MỨC ĐÁ,1,1,VNMOD20260102131757021927,50% Đá,0,1
VNITE2026063018441393082,Trà Ổi Đào (M),VNCAT2025121001483672601,TRÀ TRÁI CÂY,59000,1,,,VNMOG2026010213175723002,MỨC ĐÁ,1,1,VNMOD20260102131757017020,100% Đá,0,1
VNITE2026063018441393082,Trà Ổi Đào (M),VNCAT2025121001483672601,TRÀ TRÁI CÂY,59000,1,,,VNMOG2026010213175723002,MỨC ĐÁ,1,1,VNMOD20260102131757048225,Đá Riêng Đựng Túi Zip,5000,1
VNITE2026063018441393082,Trà Ổi Đào (M),VNCAT2025121001483672601,TRÀ TRÁI CÂY,59000,1,,,VNMOG2026010213141935691,MỨC ĐƯỜNG,1,1,VNMOD20260102131419014497,0% Sugar Level,0,1
VNITE2026063018441393082,Trà Ổi Đào (M),VNCAT2025121001483672601,TRÀ TRÁI CÂY,59000,1,,,VNMOG2026010213141935691,MỨC ĐƯỜNG,1,1,VNMOD20260102131419029122,25% Sugar Level,0,1
VNITE2026063018441393082,Trà Ổi Đào (M),VNCAT2025121001483672601,TRÀ TRÁI CÂY,59000,1,,,VNMOG2026010213141935691,MỨC ĐƯỜNG,1,1,VNMOD20260102131419033486,50% Sugar Level,0,1
VNITE2026063018441393082,Trà Ổi Đào (M),VNCAT2025121001483672601,TRÀ TRÁI CÂY,59000,1,,,VNMOG2026010213141935691,MỨC ĐƯỜNG,1,1,VNMOD20260102131419040560,75% Sugar Level,0,1
VNITE2026063018441393082,Trà Ổi Đào (M),VNCAT2025121001483672601,TRÀ TRÁI CÂY,59000,1,,,VNMOG2026010213141935691,MỨC ĐƯỜNG,1,1,VNMOD20260102131419052459,100% Sugar Level,0,1
VNITE20251210014836013013,Trà Đào Cam Sả (L),VNCAT2025121001483672601,TRÀ TRÁI CÂY,69000,1,,,VNMOG2026063019062792408,TOPPINGS NƯỚC SIZE L,0,14,VNMOD20260728120958018426,🫗Nhựa Đào,40000,1
VNITE20251210014836013013,Trà Đào Cam Sả (L),VNCAT2025121001483672601,TRÀ TRÁI CÂY,69000,1,,,VNMOG2026063019062792408,TOPPINGS NƯỚC SIZE L,0,14,VNMOD20260728120958024241,🍄Nấm Tuyết,40000,1
VNITE20251210014836013013,Trà Đào Cam Sả (L),VNCAT2025121001483672601,TRÀ TRÁI CÂY,69000,1,,,VNMOG2026063019062792408,TOPPINGS NƯỚC SIZE L,0,14,VNMOD20260728120958033950,🏐Nhãn Nhục,50000,1
VNITE20251210014836013013,Trà Đào Cam Sả (L),VNCAT2025121001483672601,TRÀ TRÁI CÂY,69000,1,,,VNMOG2026063019062792408,TOPPINGS NƯỚC SIZE L,0,14,VNMOD20260630190628016741,🌼Vàng Lá,20000,1
VNITE20251210014836013013,Trà Đào Cam Sả (L),VNCAT2025121001483672601,TRÀ TRÁI CÂY,69000,1,,,VNMOG2026063019062792408,TOPPINGS NƯỚC SIZE L,0,14,VNMOD20260630190628024121,🍭Kẹo Mút Xốp,20000,1
VNITE20251210014836013013,Trà Đào Cam Sả (L),VNCAT2025121001483672601,TRÀ TRÁI CÂY,69000,1,,,VNMOG2026063019062792408,TOPPINGS NƯỚC SIZE L,0,14,VNMOD20260630190628033861,☕️Thạch Cafe,20000,1
VNITE20251210014836013013,Trà Đào Cam Sả (L),VNCAT2025121001483672601,TRÀ TRÁI CÂY,69000,1,,,VNMOG2026063019062792408,TOPPINGS NƯỚC SIZE L,0,14,VNMOD20260630190628046181,🍑Thạch Dừa Vị Đào,20000,1
VNITE20251210014836013013,Trà Đào Cam Sả (L),VNCAT2025121001483672601,TRÀ TRÁI CÂY,69000,1,,,VNMOG2026063019062792408,TOPPINGS NƯỚC SIZE L,0,14,VNMOD20260630190628057865,🩶Hạt Chia,15000,1
VNITE20251210014836013013,Trà Đào Cam Sả (L),VNCAT2025121001483672601,TRÀ TRÁI CÂY,69000,1,,,VNMOG2026063019062792408,TOPPINGS NƯỚC SIZE L,0,14,VNMOD20260630190628062501,🍑Mochi Đào,30000,1
VNITE20251210014836013013,Trà Đào Cam Sả (L),VNCAT2025121001483672601,TRÀ TRÁI CÂY,69000,1,,,VNMOG2026063019062792408,TOPPINGS NƯỚC SIZE L,0,14,VNMOD20260630190628075255,⚪️Khúc Bạch,35000,1
VNITE20251210014836013013,Trà Đào Cam Sả (L),VNCAT2025121001483672601,TRÀ TRÁI CÂY,69000,1,,,VNMOG2026063019062792408,TOPPINGS NƯỚC SIZE L,0,14,VNMOD20260630190628086001,🖤Sương Sáo,20000,1
VNITE20251210014836013013,Trà Đào Cam Sả (L),VNCAT2025121001483672601,TRÀ TRÁI CÂY,69000,1,,,VNMOG2026063019062792408,TOPPINGS NƯỚC SIZE L,0,14,VNMOD20260630190628097471,🍵Thạch Matcha,20000,1
VNITE20251210014836013013,Trà Đào Cam Sả (L),VNCAT2025121001483672601,TRÀ TRÁI CÂY,69000,1,,,VNMOG2026063019062792408,TOPPINGS NƯỚC SIZE L,0,14,VNMOD20260630190628109200,🍀Thạch Nha Đam,25000,1
VNITE20251210014836013013,Trà Đào Cam Sả (L),VNCAT2025121001483672601,TRÀ TRÁI CÂY,69000,1,,,VNMOG2026063019062792408,TOPPINGS NƯỚC SIZE L,0,14,VNMOD20260630190628119022,🧋Trân Châu Trắng,20000,1
VNITE20251210014836013013,Trà Đào Cam Sả (L),VNCAT2025121001483672601,TRÀ TRÁI CÂY,69000,1,,,VNMOG2026063019062792408,TOPPINGS NƯỚC SIZE L,0,14,VNMOD20260630190628120791,💜Hạt Nổ Khoai Môn,40000,1
VNITE20251210014836013013,Trà Đào Cam Sả (L),VNCAT2025121001483672601,TRÀ TRÁI CÂY,69000,1,,,VNMOG2026063019062792408,TOPPINGS NƯỚC SIZE L,0,14,VNMOD20260630190628134965,🍮Kem Flan,50000,1
VNITE20251210014836013013,Trà Đào Cam Sả (L),VNCAT2025121001483672601,TRÀ TRÁI CÂY,69000,1,,,VNMOG2026063019062792408,TOPPINGS NƯỚC SIZE L,0,14,VNMOD20260630190628148911,🧂Kem Muối,20000,1
VNITE20251210014836013013,Trà Đào Cam Sả (L),VNCAT2025121001483672601,TRÀ TRÁI CÂY,69000,1,,,VNMOG2026063018560291224,TRÂN CHÂU HẠT NỔ SIZE L,0,7,VNMOD20260630185602010509,🍈Trân Châu Nổ Dưa Lưới L,35000,1
VNITE20251210014836013013,Trà Đào Cam Sả (L),VNCAT2025121001483672601,TRÀ TRÁI CÂY,69000,1,,,VNMOG2026063018560291224,TRÂN CHÂU HẠT NỔ SIZE L,0,7,VNMOD20260701203137011333,🍇Trân Châu Nổ Nho L,35000,1
VNITE20251210014836013013,Trà Đào Cam Sả (L),VNCAT2025121001483672601,TRÀ TRÁI CÂY,69000,1,,,VNMOG2026063018560291224,TRÂN CHÂU HẠT NỔ SIZE L,0,7,VNMOD20260630185602024752,🫐Trân Châu Nổ Việt Quất L,35000,1
VNITE20251210014836013013,Trà Đào Cam Sả (L),VNCAT2025121001483672601,TRÀ TRÁI CÂY,69000,1,,,VNMOG2026063018560291224,TRÂN CHÂU HẠT NỔ SIZE L,0,7,VNMOD20260630185602039482,🍓Trân Châu Nổ Dâu Tây L,35000,1
VNITE20251210014836013013,Trà Đào Cam Sả (L),VNCAT2025121001483672601,TRÀ TRÁI CÂY,69000,1,,,VNMOG2026063018560291224,TRÂN CHÂU HẠT NỔ SIZE L,0,7,VNMOD20260701203137028578,🥝Trân Châu Nổ Kiwi L,35000,1
VNITE20251210014836013013,Trà Đào Cam Sả (L),VNCAT2025121001483672601,TRÀ TRÁI CÂY,69000,1,,,VNMOG2026063018560291224,TRÂN CHÂU HẠT NỔ SIZE L,0,7,VNMOD20260630185602041378,🍑Trân Châu Nổ Đào L,35000,1
VNITE20251210014836013013,Trà Đào Cam Sả (L),VNCAT2025121001483672601,TRÀ TRÁI CÂY,69000,1,,,VNMOG2026063018560291224,TRÂN CHÂU HẠT NỔ SIZE L,0,7,VNMOD20260630185602051732,🫙Trân Châu Nổ Sữa Chua L,35000,1
VNITE20251210014836013013,Trà Đào Cam Sả (L),VNCAT2025121001483672601,TRÀ TRÁI CÂY,69000,1,,,VNMOG2026010213141935691,MỨC ĐƯỜNG,1,1,VNMOD20260102131419014497,0% Sugar Level,0,1
VNITE20251210014836013013,Trà Đào Cam Sả (L),VNCAT2025121001483672601,TRÀ TRÁI CÂY,69000,1,,,VNMOG2026010213141935691,MỨC ĐƯỜNG,1,1,VNMOD20260102131419029122,25% Sugar Level,0,1
VNITE20251210014836013013,Trà Đào Cam Sả (L),VNCAT2025121001483672601,TRÀ TRÁI CÂY,69000,1,,,VNMOG2026010213141935691,MỨC ĐƯỜNG,1,1,VNMOD20260102131419033486,50% Sugar Level,0,1
VNITE20251210014836013013,Trà Đào Cam Sả (L),VNCAT2025121001483672601,TRÀ TRÁI CÂY,69000,1,,,VNMOG2026010213141935691,MỨC ĐƯỜNG,1,1,VNMOD20260102131419040560,75% Sugar Level,0,1
VNITE20251210014836013013,Trà Đào Cam Sả (L),VNCAT2025121001483672601,TRÀ TRÁI CÂY,69000,1,,,VNMOG2026010213141935691,MỨC ĐƯỜNG,1,1,VNMOD20260102131419052459,100% Sugar Level,0,1
VNITE20251210014836013013,Trà Đào Cam Sả (L),VNCAT2025121001483672601,TRÀ TRÁI CÂY,69000,1,,,VNMOG2026010213175723002,MỨC ĐÁ,1,1,VNMOD20260102131757039130,0% Đá,0,1
VNITE20251210014836013013,Trà Đào Cam Sả (L),VNCAT2025121001483672601,TRÀ TRÁI CÂY,69000,1,,,VNMOG2026010213175723002,MỨC ĐÁ,1,1,VNMOD20260102131757021927,50% Đá,0,1
VNITE20251210014836013013,Trà Đào Cam Sả (L),VNCAT2025121001483672601,TRÀ TRÁI CÂY,69000,1,,,VNMOG2026010213175723002,MỨC ĐÁ,1,1,VNMOD20260102131757017020,100% Đá,0,1
VNITE20251210014836013013,Trà Đào Cam Sả (L),VNCAT2025121001483672601,TRÀ TRÁI CÂY,69000,1,,,VNMOG2026010213175723002,MỨC ĐÁ,1,1,VNMOD20260102131757048225,Đá Riêng Đựng Túi Zip,5000,1
VNITE2026063018373047902,Trà Đào Cam Sả (M),VNCAT2025121001483672601,TRÀ TRÁI CÂY,59000,1,,,VNMOG2026040205120434503,TRÂN CHÂU HẠT NỔ SIZE M,0,7,VNMOD20260509171054013175,🍈Trân Châu Nổ Dưa Lưới M,25000,1
VNITE2026063018373047902,Trà Đào Cam Sả (M),VNCAT2025121001483672601,TRÀ TRÁI CÂY,59000,1,,,VNMOG2026040205120434503,TRÂN CHÂU HẠT NỔ SIZE M,0,7,VNMOD20260509171054029404,🥝Trân Châu Nổ Kiwi M,25000,1
VNITE2026063018373047902,Trà Đào Cam Sả (M),VNCAT2025121001483672601,TRÀ TRÁI CÂY,59000,1,,,VNMOG2026040205120434503,TRÂN CHÂU HẠT NỔ SIZE M,0,7,VNMOD20260402051204015377,🍇Trân Châu Nổ Nho M,25000,1
VNITE2026063018373047902,Trà Đào Cam Sả (M),VNCAT2025121001483672601,TRÀ TRÁI CÂY,59000,1,,,VNMOG2026040205120434503,TRÂN CHÂU HẠT NỔ SIZE M,0,7,VNMOD20260402051204027788,🫐Trân Châu Nổ Việt Quất M,25000,1
VNITE2026063018373047902,Trà Đào Cam Sả (M),VNCAT2025121001483672601,TRÀ TRÁI CÂY,59000,1,,,VNMOG2026040205120434503,TRÂN CHÂU HẠT NỔ SIZE M,0,7,VNMOD20260402051204039633,🍓Trân Châu Nổ Dâu Tây M,25000,1
VNITE2026063018373047902,Trà Đào Cam Sả (M),VNCAT2025121001483672601,TRÀ TRÁI CÂY,59000,1,,,VNMOG2026040205120434503,TRÂN CHÂU HẠT NỔ SIZE M,0,7,VNMOD20260402051204042483,🍑Trân Châu Nổ Đào M,25000,1
VNITE2026063018373047902,Trà Đào Cam Sả (M),VNCAT2025121001483672601,TRÀ TRÁI CÂY,59000,1,,,VNMOG2026040205120434503,TRÂN CHÂU HẠT NỔ SIZE M,0,7,VNMOD20260402051204050121,🫙Trân Châu Nổ Sữa Chua M,25000,1
VNITE2026063018373047902,Trà Đào Cam Sả (M),VNCAT2025121001483672601,TRÀ TRÁI CÂY,59000,1,,,VNMOG2026010214381357793,TOPPINGS NƯỚC SIZE M,0,14,VNMOD20260728120859016081,🏐Nhãn Nhục,40000,1
VNITE2026063018373047902,Trà Đào Cam Sả (M),VNCAT2025121001483672601,TRÀ TRÁI CÂY,59000,1,,,VNMOG2026010214381357793,TOPPINGS NƯỚC SIZE M,0,14,VNMOD20260728120859024399,🍄Nấm Tuyết,30000,1
VNITE2026063018373047902,Trà Đào Cam Sả (M),VNCAT2025121001483672601,TRÀ TRÁI CÂY,59000,1,,,VNMOG2026010214381357793,TOPPINGS NƯỚC SIZE M,0,14,VNMOD20260728120859035219,🫗Nhựa Đào,30000,1
VNITE2026063018373047902,Trà Đào Cam Sả (M),VNCAT2025121001483672601,TRÀ TRÁI CÂY,59000,1,,,VNMOG2026010214381357793,TOPPINGS NƯỚC SIZE M,0,14,VNMOD20260525094214016070,🌼Vàng Lá,20000,1
VNITE2026063018373047902,Trà Đào Cam Sả (M),VNCAT2025121001483672601,TRÀ TRÁI CÂY,59000,1,,,VNMOG2026010214381357793,TOPPINGS NƯỚC SIZE M,0,14,VNMOD20260525094214029352,🍭Kẹo Mút Xốp,20000,1
VNITE2026063018373047902,Trà Đào Cam Sả (M),VNCAT2025121001483672601,TRÀ TRÁI CÂY,59000,1,,,VNMOG2026010214381357793,TOPPINGS NƯỚC SIZE M,0,14,VNMOD20260520121848014884,☕️Thạch Cafe,15000,1
VNITE2026063018373047902,Trà Đào Cam Sả (M),VNCAT2025121001483672601,TRÀ TRÁI CÂY,59000,1,,,VNMOG2026010214381357793,TOPPINGS NƯỚC SIZE M,0,14,VNMOD20260509171133012746,🍑Thạch Dừa Vị Đào,15000,1
VNITE2026063018373047902,Trà Đào Cam Sả (M),VNCAT2025121001483672601,TRÀ TRÁI CÂY,59000,1,,,VNMOG2026010214381357793,TOPPINGS NƯỚC SIZE M,0,14,VNMOD20260509171133025336,🩶Hạt Chia,10000,1
VNITE2026063018373047902,Trà Đào Cam Sả (M),VNCAT2025121001483672601,TRÀ TRÁI CÂY,59000,1,,,VNMOG2026010214381357793,TOPPINGS NƯỚC SIZE M,0,14,VNMOD20260520121848024526,🍑Mochi Đào,30000,1
VNITE2026063018373047902,Trà Đào Cam Sả (M),VNCAT2025121001483672601,TRÀ TRÁI CÂY,59000,1,,,VNMOG2026010214381357793,TOPPINGS NƯỚC SIZE M,0,14,VNMOD20260102143813012309,⚪️Khúc Bạch,30000,1
VNITE2026063018373047902,Trà Đào Cam Sả (M),VNCAT2025121001483672601,TRÀ TRÁI CÂY,59000,1,,,VNMOG2026010214381357793,TOPPINGS NƯỚC SIZE M,0,14,VNMOD20260102143813021051,🖤Sương Sáo,15000,1
VNITE2026063018373047902,Trà Đào Cam Sả (M),VNCAT2025121001483672601,TRÀ TRÁI CÂY,59000,1,,,VNMOG2026010214381357793,TOPPINGS NƯỚC SIZE M,0,14,VNMOD20260102143813035207,🍵Thạch Matcha,15000,1
VNITE2026063018373047902,Trà Đào Cam Sả (M),VNCAT2025121001483672601,TRÀ TRÁI CÂY,59000,1,,,VNMOG2026010214381357793,TOPPINGS NƯỚC SIZE M,0,14,VNMOD20260102143813047639,🍀Thạch Nha Đam,20000,1
VNITE2026063018373047902,Trà Đào Cam Sả (M),VNCAT2025121001483672601,TRÀ TRÁI CÂY,59000,1,,,VNMOG2026010214381357793,TOPPINGS NƯỚC SIZE M,0,14,VNMOD20260102143813069685,🫧Trân Châu Trắng,15000,1
VNITE2026063018373047902,Trà Đào Cam Sả (M),VNCAT2025121001483672601,TRÀ TRÁI CÂY,59000,1,,,VNMOG2026010214381357793,TOPPINGS NƯỚC SIZE M,0,14,VNMOD20260128094817012683,💜Hạt Nổ Khoai Môn,30000,1
VNITE2026063018373047902,Trà Đào Cam Sả (M),VNCAT2025121001483672601,TRÀ TRÁI CÂY,59000,1,,,VNMOG2026010214381357793,TOPPINGS NƯỚC SIZE M,0,14,VNMOD20260102143813118751,🍮Kem Flan,50000,1
VNITE2026063018373047902,Trà Đào Cam Sả (M),VNCAT2025121001483672601,TRÀ TRÁI CÂY,59000,1,,,VNMOG2026010214381357793,TOPPINGS NƯỚC SIZE M,0,14,VNMOD20260102143813120730,🧂Kem Muối,15000,1
VNITE2026063018373047902,Trà Đào Cam Sả (M),VNCAT2025121001483672601,TRÀ TRÁI CÂY,59000,1,,,VNMOG2026010213175723002,MỨC ĐÁ,1,1,VNMOD20260102131757039130,0% Đá,0,1
VNITE2026063018373047902,Trà Đào Cam Sả (M),VNCAT2025121001483672601,TRÀ TRÁI CÂY,59000,1,,,VNMOG2026010213175723002,MỨC ĐÁ,1,1,VNMOD20260102131757021927,50% Đá,0,1
VNITE2026063018373047902,Trà Đào Cam Sả (M),VNCAT2025121001483672601,TRÀ TRÁI CÂY,59000,1,,,VNMOG2026010213175723002,MỨC ĐÁ,1,1,VNMOD20260102131757017020,100% Đá,0,1
VNITE2026063018373047902,Trà Đào Cam Sả (M),VNCAT2025121001483672601,TRÀ TRÁI CÂY,59000,1,,,VNMOG2026010213175723002,MỨC ĐÁ,1,1,VNMOD20260102131757048225,Đá Riêng Đựng Túi Zip,5000,1
VNITE2026063018373047902,Trà Đào Cam Sả (M),VNCAT2025121001483672601,TRÀ TRÁI CÂY,59000,1,,,VNMOG2026010213141935691,MỨC ĐƯỜNG,1,1,VNMOD20260102131419014497,0% Sugar Level,0,1
VNITE2026063018373047902,Trà Đào Cam Sả (M),VNCAT2025121001483672601,TRÀ TRÁI CÂY,59000,1,,,VNMOG2026010213141935691,MỨC ĐƯỜNG,1,1,VNMOD20260102131419029122,25% Sugar Level,0,1
VNITE2026063018373047902,Trà Đào Cam Sả (M),VNCAT2025121001483672601,TRÀ TRÁI CÂY,59000,1,,,VNMOG2026010213141935691,MỨC ĐƯỜNG,1,1,VNMOD20260102131419033486,50% Sugar Level,0,1
VNITE2026063018373047902,Trà Đào Cam Sả (M),VNCAT2025121001483672601,TRÀ TRÁI CÂY,59000,1,,,VNMOG2026010213141935691,MỨC ĐƯỜNG,1,1,VNMOD20260102131419040560,75% Sugar Level,0,1
VNITE2026063018373047902,Trà Đào Cam Sả (M),VNCAT2025121001483672601,TRÀ TRÁI CÂY,59000,1,,,VNMOG2026010213141935691,MỨC ĐƯỜNG,1,1,VNMOD20260102131419052459,100% Sugar Level,0,1
VNITE20251210014836053763,Trà Dưa Lưới (L),VNCAT2025121001483672601,TRÀ TRÁI CÂY,69000,1,,,VNMOG2026063019062792408,TOPPINGS NƯỚC SIZE L,0,14,VNMOD20260728120958018426,🫗Nhựa Đào,40000,1
VNITE20251210014836053763,Trà Dưa Lưới (L),VNCAT2025121001483672601,TRÀ TRÁI CÂY,69000,1,,,VNMOG2026063019062792408,TOPPINGS NƯỚC SIZE L,0,14,VNMOD20260728120958024241,🍄Nấm Tuyết,40000,1
VNITE20251210014836053763,Trà Dưa Lưới (L),VNCAT2025121001483672601,TRÀ TRÁI CÂY,69000,1,,,VNMOG2026063019062792408,TOPPINGS NƯỚC SIZE L,0,14,VNMOD20260728120958033950,🏐Nhãn Nhục,50000,1
VNITE20251210014836053763,Trà Dưa Lưới (L),VNCAT2025121001483672601,TRÀ TRÁI CÂY,69000,1,,,VNMOG2026063019062792408,TOPPINGS NƯỚC SIZE L,0,14,VNMOD20260630190628016741,🌼Vàng Lá,20000,1
VNITE20251210014836053763,Trà Dưa Lưới (L),VNCAT2025121001483672601,TRÀ TRÁI CÂY,69000,1,,,VNMOG2026063019062792408,TOPPINGS NƯỚC SIZE L,0,14,VNMOD20260630190628024121,🍭Kẹo Mút Xốp,20000,1
VNITE20251210014836053763,Trà Dưa Lưới (L),VNCAT2025121001483672601,TRÀ TRÁI CÂY,69000,1,,,VNMOG2026063019062792408,TOPPINGS NƯỚC SIZE L,0,14,VNMOD20260630190628033861,☕️Thạch Cafe,20000,1
VNITE20251210014836053763,Trà Dưa Lưới (L),VNCAT2025121001483672601,TRÀ TRÁI CÂY,69000,1,,,VNMOG2026063019062792408,TOPPINGS NƯỚC SIZE L,0,14,VNMOD20260630190628046181,🍑Thạch Dừa Vị Đào,20000,1
VNITE20251210014836053763,Trà Dưa Lưới (L),VNCAT2025121001483672601,TRÀ TRÁI CÂY,69000,1,,,VNMOG2026063019062792408,TOPPINGS NƯỚC SIZE L,0,14,VNMOD20260630190628057865,🩶Hạt Chia,15000,1
VNITE20251210014836053763,Trà Dưa Lưới (L),VNCAT2025121001483672601,TRÀ TRÁI CÂY,69000,1,,,VNMOG2026063019062792408,TOPPINGS NƯỚC SIZE L,0,14,VNMOD20260630190628062501,🍑Mochi Đào,30000,1
VNITE20251210014836053763,Trà Dưa Lưới (L),VNCAT2025121001483672601,TRÀ TRÁI CÂY,69000,1,,,VNMOG2026063019062792408,TOPPINGS NƯỚC SIZE L,0,14,VNMOD20260630190628075255,⚪️Khúc Bạch,35000,1
VNITE20251210014836053763,Trà Dưa Lưới (L),VNCAT2025121001483672601,TRÀ TRÁI CÂY,69000,1,,,VNMOG2026063019062792408,TOPPINGS NƯỚC SIZE L,0,14,VNMOD20260630190628086001,🖤Sương Sáo,20000,1
VNITE20251210014836053763,Trà Dưa Lưới (L),VNCAT2025121001483672601,TRÀ TRÁI CÂY,69000,1,,,VNMOG2026063019062792408,TOPPINGS NƯỚC SIZE L,0,14,VNMOD20260630190628097471,🍵Thạch Matcha,20000,1
VNITE20251210014836053763,Trà Dưa Lưới (L),VNCAT2025121001483672601,TRÀ TRÁI CÂY,69000,1,,,VNMOG2026063019062792408,TOPPINGS NƯỚC SIZE L,0,14,VNMOD20260630190628109200,🍀Thạch Nha Đam,25000,1
VNITE20251210014836053763,Trà Dưa Lưới (L),VNCAT2025121001483672601,TRÀ TRÁI CÂY,69000,1,,,VNMOG2026063019062792408,TOPPINGS NƯỚC SIZE L,0,14,VNMOD20260630190628119022,🧋Trân Châu Trắng,20000,1
VNITE20251210014836053763,Trà Dưa Lưới (L),VNCAT2025121001483672601,TRÀ TRÁI CÂY,69000,1,,,VNMOG2026063019062792408,TOPPINGS NƯỚC SIZE L,0,14,VNMOD20260630190628120791,💜Hạt Nổ Khoai Môn,40000,1
VNITE20251210014836053763,Trà Dưa Lưới (L),VNCAT2025121001483672601,TRÀ TRÁI CÂY,69000,1,,,VNMOG2026063019062792408,TOPPINGS NƯỚC SIZE L,0,14,VNMOD20260630190628134965,🍮Kem Flan,50000,1
VNITE20251210014836053763,Trà Dưa Lưới (L),VNCAT2025121001483672601,TRÀ TRÁI CÂY,69000,1,,,VNMOG2026063019062792408,TOPPINGS NƯỚC SIZE L,0,14,VNMOD20260630190628148911,🧂Kem Muối,20000,1
VNITE20251210014836053763,Trà Dưa Lưới (L),VNCAT2025121001483672601,TRÀ TRÁI CÂY,69000,1,,,VNMOG2026063018560291224,TRÂN CHÂU HẠT NỔ SIZE L,0,7,VNMOD20260630185602010509,🍈Trân Châu Nổ Dưa Lưới L,35000,1
VNITE20251210014836053763,Trà Dưa Lưới (L),VNCAT2025121001483672601,TRÀ TRÁI CÂY,69000,1,,,VNMOG2026063018560291224,TRÂN CHÂU HẠT NỔ SIZE L,0,7,VNMOD20260701203137011333,🍇Trân Châu Nổ Nho L,35000,1
VNITE20251210014836053763,Trà Dưa Lưới (L),VNCAT2025121001483672601,TRÀ TRÁI CÂY,69000,1,,,VNMOG2026063018560291224,TRÂN CHÂU HẠT NỔ SIZE L,0,7,VNMOD20260630185602024752,🫐Trân Châu Nổ Việt Quất L,35000,1
VNITE20251210014836053763,Trà Dưa Lưới (L),VNCAT2025121001483672601,TRÀ TRÁI CÂY,69000,1,,,VNMOG2026063018560291224,TRÂN CHÂU HẠT NỔ SIZE L,0,7,VNMOD20260630185602039482,🍓Trân Châu Nổ Dâu Tây L,35000,1
VNITE20251210014836053763,Trà Dưa Lưới (L),VNCAT2025121001483672601,TRÀ TRÁI CÂY,69000,1,,,VNMOG2026063018560291224,TRÂN CHÂU HẠT NỔ SIZE L,0,7,VNMOD20260701203137028578,🥝Trân Châu Nổ Kiwi L,35000,1
VNITE20251210014836053763,Trà Dưa Lưới (L),VNCAT2025121001483672601,TRÀ TRÁI CÂY,69000,1,,,VNMOG2026063018560291224,TRÂN CHÂU HẠT NỔ SIZE L,0,7,VNMOD20260630185602041378,🍑Trân Châu Nổ Đào L,35000,1
VNITE20251210014836053763,Trà Dưa Lưới (L),VNCAT2025121001483672601,TRÀ TRÁI CÂY,69000,1,,,VNMOG2026063018560291224,TRÂN CHÂU HẠT NỔ SIZE L,0,7,VNMOD20260630185602051732,🫙Trân Châu Nổ Sữa Chua L,35000,1
VNITE20251210014836053763,Trà Dưa Lưới (L),VNCAT2025121001483672601,TRÀ TRÁI CÂY,69000,1,,,VNMOG2026010213141935691,MỨC ĐƯỜNG,1,1,VNMOD20260102131419014497,0% Sugar Level,0,1
VNITE20251210014836053763,Trà Dưa Lưới (L),VNCAT2025121001483672601,TRÀ TRÁI CÂY,69000,1,,,VNMOG2026010213141935691,MỨC ĐƯỜNG,1,1,VNMOD20260102131419029122,25% Sugar Level,0,1
VNITE20251210014836053763,Trà Dưa Lưới (L),VNCAT2025121001483672601,TRÀ TRÁI CÂY,69000,1,,,VNMOG2026010213141935691,MỨC ĐƯỜNG,1,1,VNMOD20260102131419033486,50% Sugar Level,0,1
VNITE20251210014836053763,Trà Dưa Lưới (L),VNCAT2025121001483672601,TRÀ TRÁI CÂY,69000,1,,,VNMOG2026010213141935691,MỨC ĐƯỜNG,1,1,VNMOD20260102131419040560,75% Sugar Level,0,1
VNITE20251210014836053763,Trà Dưa Lưới (L),VNCAT2025121001483672601,TRÀ TRÁI CÂY,69000,1,,,VNMOG2026010213141935691,MỨC ĐƯỜNG,1,1,VNMOD20260102131419052459,100% Sugar Level,0,1
VNITE20251210014836053763,Trà Dưa Lưới (L),VNCAT2025121001483672601,TRÀ TRÁI CÂY,69000,1,,,VNMOG2026010213175723002,MỨC ĐÁ,1,1,VNMOD20260102131757039130,0% Đá,0,1
VNITE20251210014836053763,Trà Dưa Lưới (L),VNCAT2025121001483672601,TRÀ TRÁI CÂY,69000,1,,,VNMOG2026010213175723002,MỨC ĐÁ,1,1,VNMOD20260102131757021927,50% Đá,0,1
VNITE20251210014836053763,Trà Dưa Lưới (L),VNCAT2025121001483672601,TRÀ TRÁI CÂY,69000,1,,,VNMOG2026010213175723002,MỨC ĐÁ,1,1,VNMOD20260102131757017020,100% Đá,0,1
VNITE20251210014836053763,Trà Dưa Lưới (L),VNCAT2025121001483672601,TRÀ TRÁI CÂY,69000,1,,,VNMOG2026010213175723002,MỨC ĐÁ,1,1,VNMOD20260102131757048225,Đá Riêng Đựng Túi Zip,5000,1
VNITE2026063018401713949,Trà Dưa Lưới (M),VNCAT2025121001483672601,TRÀ TRÁI CÂY,59000,1,,,VNMOG2026010214381357793,TOPPINGS NƯỚC SIZE M,0,14,VNMOD20260728120859016081,🏐Nhãn Nhục,40000,1
VNITE2026063018401713949,Trà Dưa Lưới (M),VNCAT2025121001483672601,TRÀ TRÁI CÂY,59000,1,,,VNMOG2026010214381357793,TOPPINGS NƯỚC SIZE M,0,14,VNMOD20260728120859024399,🍄Nấm Tuyết,30000,1
VNITE2026063018401713949,Trà Dưa Lưới (M),VNCAT2025121001483672601,TRÀ TRÁI CÂY,59000,1,,,VNMOG2026010214381357793,TOPPINGS NƯỚC SIZE M,0,14,VNMOD20260728120859035219,🫗Nhựa Đào,30000,1
VNITE2026063018401713949,Trà Dưa Lưới (M),VNCAT2025121001483672601,TRÀ TRÁI CÂY,59000,1,,,VNMOG2026010214381357793,TOPPINGS NƯỚC SIZE M,0,14,VNMOD20260525094214016070,🌼Vàng Lá,20000,1
VNITE2026063018401713949,Trà Dưa Lưới (M),VNCAT2025121001483672601,TRÀ TRÁI CÂY,59000,1,,,VNMOG2026010214381357793,TOPPINGS NƯỚC SIZE M,0,14,VNMOD20260525094214029352,🍭Kẹo Mút Xốp,20000,1
VNITE2026063018401713949,Trà Dưa Lưới (M),VNCAT2025121001483672601,TRÀ TRÁI CÂY,59000,1,,,VNMOG2026010214381357793,TOPPINGS NƯỚC SIZE M,0,14,VNMOD20260520121848014884,☕️Thạch Cafe,15000,1
VNITE2026063018401713949,Trà Dưa Lưới (M),VNCAT2025121001483672601,TRÀ TRÁI CÂY,59000,1,,,VNMOG2026010214381357793,TOPPINGS NƯỚC SIZE M,0,14,VNMOD20260509171133012746,🍑Thạch Dừa Vị Đào,15000,1
VNITE2026063018401713949,Trà Dưa Lưới (M),VNCAT2025121001483672601,TRÀ TRÁI CÂY,59000,1,,,VNMOG2026010214381357793,TOPPINGS NƯỚC SIZE M,0,14,VNMOD20260509171133025336,🩶Hạt Chia,10000,1
VNITE2026063018401713949,Trà Dưa Lưới (M),VNCAT2025121001483672601,TRÀ TRÁI CÂY,59000,1,,,VNMOG2026010214381357793,TOPPINGS NƯỚC SIZE M,0,14,VNMOD20260520121848024526,🍑Mochi Đào,30000,1
VNITE2026063018401713949,Trà Dưa Lưới (M),VNCAT2025121001483672601,TRÀ TRÁI CÂY,59000,1,,,VNMOG2026010214381357793,TOPPINGS NƯỚC SIZE M,0,14,VNMOD20260102143813012309,⚪️Khúc Bạch,30000,1
VNITE2026063018401713949,Trà Dưa Lưới (M),VNCAT2025121001483672601,TRÀ TRÁI CÂY,59000,1,,,VNMOG2026010214381357793,TOPPINGS NƯỚC SIZE M,0,14,VNMOD20260102143813021051,🖤Sương Sáo,15000,1
VNITE2026063018401713949,Trà Dưa Lưới (M),VNCAT2025121001483672601,TRÀ TRÁI CÂY,59000,1,,,VNMOG2026010214381357793,TOPPINGS NƯỚC SIZE M,0,14,VNMOD20260102143813035207,🍵Thạch Matcha,15000,1
VNITE2026063018401713949,Trà Dưa Lưới (M),VNCAT2025121001483672601,TRÀ TRÁI CÂY,59000,1,,,VNMOG2026010214381357793,TOPPINGS NƯỚC SIZE M,0,14,VNMOD20260102143813047639,🍀Thạch Nha Đam,20000,1
VNITE2026063018401713949,Trà Dưa Lưới (M),VNCAT2025121001483672601,TRÀ TRÁI CÂY,59000,1,,,VNMOG2026010214381357793,TOPPINGS NƯỚC SIZE M,0,14,VNMOD20260102143813069685,🫧Trân Châu Trắng,15000,1
VNITE2026063018401713949,Trà Dưa Lưới (M),VNCAT2025121001483672601,TRÀ TRÁI CÂY,59000,1,,,VNMOG2026010214381357793,TOPPINGS NƯỚC SIZE M,0,14,VNMOD20260128094817012683,💜Hạt Nổ Khoai Môn,30000,1
VNITE2026063018401713949,Trà Dưa Lưới (M),VNCAT2025121001483672601,TRÀ TRÁI CÂY,59000,1,,,VNMOG2026010214381357793,TOPPINGS NƯỚC SIZE M,0,14,VNMOD20260102143813118751,🍮Kem Flan,50000,1
VNITE2026063018401713949,Trà Dưa Lưới (M),VNCAT2025121001483672601,TRÀ TRÁI CÂY,59000,1,,,VNMOG2026010214381357793,TOPPINGS NƯỚC SIZE M,0,14,VNMOD20260102143813120730,🧂Kem Muối,15000,1
VNITE2026063018401713949,Trà Dưa Lưới (M),VNCAT2025121001483672601,TRÀ TRÁI CÂY,59000,1,,,VNMOG2026040205120434503,TRÂN CHÂU HẠT NỔ SIZE M,0,7,VNMOD20260509171054013175,🍈Trân Châu Nổ Dưa Lưới M,25000,1
VNITE2026063018401713949,Trà Dưa Lưới (M),VNCAT2025121001483672601,TRÀ TRÁI CÂY,59000,1,,,VNMOG2026040205120434503,TRÂN CHÂU HẠT NỔ SIZE M,0,7,VNMOD20260509171054029404,🥝Trân Châu Nổ Kiwi M,25000,1
VNITE2026063018401713949,Trà Dưa Lưới (M),VNCAT2025121001483672601,TRÀ TRÁI CÂY,59000,1,,,VNMOG2026040205120434503,TRÂN CHÂU HẠT NỔ SIZE M,0,7,VNMOD20260402051204015377,🍇Trân Châu Nổ Nho M,25000,1
VNITE2026063018401713949,Trà Dưa Lưới (M),VNCAT2025121001483672601,TRÀ TRÁI CÂY,59000,1,,,VNMOG2026040205120434503,TRÂN CHÂU HẠT NỔ SIZE M,0,7,VNMOD20260402051204027788,🫐Trân Châu Nổ Việt Quất M,25000,1
VNITE2026063018401713949,Trà Dưa Lưới (M),VNCAT2025121001483672601,TRÀ TRÁI CÂY,59000,1,,,VNMOG2026040205120434503,TRÂN CHÂU HẠT NỔ SIZE M,0,7,VNMOD20260402051204039633,🍓Trân Châu Nổ Dâu Tây M,25000,1
VNITE2026063018401713949,Trà Dưa Lưới (M),VNCAT2025121001483672601,TRÀ TRÁI CÂY,59000,1,,,VNMOG2026040205120434503,TRÂN CHÂU HẠT NỔ SIZE M,0,7,VNMOD20260402051204042483,🍑Trân Châu Nổ Đào M,25000,1
VNITE2026063018401713949,Trà Dưa Lưới (M),VNCAT2025121001483672601,TRÀ TRÁI CÂY,59000,1,,,VNMOG2026040205120434503,TRÂN CHÂU HẠT NỔ SIZE M,0,7,VNMOD20260402051204050121,🫙Trân Châu Nổ Sữa Chua M,25000,1
VNITE2026063018401713949,Trà Dưa Lưới (M),VNCAT2025121001483672601,TRÀ TRÁI CÂY,59000,1,,,VNMOG2026010213175723002,MỨC ĐÁ,1,1,VNMOD20260102131757039130,0% Đá,0,1
VNITE2026063018401713949,Trà Dưa Lưới (M),VNCAT2025121001483672601,TRÀ TRÁI CÂY,59000,1,,,VNMOG2026010213175723002,MỨC ĐÁ,1,1,VNMOD20260102131757021927,50% Đá,0,1
VNITE2026063018401713949,Trà Dưa Lưới (M),VNCAT2025121001483672601,TRÀ TRÁI CÂY,59000,1,,,VNMOG2026010213175723002,MỨC ĐÁ,1,1,VNMOD20260102131757017020,100% Đá,0,1
VNITE2026063018401713949,Trà Dưa Lưới (M),VNCAT2025121001483672601,TRÀ TRÁI CÂY,59000,1,,,VNMOG2026010213175723002,MỨC ĐÁ,1,1,VNMOD20260102131757048225,Đá Riêng Đựng Túi Zip,5000,1
VNITE2026063018401713949,Trà Dưa Lưới (M),VNCAT2025121001483672601,TRÀ TRÁI CÂY,59000,1,,,VNMOG2026010213141935691,MỨC ĐƯỜNG,1,1,VNMOD20260102131419014497,0% Sugar Level,0,1
VNITE2026063018401713949,Trà Dưa Lưới (M),VNCAT2025121001483672601,TRÀ TRÁI CÂY,59000,1,,,VNMOG2026010213141935691,MỨC ĐƯỜNG,1,1,VNMOD20260102131419029122,25% Sugar Level,0,1
VNITE2026063018401713949,Trà Dưa Lưới (M),VNCAT2025121001483672601,TRÀ TRÁI CÂY,59000,1,,,VNMOG2026010213141935691,MỨC ĐƯỜNG,1,1,VNMOD20260102131419033486,50% Sugar Level,0,1
VNITE2026063018401713949,Trà Dưa Lưới (M),VNCAT2025121001483672601,TRÀ TRÁI CÂY,59000,1,,,VNMOG2026010213141935691,MỨC ĐƯỜNG,1,1,VNMOD20260102131419040560,75% Sugar Level,0,1
VNITE2026063018401713949,Trà Dưa Lưới (M),VNCAT2025121001483672601,TRÀ TRÁI CÂY,59000,1,,,VNMOG2026010213141935691,MỨC ĐƯỜNG,1,1,VNMOD20260102131419052459,100% Sugar Level,0,1
VNITE2026031405082048275,Xúc Xích Đức,VNCAT2026031405005963117,XÚC XÍCH ĐONG ĐẦY,135000,1,,,VNMOG2026070803473211824,COMBO KHĂN ƯỚT & BAO TAY,1,1,VNMOD20260708034732010781,Không. Cám Ơn,0,1
VNITE2026031405082048275,Xúc Xích Đức,VNCAT2026031405005963117,XÚC XÍCH ĐONG ĐẦY,135000,1,,,VNMOG2026070803473211824,COMBO KHĂN ƯỚT & BAO TAY,1,1,VNMOD20260708034732023117,🙌Combo Khăn Ướt  + Bao Tay,5000,1
VNITE2026031405082048275,Xúc Xích Đức,VNCAT2026031405005963117,XÚC XÍCH ĐONG ĐẦY,135000,1,,,VNMOG2026063019195479132,GÓI TƯƠNG THÊM,0,4,VNMOD20260630191954016076,1 Gói Tương Cà Cholimex,3000,1
VNITE2026031405082048275,Xúc Xích Đức,VNCAT2026031405005963117,XÚC XÍCH ĐONG ĐẦY,135000,1,,,VNMOG2026063019195479132,GÓI TƯƠNG THÊM,0,4,VNMOD20260630191954029712,1 Gói Tương Ớt Cholimex,3000,1
VNITE2026031405082048275,Xúc Xích Đức,VNCAT2026031405005963117,XÚC XÍCH ĐONG ĐẦY,135000,1,,,VNMOG2026063019195479132,GÓI TƯƠNG THÊM,0,4,VNMOD20260630191954031348,2 Gói Tương Cà Cholimex,5000,1
VNITE2026031405082048275,Xúc Xích Đức,VNCAT2026031405005963117,XÚC XÍCH ĐONG ĐẦY,135000,1,,,VNMOG2026063019195479132,GÓI TƯƠNG THÊM,0,4,VNMOD20260630191954042594,2 Gói Tương Ớt Cholimex,5000,1
VNITE2026031405082048275,Xúc Xích Đức,VNCAT2026031405005963117,XÚC XÍCH ĐONG ĐẦY,135000,1,,,VNMOG2026022017410483937,SỐT KÈM THÊM,0,7,VNMOD20260531193050012723,🖤Sốt Tiêu Đen,30000,1
VNITE2026031405082048275,Xúc Xích Đức,VNCAT2026031405005963117,XÚC XÍCH ĐONG ĐẦY,135000,1,,,VNMOG2026022017410483937,SỐT KÈM THÊM,0,7,VNMOD20260515170708010036,🌶️Sốt Ớt Mật Ong,10000,1
VNITE2026031405082048275,Xúc Xích Đức,VNCAT2026031405005963117,XÚC XÍCH ĐONG ĐẦY,135000,1,,,VNMOG2026022017410483937,SỐT KÈM THÊM,0,7,VNMOD20260515165657017246,🍯Sốt BBQ,25000,1
VNITE2026031405082048275,Xúc Xích Đức,VNCAT2026031405005963117,XÚC XÍCH ĐONG ĐẦY,135000,1,,,VNMOG2026022017410483937,SỐT KÈM THÊM,0,7,VNMOD20260310163342013292,🍄‍🟫Sốt Nấm Truffle,50000,1
VNITE2026031405082048275,Xúc Xích Đức,VNCAT2026031405005963117,XÚC XÍCH ĐONG ĐẦY,135000,1,,,VNMOG2026022017410483937,SỐT KÈM THÊM,0,7,VNMOD20260317054657015610,🧡Sốt Đong Đầy,20000,1
VNITE2026031405082048275,Xúc Xích Đức,VNCAT2026031405005963117,XÚC XÍCH ĐONG ĐẦY,135000,1,,,VNMOG2026022017410483937,SỐT KÈM THÊM,0,7,VNMOD20260222071411018874,🧀Sốt Phô Mai,20000,1
VNITE2026031405082048275,Xúc Xích Đức,VNCAT2026031405005963117,XÚC XÍCH ĐONG ĐẦY,135000,1,,,VNMOG2026022017410483937,SỐT KÈM THÊM,0,7,VNMOD20260220174104019245,🧈Sốt Mayonnaise,10000,1
